[0.070s] DEBUG:colcon:Command line arguments: ['/usr/bin/colcon', 'build', '--symlink-install']
[0.070s] DEBUG:colcon:Parsed command line arguments: Namespace(log_base=None, log_level=None, verb_name='build', build_base='build', install_base='install', merge_install=False, symlink_install=True, test_result_base=None, continue_on_error=False, executor='parallel', parallel_workers=12, event_handlers=None, ignore_user_meta=False, metas=['./colcon.meta'], base_paths=['.'], packages_ignore=None, packages_ignore_regex=None, paths=None, packages_up_to=None, packages_up_to_regex=None, packages_above=None, packages_above_and_dependencies=None, packages_above_depth=None, packages_select_by_dep=None, packages_skip_by_dep=None, packages_skip_up_to=None, packages_select_build_failed=False, packages_skip_build_finished=False, packages_select_test_failures=False, packages_skip_test_passed=False, packages_select=None, packages_skip=None, packages_select_regex=None, packages_skip_regex=None, packages_start=None, packages_end=None, allow_overriding=[], cmake_args=None, cmake_target=None, cmake_target_skip_unavailable=False, cmake_clean_cache=False, cmake_clean_first=False, cmake_force_configure=False, ament_cmake_args=None, catkin_cmake_args=None, catkin_skip_building_tests=False, verb_parser=<colcon_defaults.argument_parser.defaults.DefaultArgumentsDecorator object at 0x7b4a517cc460>, verb_extension=<colcon_core.verb.build.BuildVerb object at 0x7b4a51797f10>, main=<bound method BuildVerb.main of <colcon_core.verb.build.BuildVerb object at 0x7b4a51797f10>>)
[0.222s] Level 1:colcon.colcon_core.package_discovery:discover_packages(colcon_meta) check parameters
[0.222s] Level 1:colcon.colcon_core.package_discovery:discover_packages(recursive) check parameters
[0.222s] Level 1:colcon.colcon_core.package_discovery:discover_packages(ignore) check parameters
[0.222s] Level 1:colcon.colcon_core.package_discovery:discover_packages(path) check parameters
[0.222s] Level 1:colcon.colcon_core.package_discovery:discover_packages(colcon_meta) discover
[0.222s] Level 1:colcon.colcon_core.package_discovery:discover_packages(recursive) discover
[0.222s] INFO:colcon.colcon_core.package_discovery:Crawling recursively for packages in '/home/zuhurouf/ros2_ws/tool_tracker'
[0.222s] Level 1:colcon.colcon_core.package_identification:_identify(.) by extensions ['ignore', 'ignore_ament_install']
[0.222s] Level 1:colcon.colcon_core.package_identification:_identify(.) by extension 'ignore'
[0.222s] Level 1:colcon.colcon_core.package_identification:_identify(.) by extension 'ignore_ament_install'
[0.222s] Level 1:colcon.colcon_core.package_identification:_identify(.) by extensions ['colcon_pkg']
[0.222s] Level 1:colcon.colcon_core.package_identification:_identify(.) by extension 'colcon_pkg'
[0.222s] Level 1:colcon.colcon_core.package_identification:_identify(.) by extensions ['colcon_meta']
[0.222s] Level 1:colcon.colcon_core.package_identification:_identify(.) by extension 'colcon_meta'
[0.222s] Level 1:colcon.colcon_core.package_identification:_identify(.) by extensions ['ros']
[0.222s] Level 1:colcon.colcon_core.package_identification:_identify(.) by extension 'ros'
[0.241s] Level 1:colcon.colcon_core.package_identification:_identify(.) by extensions ['cmake', 'python']
[0.241s] Level 1:colcon.colcon_core.package_identification:_identify(.) by extension 'cmake'
[0.241s] Level 1:colcon.colcon_core.package_identification:_identify(.) by extension 'python'
[0.241s] Level 1:colcon.colcon_core.package_identification:_identify(.) by extensions ['python_setup_py']
[0.241s] Level 1:colcon.colcon_core.package_identification:_identify(.) by extension 'python_setup_py'
[0.241s] Level 1:colcon.colcon_core.package_identification:_identify(build) by extensions ['ignore', 'ignore_ament_install']
[0.241s] Level 1:colcon.colcon_core.package_identification:_identify(build) by extension 'ignore'
[0.241s] Level 1:colcon.colcon_core.package_identification:_identify(build) ignored
[0.241s] Level 1:colcon.colcon_core.package_identification:_identify(install) by extensions ['ignore', 'ignore_ament_install']
[0.241s] Level 1:colcon.colcon_core.package_identification:_identify(install) by extension 'ignore'
[0.241s] Level 1:colcon.colcon_core.package_identification:_identify(install) ignored
[0.241s] Level 1:colcon.colcon_core.package_identification:_identify(log) by extensions ['ignore', 'ignore_ament_install']
[0.241s] Level 1:colcon.colcon_core.package_identification:_identify(log) by extension 'ignore'
[0.241s] Level 1:colcon.colcon_core.package_identification:_identify(log) ignored
[0.241s] Level 1:colcon.colcon_core.package_identification:_identify(src) by extensions ['ignore', 'ignore_ament_install']
[0.241s] Level 1:colcon.colcon_core.package_identification:_identify(src) by extension 'ignore'
[0.241s] Level 1:colcon.colcon_core.package_identification:_identify(src) by extension 'ignore_ament_install'
[0.241s] Level 1:colcon.colcon_core.package_identification:_identify(src) by extensions ['colcon_pkg']
[0.241s] Level 1:colcon.colcon_core.package_identification:_identify(src) by extension 'colcon_pkg'
[0.241s] Level 1:colcon.colcon_core.package_identification:_identify(src) by extensions ['colcon_meta']
[0.241s] Level 1:colcon.colcon_core.package_identification:_identify(src) by extension 'colcon_meta'
[0.242s] Level 1:colcon.colcon_core.package_identification:_identify(src) by extensions ['ros']
[0.242s] Level 1:colcon.colcon_core.package_identification:_identify(src) by extension 'ros'
[0.242s] Level 1:colcon.colcon_core.package_identification:_identify(src) by extensions ['cmake', 'python']
[0.242s] Level 1:colcon.colcon_core.package_identification:_identify(src) by extension 'cmake'
[0.242s] Level 1:colcon.colcon_core.package_identification:_identify(src) by extension 'python'
[0.242s] Level 1:colcon.colcon_core.package_identification:_identify(src) by extensions ['python_setup_py']
[0.242s] Level 1:colcon.colcon_core.package_identification:_identify(src) by extension 'python_setup_py'
[0.242s] Level 1:colcon.colcon_core.package_identification:_identify(src/external) by extensions ['ignore', 'ignore_ament_install']
[0.242s] Level 1:colcon.colcon_core.package_identification:_identify(src/external) by extension 'ignore'
[0.242s] Level 1:colcon.colcon_core.package_identification:_identify(src/external) by extension 'ignore_ament_install'
[0.242s] Level 1:colcon.colcon_core.package_identification:_identify(src/external) by extensions ['colcon_pkg']
[0.242s] Level 1:colcon.colcon_core.package_identification:_identify(src/external) by extension 'colcon_pkg'
[0.242s] Level 1:colcon.colcon_core.package_identification:_identify(src/external) by extensions ['colcon_meta']
[0.242s] Level 1:colcon.colcon_core.package_identification:_identify(src/external) by extension 'colcon_meta'
[0.242s] Level 1:colcon.colcon_core.package_identification:_identify(src/external) by extensions ['ros']
[0.242s] Level 1:colcon.colcon_core.package_identification:_identify(src/external) by extension 'ros'
[0.242s] Level 1:colcon.colcon_core.package_identification:_identify(src/external) by extensions ['cmake', 'python']
[0.242s] Level 1:colcon.colcon_core.package_identification:_identify(src/external) by extension 'cmake'
[0.242s] Level 1:colcon.colcon_core.package_identification:_identify(src/external) by extension 'python'
[0.242s] Level 1:colcon.colcon_core.package_identification:_identify(src/external) by extensions ['python_setup_py']
[0.242s] Level 1:colcon.colcon_core.package_identification:_identify(src/external) by extension 'python_setup_py'
[0.242s] Level 1:colcon.colcon_core.package_identification:_identify(src/external/open_manipulator) by extensions ['ignore', 'ignore_ament_install']
[0.242s] Level 1:colcon.colcon_core.package_identification:_identify(src/external/open_manipulator) by extension 'ignore'
[0.242s] Level 1:colcon.colcon_core.package_identification:_identify(src/external/open_manipulator) by extension 'ignore_ament_install'
[0.242s] Level 1:colcon.colcon_core.package_identification:_identify(src/external/open_manipulator) by extensions ['colcon_pkg']
[0.242s] Level 1:colcon.colcon_core.package_identification:_identify(src/external/open_manipulator) by extension 'colcon_pkg'
[0.242s] Level 1:colcon.colcon_core.package_identification:_identify(src/external/open_manipulator) by extensions ['colcon_meta']
[0.242s] Level 1:colcon.colcon_core.package_identification:_identify(src/external/open_manipulator) by extension 'colcon_meta'
[0.242s] Level 1:colcon.colcon_core.package_identification:_identify(src/external/open_manipulator) by extensions ['ros']
[0.242s] Level 1:colcon.colcon_core.package_identification:_identify(src/external/open_manipulator) by extension 'ros'
[0.242s] Level 1:colcon.colcon_core.package_identification:_identify(src/external/open_manipulator) by extensions ['cmake', 'python']
[0.242s] Level 1:colcon.colcon_core.package_identification:_identify(src/external/open_manipulator) by extension 'cmake'
[0.242s] Level 1:colcon.colcon_core.package_identification:_identify(src/external/open_manipulator) by extension 'python'
[0.242s] Level 1:colcon.colcon_core.package_identification:_identify(src/external/open_manipulator) by extensions ['python_setup_py']
[0.242s] Level 1:colcon.colcon_core.package_identification:_identify(src/external/open_manipulator) by extension 'python_setup_py'
[0.242s] Level 1:colcon.colcon_core.package_identification:_identify(src/external/open_manipulator/open_manipulator) by extensions ['ignore', 'ignore_ament_install']
[0.243s] Level 1:colcon.colcon_core.package_identification:_identify(src/external/open_manipulator/open_manipulator) by extension 'ignore'
[0.243s] Level 1:colcon.colcon_core.package_identification:_identify(src/external/open_manipulator/open_manipulator) by extension 'ignore_ament_install'
[0.243s] Level 1:colcon.colcon_core.package_identification:_identify(src/external/open_manipulator/open_manipulator) by extensions ['colcon_pkg']
[0.243s] Level 1:colcon.colcon_core.package_identification:_identify(src/external/open_manipulator/open_manipulator) by extension 'colcon_pkg'
[0.243s] Level 1:colcon.colcon_core.package_identification:_identify(src/external/open_manipulator/open_manipulator) by extensions ['colcon_meta']
[0.243s] Level 1:colcon.colcon_core.package_identification:_identify(src/external/open_manipulator/open_manipulator) by extension 'colcon_meta'
[0.243s] Level 1:colcon.colcon_core.package_identification:_identify(src/external/open_manipulator/open_manipulator) by extensions ['ros']
[0.243s] Level 1:colcon.colcon_core.package_identification:_identify(src/external/open_manipulator/open_manipulator) by extension 'ros'
[0.244s] DEBUG:colcon.colcon_core.package_identification:Package 'src/external/open_manipulator/open_manipulator' with type 'ros.ament_cmake' and name 'open_manipulator'
[0.244s] Level 1:colcon.colcon_core.package_identification:_identify(src/external/open_manipulator/open_manipulator_x_bringup) by extensions ['ignore', 'ignore_ament_install']
[0.245s] Level 1:colcon.colcon_core.package_identification:_identify(src/external/open_manipulator/open_manipulator_x_bringup) by extension 'ignore'
[0.245s] Level 1:colcon.colcon_core.package_identification:_identify(src/external/open_manipulator/open_manipulator_x_bringup) by extension 'ignore_ament_install'
[0.245s] Level 1:colcon.colcon_core.package_identification:_identify(src/external/open_manipulator/open_manipulator_x_bringup) by extensions ['colcon_pkg']
[0.245s] Level 1:colcon.colcon_core.package_identification:_identify(src/external/open_manipulator/open_manipulator_x_bringup) by extension 'colcon_pkg'
[0.245s] Level 1:colcon.colcon_core.package_identification:_identify(src/external/open_manipulator/open_manipulator_x_bringup) by extensions ['colcon_meta']
[0.245s] Level 1:colcon.colcon_core.package_identification:_identify(src/external/open_manipulator/open_manipulator_x_bringup) by extension 'colcon_meta'
[0.245s] Level 1:colcon.colcon_core.package_identification:_identify(src/external/open_manipulator/open_manipulator_x_bringup) by extensions ['ros']
[0.245s] Level 1:colcon.colcon_core.package_identification:_identify(src/external/open_manipulator/open_manipulator_x_bringup) by extension 'ros'
[0.245s] DEBUG:colcon.colcon_core.package_identification:Package 'src/external/open_manipulator/open_manipulator_x_bringup' with type 'ros.ament_cmake' and name 'open_manipulator_x_bringup'
[0.245s] Level 1:colcon.colcon_core.package_identification:_identify(src/external/open_manipulator/open_manipulator_x_description) by extensions ['ignore', 'ignore_ament_install']
[0.245s] Level 1:colcon.colcon_core.package_identification:_identify(src/external/open_manipulator/open_manipulator_x_description) by extension 'ignore'
[0.245s] Level 1:colcon.colcon_core.package_identification:_identify(src/external/open_manipulator/open_manipulator_x_description) by extension 'ignore_ament_install'
[0.245s] Level 1:colcon.colcon_core.package_identification:_identify(src/external/open_manipulator/open_manipulator_x_description) by extensions ['colcon_pkg']
[0.245s] Level 1:colcon.colcon_core.package_identification:_identify(src/external/open_manipulator/open_manipulator_x_description) by extension 'colcon_pkg'
[0.245s] Level 1:colcon.colcon_core.package_identification:_identify(src/external/open_manipulator/open_manipulator_x_description) by extensions ['colcon_meta']
[0.245s] Level 1:colcon.colcon_core.package_identification:_identify(src/external/open_manipulator/open_manipulator_x_description) by extension 'colcon_meta'
[0.245s] Level 1:colcon.colcon_core.package_identification:_identify(src/external/open_manipulator/open_manipulator_x_description) by extensions ['ros']
[0.245s] Level 1:colcon.colcon_core.package_identification:_identify(src/external/open_manipulator/open_manipulator_x_description) by extension 'ros'
[0.246s] DEBUG:colcon.colcon_core.package_identification:Package 'src/external/open_manipulator/open_manipulator_x_description' with type 'ros.ament_cmake' and name 'open_manipulator_x_description'
[0.246s] Level 1:colcon.colcon_core.package_identification:_identify(src/external/open_manipulator/open_manipulator_x_gui) by extensions ['ignore', 'ignore_ament_install']
[0.246s] Level 1:colcon.colcon_core.package_identification:_identify(src/external/open_manipulator/open_manipulator_x_gui) by extension 'ignore'
[0.246s] Level 1:colcon.colcon_core.package_identification:_identify(src/external/open_manipulator/open_manipulator_x_gui) by extension 'ignore_ament_install'
[0.246s] Level 1:colcon.colcon_core.package_identification:_identify(src/external/open_manipulator/open_manipulator_x_gui) by extensions ['colcon_pkg']
[0.246s] Level 1:colcon.colcon_core.package_identification:_identify(src/external/open_manipulator/open_manipulator_x_gui) by extension 'colcon_pkg'
[0.246s] Level 1:colcon.colcon_core.package_identification:_identify(src/external/open_manipulator/open_manipulator_x_gui) by extensions ['colcon_meta']
[0.246s] Level 1:colcon.colcon_core.package_identification:_identify(src/external/open_manipulator/open_manipulator_x_gui) by extension 'colcon_meta'
[0.246s] Level 1:colcon.colcon_core.package_identification:_identify(src/external/open_manipulator/open_manipulator_x_gui) by extensions ['ros']
[0.246s] Level 1:colcon.colcon_core.package_identification:_identify(src/external/open_manipulator/open_manipulator_x_gui) by extension 'ros'
[0.247s] DEBUG:colcon.colcon_core.package_identification:Package 'src/external/open_manipulator/open_manipulator_x_gui' with type 'ros.ament_cmake' and name 'open_manipulator_x_gui'
[0.247s] Level 1:colcon.colcon_core.package_identification:_identify(src/external/open_manipulator/open_manipulator_x_moveit_config) by extensions ['ignore', 'ignore_ament_install']
[0.247s] Level 1:colcon.colcon_core.package_identification:_identify(src/external/open_manipulator/open_manipulator_x_moveit_config) by extension 'ignore'
[0.247s] Level 1:colcon.colcon_core.package_identification:_identify(src/external/open_manipulator/open_manipulator_x_moveit_config) by extension 'ignore_ament_install'
[0.247s] Level 1:colcon.colcon_core.package_identification:_identify(src/external/open_manipulator/open_manipulator_x_moveit_config) by extensions ['colcon_pkg']
[0.247s] Level 1:colcon.colcon_core.package_identification:_identify(src/external/open_manipulator/open_manipulator_x_moveit_config) by extension 'colcon_pkg'
[0.247s] Level 1:colcon.colcon_core.package_identification:_identify(src/external/open_manipulator/open_manipulator_x_moveit_config) by extensions ['colcon_meta']
[0.247s] Level 1:colcon.colcon_core.package_identification:_identify(src/external/open_manipulator/open_manipulator_x_moveit_config) by extension 'colcon_meta'
[0.247s] Level 1:colcon.colcon_core.package_identification:_identify(src/external/open_manipulator/open_manipulator_x_moveit_config) by extensions ['ros']
[0.247s] Level 1:colcon.colcon_core.package_identification:_identify(src/external/open_manipulator/open_manipulator_x_moveit_config) by extension 'ros'
[0.248s] DEBUG:colcon.colcon_core.package_identification:Package 'src/external/open_manipulator/open_manipulator_x_moveit_config' with type 'ros.ament_cmake' and name 'open_manipulator_x_moveit_config'
[0.248s] Level 1:colcon.colcon_core.package_identification:_identify(src/external/open_manipulator/open_manipulator_x_playground) by extensions ['ignore', 'ignore_ament_install']
[0.248s] Level 1:colcon.colcon_core.package_identification:_identify(src/external/open_manipulator/open_manipulator_x_playground) by extension 'ignore'
[0.248s] Level 1:colcon.colcon_core.package_identification:_identify(src/external/open_manipulator/open_manipulator_x_playground) by extension 'ignore_ament_install'
[0.248s] Level 1:colcon.colcon_core.package_identification:_identify(src/external/open_manipulator/open_manipulator_x_playground) by extensions ['colcon_pkg']
[0.248s] Level 1:colcon.colcon_core.package_identification:_identify(src/external/open_manipulator/open_manipulator_x_playground) by extension 'colcon_pkg'
[0.248s] Level 1:colcon.colcon_core.package_identification:_identify(src/external/open_manipulator/open_manipulator_x_playground) by extensions ['colcon_meta']
[0.248s] Level 1:colcon.colcon_core.package_identification:_identify(src/external/open_manipulator/open_manipulator_x_playground) by extension 'colcon_meta'
[0.248s] Level 1:colcon.colcon_core.package_identification:_identify(src/external/open_manipulator/open_manipulator_x_playground) by extensions ['ros']
[0.248s] Level 1:colcon.colcon_core.package_identification:_identify(src/external/open_manipulator/open_manipulator_x_playground) by extension 'ros'
[0.249s] DEBUG:colcon.colcon_core.package_identification:Package 'src/external/open_manipulator/open_manipulator_x_playground' with type 'ros.ament_cmake' and name 'open_manipulator_x_playground'
[0.249s] Level 1:colcon.colcon_core.package_identification:_identify(src/external/open_manipulator/open_manipulator_x_teleop) by extensions ['ignore', 'ignore_ament_install']
[0.249s] Level 1:colcon.colcon_core.package_identification:_identify(src/external/open_manipulator/open_manipulator_x_teleop) by extension 'ignore'
[0.249s] Level 1:colcon.colcon_core.package_identification:_identify(src/external/open_manipulator/open_manipulator_x_teleop) by extension 'ignore_ament_install'
[0.249s] Level 1:colcon.colcon_core.package_identification:_identify(src/external/open_manipulator/open_manipulator_x_teleop) by extensions ['colcon_pkg']
[0.249s] Level 1:colcon.colcon_core.package_identification:_identify(src/external/open_manipulator/open_manipulator_x_teleop) by extension 'colcon_pkg'
[0.249s] Level 1:colcon.colcon_core.package_identification:_identify(src/external/open_manipulator/open_manipulator_x_teleop) by extensions ['colcon_meta']
[0.249s] Level 1:colcon.colcon_core.package_identification:_identify(src/external/open_manipulator/open_manipulator_x_teleop) by extension 'colcon_meta'
[0.249s] Level 1:colcon.colcon_core.package_identification:_identify(src/external/open_manipulator/open_manipulator_x_teleop) by extensions ['ros']
[0.249s] Level 1:colcon.colcon_core.package_identification:_identify(src/external/open_manipulator/open_manipulator_x_teleop) by extension 'ros'
[0.250s] DEBUG:colcon.colcon_core.package_identification:Package 'src/external/open_manipulator/open_manipulator_x_teleop' with type 'ros.ament_cmake' and name 'open_manipulator_x_teleop'
[0.250s] Level 1:colcon.colcon_core.package_identification:_identify(src/external/zed-ros2-description) by extensions ['ignore', 'ignore_ament_install']
[0.250s] Level 1:colcon.colcon_core.package_identification:_identify(src/external/zed-ros2-description) by extension 'ignore'
[0.250s] Level 1:colcon.colcon_core.package_identification:_identify(src/external/zed-ros2-description) by extension 'ignore_ament_install'
[0.250s] Level 1:colcon.colcon_core.package_identification:_identify(src/external/zed-ros2-description) by extensions ['colcon_pkg']
[0.250s] Level 1:colcon.colcon_core.package_identification:_identify(src/external/zed-ros2-description) by extension 'colcon_pkg'
[0.250s] Level 1:colcon.colcon_core.package_identification:_identify(src/external/zed-ros2-description) by extensions ['colcon_meta']
[0.250s] Level 1:colcon.colcon_core.package_identification:_identify(src/external/zed-ros2-description) by extension 'colcon_meta'
[0.250s] Level 1:colcon.colcon_core.package_identification:_identify(src/external/zed-ros2-description) by extensions ['ros']
[0.250s] Level 1:colcon.colcon_core.package_identification:_identify(src/external/zed-ros2-description) by extension 'ros'
[0.250s] DEBUG:colcon.colcon_core.package_identification:Package 'src/external/zed-ros2-description' with type 'ros.ament_cmake' and name 'zed_description'
[0.250s] Level 1:colcon.colcon_core.package_identification:_identify(src/tool_tracker) by extensions ['ignore', 'ignore_ament_install']
[0.250s] Level 1:colcon.colcon_core.package_identification:_identify(src/tool_tracker) by extension 'ignore'
[0.250s] Level 1:colcon.colcon_core.package_identification:_identify(src/tool_tracker) by extension 'ignore_ament_install'
[0.250s] Level 1:colcon.colcon_core.package_identification:_identify(src/tool_tracker) by extensions ['colcon_pkg']
[0.250s] Level 1:colcon.colcon_core.package_identification:_identify(src/tool_tracker) by extension 'colcon_pkg'
[0.250s] Level 1:colcon.colcon_core.package_identification:_identify(src/tool_tracker) by extensions ['colcon_meta']
[0.251s] Level 1:colcon.colcon_core.package_identification:_identify(src/tool_tracker) by extension 'colcon_meta'
[0.251s] Level 1:colcon.colcon_core.package_identification:_identify(src/tool_tracker) by extensions ['ros']
[0.251s] Level 1:colcon.colcon_core.package_identification:_identify(src/tool_tracker) by extension 'ros'
[0.251s] DEBUG:colcon.colcon_core.package_identification:Package 'src/tool_tracker' with type 'ros.ament_python' and name 'tool_tracker'
[0.251s] Level 1:colcon.colcon_core.package_discovery:discover_packages(recursive) using defaults
[0.251s] Level 1:colcon.colcon_core.package_discovery:discover_packages(ignore) discover
[0.251s] Level 1:colcon.colcon_core.package_discovery:discover_packages(ignore) using defaults
[0.251s] Level 1:colcon.colcon_core.package_discovery:discover_packages(path) discover
[0.251s] Level 1:colcon.colcon_core.package_discovery:discover_packages(path) using defaults
[0.266s] Level 1:colcon.colcon_core.package_discovery:discover_packages(prefix_path) check parameters
[0.266s] Level 1:colcon.colcon_core.package_discovery:discover_packages(prefix_path) discover
[0.267s] WARNING:colcon.colcon_ros.prefix_path.ament:The path '/home/zuhurouf/ros2_ws/tool_tracker/install/zed_description' in the environment variable AMENT_PREFIX_PATH doesn't exist
[0.267s] WARNING:colcon.colcon_ros.prefix_path.ament:The path '/home/zuhurouf/ros2_ws/tool_tracker/install/tool_tracker' in the environment variable AMENT_PREFIX_PATH doesn't exist
[0.267s] WARNING:colcon.colcon_ros.prefix_path.ament:The path '/home/zuhurouf/ros2_ws/tool_tracker/install/open_manipulator' in the environment variable AMENT_PREFIX_PATH doesn't exist
[0.267s] WARNING:colcon.colcon_ros.prefix_path.ament:The path '/home/zuhurouf/ros2_ws/tool_tracker/install/open_manipulator_x_teleop' in the environment variable AMENT_PREFIX_PATH doesn't exist
[0.267s] WARNING:colcon.colcon_ros.prefix_path.ament:The path '/home/zuhurouf/ros2_ws/tool_tracker/install/open_manipulator_x_playground' in the environment variable AMENT_PREFIX_PATH doesn't exist
[0.267s] WARNING:colcon.colcon_ros.prefix_path.ament:The path '/home/zuhurouf/ros2_ws/tool_tracker/install/open_manipulator_x_moveit_config' in the environment variable AMENT_PREFIX_PATH doesn't exist
[0.267s] WARNING:colcon.colcon_ros.prefix_path.ament:The path '/home/zuhurouf/ros2_ws/tool_tracker/install/open_manipulator_x_gui' in the environment variable AMENT_PREFIX_PATH doesn't exist
[0.267s] WARNING:colcon.colcon_ros.prefix_path.ament:The path '/home/zuhurouf/ros2_ws/tool_tracker/install/open_manipulator_x_bringup' in the environment variable AMENT_PREFIX_PATH doesn't exist
[0.267s] WARNING:colcon.colcon_ros.prefix_path.ament:The path '/home/zuhurouf/ros2_ws/tool_tracker/install/open_manipulator_x_description' in the environment variable AMENT_PREFIX_PATH doesn't exist
[0.267s] WARNING:colcon.colcon_ros.prefix_path.catkin:The path '/home/zuhurouf/ros2_ws/tool_tracker/install/zed_description' in the environment variable CMAKE_PREFIX_PATH doesn't exist
[0.267s] WARNING:colcon.colcon_ros.prefix_path.catkin:The path '/home/zuhurouf/ros2_ws/tool_tracker/install/open_manipulator' in the environment variable CMAKE_PREFIX_PATH doesn't exist
[0.267s] WARNING:colcon.colcon_ros.prefix_path.catkin:The path '/home/zuhurouf/ros2_ws/tool_tracker/install/open_manipulator_x_teleop' in the environment variable CMAKE_PREFIX_PATH doesn't exist
[0.267s] WARNING:colcon.colcon_ros.prefix_path.catkin:The path '/home/zuhurouf/ros2_ws/tool_tracker/install/open_manipulator_x_playground' in the environment variable CMAKE_PREFIX_PATH doesn't exist
[0.267s] WARNING:colcon.colcon_ros.prefix_path.catkin:The path '/home/zuhurouf/ros2_ws/tool_tracker/install/open_manipulator_x_moveit_config' in the environment variable CMAKE_PREFIX_PATH doesn't exist
[0.267s] WARNING:colcon.colcon_ros.prefix_path.catkin:The path '/home/zuhurouf/ros2_ws/tool_tracker/install/open_manipulator_x_gui' in the environment variable CMAKE_PREFIX_PATH doesn't exist
[0.267s] WARNING:colcon.colcon_ros.prefix_path.catkin:The path '/home/zuhurouf/ros2_ws/tool_tracker/install/open_manipulator_x_bringup' in the environment variable CMAKE_PREFIX_PATH doesn't exist
[0.267s] WARNING:colcon.colcon_ros.prefix_path.catkin:The path '/home/zuhurouf/ros2_ws/tool_tracker/install/open_manipulator_x_description' in the environment variable CMAKE_PREFIX_PATH doesn't exist
[0.267s] DEBUG:colcon.colcon_installed_package_information.package_discovery:Found 0 installed packages in /home/zuhurouf/ros2_ws/tool_tracker/install
[0.269s] DEBUG:colcon.colcon_installed_package_information.package_discovery:Found 463 installed packages in /opt/ros/humble
[0.270s] Level 1:colcon.colcon_core.package_discovery:discover_packages(prefix_path) using defaults
[0.307s] Level 5:colcon.colcon_core.verb:set package 'open_manipulator_x_description' build argument 'cmake_args' from command line to 'None'
[0.307s] Level 5:colcon.colcon_core.verb:set package 'open_manipulator_x_description' build argument 'cmake_target' from command line to 'None'
[0.307s] Level 5:colcon.colcon_core.verb:set package 'open_manipulator_x_description' build argument 'cmake_target_skip_unavailable' from command line to 'False'
[0.308s] Level 5:colcon.colcon_core.verb:set package 'open_manipulator_x_description' build argument 'cmake_clean_cache' from command line to 'False'
[0.308s] Level 5:colcon.colcon_core.verb:set package 'open_manipulator_x_description' build argument 'cmake_clean_first' from command line to 'False'
[0.308s] Level 5:colcon.colcon_core.verb:set package 'open_manipulator_x_description' build argument 'cmake_force_configure' from command line to 'False'
[0.308s] Level 5:colcon.colcon_core.verb:set package 'open_manipulator_x_description' build argument 'ament_cmake_args' from command line to 'None'
[0.308s] Level 5:colcon.colcon_core.verb:set package 'open_manipulator_x_description' build argument 'catkin_cmake_args' from command line to 'None'
[0.308s] Level 5:colcon.colcon_core.verb:set package 'open_manipulator_x_description' build argument 'catkin_skip_building_tests' from command line to 'False'
[0.308s] DEBUG:colcon.colcon_core.verb:Building package 'open_manipulator_x_description' with the following arguments: {'ament_cmake_args': None, 'build_base': '/home/zuhurouf/ros2_ws/tool_tracker/build/open_manipulator_x_description', 'catkin_cmake_args': None, 'catkin_skip_building_tests': False, 'cmake_args': None, 'cmake_clean_cache': False, 'cmake_clean_first': False, 'cmake_force_configure': False, 'cmake_target': None, 'cmake_target_skip_unavailable': False, 'install_base': '/home/zuhurouf/ros2_ws/tool_tracker/install/open_manipulator_x_description', 'merge_install': False, 'path': '/home/zuhurouf/ros2_ws/tool_tracker/src/external/open_manipulator/open_manipulator_x_description', 'symlink_install': True, 'test_result_base': None}
[0.308s] Level 5:colcon.colcon_core.verb:set package 'open_manipulator_x_gui' build argument 'cmake_args' from command line to 'None'
[0.308s] Level 5:colcon.colcon_core.verb:set package 'open_manipulator_x_gui' build argument 'cmake_target' from command line to 'None'
[0.308s] Level 5:colcon.colcon_core.verb:set package 'open_manipulator_x_gui' build argument 'cmake_target_skip_unavailable' from command line to 'False'
[0.308s] Level 5:colcon.colcon_core.verb:set package 'open_manipulator_x_gui' build argument 'cmake_clean_cache' from command line to 'False'
[0.308s] Level 5:colcon.colcon_core.verb:set package 'open_manipulator_x_gui' build argument 'cmake_clean_first' from command line to 'False'
[0.308s] Level 5:colcon.colcon_core.verb:set package 'open_manipulator_x_gui' build argument 'cmake_force_configure' from command line to 'False'
[0.308s] Level 5:colcon.colcon_core.verb:set package 'open_manipulator_x_gui' build argument 'ament_cmake_args' from command line to 'None'
[0.308s] Level 5:colcon.colcon_core.verb:set package 'open_manipulator_x_gui' build argument 'catkin_cmake_args' from command line to 'None'
[0.308s] Level 5:colcon.colcon_core.verb:set package 'open_manipulator_x_gui' build argument 'catkin_skip_building_tests' from command line to 'False'
[0.308s] DEBUG:colcon.colcon_core.verb:Building package 'open_manipulator_x_gui' with the following arguments: {'ament_cmake_args': None, 'build_base': '/home/zuhurouf/ros2_ws/tool_tracker/build/open_manipulator_x_gui', 'catkin_cmake_args': None, 'catkin_skip_building_tests': False, 'cmake_args': None, 'cmake_clean_cache': False, 'cmake_clean_first': False, 'cmake_force_configure': False, 'cmake_target': None, 'cmake_target_skip_unavailable': False, 'install_base': '/home/zuhurouf/ros2_ws/tool_tracker/install/open_manipulator_x_gui', 'merge_install': False, 'path': '/home/zuhurouf/ros2_ws/tool_tracker/src/external/open_manipulator/open_manipulator_x_gui', 'symlink_install': True, 'test_result_base': None}
[0.308s] Level 5:colcon.colcon_core.verb:set package 'open_manipulator_x_playground' build argument 'cmake_args' from command line to 'None'
[0.308s] Level 5:colcon.colcon_core.verb:set package 'open_manipulator_x_playground' build argument 'cmake_target' from command line to 'None'
[0.308s] Level 5:colcon.colcon_core.verb:set package 'open_manipulator_x_playground' build argument 'cmake_target_skip_unavailable' from command line to 'False'
[0.308s] Level 5:colcon.colcon_core.verb:set package 'open_manipulator_x_playground' build argument 'cmake_clean_cache' from command line to 'False'
[0.308s] Level 5:colcon.colcon_core.verb:set package 'open_manipulator_x_playground' build argument 'cmake_clean_first' from command line to 'False'
[0.308s] Level 5:colcon.colcon_core.verb:set package 'open_manipulator_x_playground' build argument 'cmake_force_configure' from command line to 'False'
[0.308s] Level 5:colcon.colcon_core.verb:set package 'open_manipulator_x_playground' build argument 'ament_cmake_args' from command line to 'None'
[0.308s] Level 5:colcon.colcon_core.verb:set package 'open_manipulator_x_playground' build argument 'catkin_cmake_args' from command line to 'None'
[0.308s] Level 5:colcon.colcon_core.verb:set package 'open_manipulator_x_playground' build argument 'catkin_skip_building_tests' from command line to 'False'
[0.308s] DEBUG:colcon.colcon_core.verb:Building package 'open_manipulator_x_playground' with the following arguments: {'ament_cmake_args': None, 'build_base': '/home/zuhurouf/ros2_ws/tool_tracker/build/open_manipulator_x_playground', 'catkin_cmake_args': None, 'catkin_skip_building_tests': False, 'cmake_args': None, 'cmake_clean_cache': False, 'cmake_clean_first': False, 'cmake_force_configure': False, 'cmake_target': None, 'cmake_target_skip_unavailable': False, 'install_base': '/home/zuhurouf/ros2_ws/tool_tracker/install/open_manipulator_x_playground', 'merge_install': False, 'path': '/home/zuhurouf/ros2_ws/tool_tracker/src/external/open_manipulator/open_manipulator_x_playground', 'symlink_install': True, 'test_result_base': None}
[0.308s] Level 5:colcon.colcon_core.verb:set package 'tool_tracker' build argument 'cmake_args' from command line to 'None'
[0.308s] Level 5:colcon.colcon_core.verb:set package 'tool_tracker' build argument 'cmake_target' from command line to 'None'
[0.308s] Level 5:colcon.colcon_core.verb:set package 'tool_tracker' build argument 'cmake_target_skip_unavailable' from command line to 'False'
[0.308s] Level 5:colcon.colcon_core.verb:set package 'tool_tracker' build argument 'cmake_clean_cache' from command line to 'False'
[0.308s] Level 5:colcon.colcon_core.verb:set package 'tool_tracker' build argument 'cmake_clean_first' from command line to 'False'
[0.309s] Level 5:colcon.colcon_core.verb:set package 'tool_tracker' build argument 'cmake_force_configure' from command line to 'False'
[0.309s] Level 5:colcon.colcon_core.verb:set package 'tool_tracker' build argument 'ament_cmake_args' from command line to 'None'
[0.309s] Level 5:colcon.colcon_core.verb:set package 'tool_tracker' build argument 'catkin_cmake_args' from command line to 'None'
[0.309s] Level 5:colcon.colcon_core.verb:set package 'tool_tracker' build argument 'catkin_skip_building_tests' from command line to 'False'
[0.309s] DEBUG:colcon.colcon_core.verb:Building package 'tool_tracker' with the following arguments: {'ament_cmake_args': None, 'build_base': '/home/zuhurouf/ros2_ws/tool_tracker/build/tool_tracker', 'catkin_cmake_args': None, 'catkin_skip_building_tests': False, 'cmake_args': None, 'cmake_clean_cache': False, 'cmake_clean_first': False, 'cmake_force_configure': False, 'cmake_target': None, 'cmake_target_skip_unavailable': False, 'install_base': '/home/zuhurouf/ros2_ws/tool_tracker/install/tool_tracker', 'merge_install': False, 'path': '/home/zuhurouf/ros2_ws/tool_tracker/src/tool_tracker', 'symlink_install': True, 'test_result_base': None}
[0.309s] Level 5:colcon.colcon_core.verb:set package 'zed_description' build argument 'cmake_args' from command line to 'None'
[0.309s] Level 5:colcon.colcon_core.verb:set package 'zed_description' build argument 'cmake_target' from command line to 'None'
[0.309s] Level 5:colcon.colcon_core.verb:set package 'zed_description' build argument 'cmake_target_skip_unavailable' from command line to 'False'
[0.309s] Level 5:colcon.colcon_core.verb:set package 'zed_description' build argument 'cmake_clean_cache' from command line to 'False'
[0.309s] Level 5:colcon.colcon_core.verb:set package 'zed_description' build argument 'cmake_clean_first' from command line to 'False'
[0.309s] Level 5:colcon.colcon_core.verb:set package 'zed_description' build argument 'cmake_force_configure' from command line to 'False'
[0.309s] Level 5:colcon.colcon_core.verb:set package 'zed_description' build argument 'ament_cmake_args' from command line to 'None'
[0.309s] Level 5:colcon.colcon_core.verb:set package 'zed_description' build argument 'catkin_cmake_args' from command line to 'None'
[0.309s] Level 5:colcon.colcon_core.verb:set package 'zed_description' build argument 'catkin_skip_building_tests' from command line to 'False'
[0.309s] DEBUG:colcon.colcon_core.verb:Building package 'zed_description' with the following arguments: {'ament_cmake_args': None, 'build_base': '/home/zuhurouf/ros2_ws/tool_tracker/build/zed_description', 'catkin_cmake_args': None, 'catkin_skip_building_tests': False, 'cmake_args': None, 'cmake_clean_cache': False, 'cmake_clean_first': False, 'cmake_force_configure': False, 'cmake_target': None, 'cmake_target_skip_unavailable': False, 'install_base': '/home/zuhurouf/ros2_ws/tool_tracker/install/zed_description', 'merge_install': False, 'path': '/home/zuhurouf/ros2_ws/tool_tracker/src/external/zed-ros2-description', 'symlink_install': True, 'test_result_base': None}
[0.309s] Level 5:colcon.colcon_core.verb:set package 'open_manipulator_x_bringup' build argument 'cmake_args' from command line to 'None'
[0.309s] Level 5:colcon.colcon_core.verb:set package 'open_manipulator_x_bringup' build argument 'cmake_target' from command line to 'None'
[0.309s] Level 5:colcon.colcon_core.verb:set package 'open_manipulator_x_bringup' build argument 'cmake_target_skip_unavailable' from command line to 'False'
[0.309s] Level 5:colcon.colcon_core.verb:set package 'open_manipulator_x_bringup' build argument 'cmake_clean_cache' from command line to 'False'
[0.309s] Level 5:colcon.colcon_core.verb:set package 'open_manipulator_x_bringup' build argument 'cmake_clean_first' from command line to 'False'
[0.309s] Level 5:colcon.colcon_core.verb:set package 'open_manipulator_x_bringup' build argument 'cmake_force_configure' from command line to 'False'
[0.309s] Level 5:colcon.colcon_core.verb:set package 'open_manipulator_x_bringup' build argument 'ament_cmake_args' from command line to 'None'
[0.309s] Level 5:colcon.colcon_core.verb:set package 'open_manipulator_x_bringup' build argument 'catkin_cmake_args' from command line to 'None'
[0.309s] Level 5:colcon.colcon_core.verb:set package 'open_manipulator_x_bringup' build argument 'catkin_skip_building_tests' from command line to 'False'
[0.309s] DEBUG:colcon.colcon_core.verb:Building package 'open_manipulator_x_bringup' with the following arguments: {'ament_cmake_args': None, 'build_base': '/home/zuhurouf/ros2_ws/tool_tracker/build/open_manipulator_x_bringup', 'catkin_cmake_args': None, 'catkin_skip_building_tests': False, 'cmake_args': None, 'cmake_clean_cache': False, 'cmake_clean_first': False, 'cmake_force_configure': False, 'cmake_target': None, 'cmake_target_skip_unavailable': False, 'install_base': '/home/zuhurouf/ros2_ws/tool_tracker/install/open_manipulator_x_bringup', 'merge_install': False, 'path': '/home/zuhurouf/ros2_ws/tool_tracker/src/external/open_manipulator/open_manipulator_x_bringup', 'symlink_install': True, 'test_result_base': None}
[0.309s] Level 5:colcon.colcon_core.verb:set package 'open_manipulator_x_moveit_config' build argument 'cmake_args' from command line to 'None'
[0.309s] Level 5:colcon.colcon_core.verb:set package 'open_manipulator_x_moveit_config' build argument 'cmake_target' from command line to 'None'
[0.309s] Level 5:colcon.colcon_core.verb:set package 'open_manipulator_x_moveit_config' build argument 'cmake_target_skip_unavailable' from command line to 'False'
[0.309s] Level 5:colcon.colcon_core.verb:set package 'open_manipulator_x_moveit_config' build argument 'cmake_clean_cache' from command line to 'False'
[0.309s] Level 5:colcon.colcon_core.verb:set package 'open_manipulator_x_moveit_config' build argument 'cmake_clean_first' from command line to 'False'
[0.309s] Level 5:colcon.colcon_core.verb:set package 'open_manipulator_x_moveit_config' build argument 'cmake_force_configure' from command line to 'False'
[0.309s] Level 5:colcon.colcon_core.verb:set package 'open_manipulator_x_moveit_config' build argument 'ament_cmake_args' from command line to 'None'
[0.309s] Level 5:colcon.colcon_core.verb:set package 'open_manipulator_x_moveit_config' build argument 'catkin_cmake_args' from command line to 'None'
[0.309s] Level 5:colcon.colcon_core.verb:set package 'open_manipulator_x_moveit_config' build argument 'catkin_skip_building_tests' from command line to 'False'
[0.309s] DEBUG:colcon.colcon_core.verb:Building package 'open_manipulator_x_moveit_config' with the following arguments: {'ament_cmake_args': None, 'build_base': '/home/zuhurouf/ros2_ws/tool_tracker/build/open_manipulator_x_moveit_config', 'catkin_cmake_args': None, 'catkin_skip_building_tests': False, 'cmake_args': None, 'cmake_clean_cache': False, 'cmake_clean_first': False, 'cmake_force_configure': False, 'cmake_target': None, 'cmake_target_skip_unavailable': False, 'install_base': '/home/zuhurouf/ros2_ws/tool_tracker/install/open_manipulator_x_moveit_config', 'merge_install': False, 'path': '/home/zuhurouf/ros2_ws/tool_tracker/src/external/open_manipulator/open_manipulator_x_moveit_config', 'symlink_install': True, 'test_result_base': None}
[0.310s] Level 5:colcon.colcon_core.verb:set package 'open_manipulator_x_teleop' build argument 'cmake_args' from command line to 'None'
[0.310s] Level 5:colcon.colcon_core.verb:set package 'open_manipulator_x_teleop' build argument 'cmake_target' from command line to 'None'
[0.310s] Level 5:colcon.colcon_core.verb:set package 'open_manipulator_x_teleop' build argument 'cmake_target_skip_unavailable' from command line to 'False'
[0.310s] Level 5:colcon.colcon_core.verb:set package 'open_manipulator_x_teleop' build argument 'cmake_clean_cache' from command line to 'False'
[0.310s] Level 5:colcon.colcon_core.verb:set package 'open_manipulator_x_teleop' build argument 'cmake_clean_first' from command line to 'False'
[0.310s] Level 5:colcon.colcon_core.verb:set package 'open_manipulator_x_teleop' build argument 'cmake_force_configure' from command line to 'False'
[0.310s] Level 5:colcon.colcon_core.verb:set package 'open_manipulator_x_teleop' build argument 'ament_cmake_args' from command line to 'None'
[0.310s] Level 5:colcon.colcon_core.verb:set package 'open_manipulator_x_teleop' build argument 'catkin_cmake_args' from command line to 'None'
[0.310s] Level 5:colcon.colcon_core.verb:set package 'open_manipulator_x_teleop' build argument 'catkin_skip_building_tests' from command line to 'False'
[0.310s] DEBUG:colcon.colcon_core.verb:Building package 'open_manipulator_x_teleop' with the following arguments: {'ament_cmake_args': None, 'build_base': '/home/zuhurouf/ros2_ws/tool_tracker/build/open_manipulator_x_teleop', 'catkin_cmake_args': None, 'catkin_skip_building_tests': False, 'cmake_args': None, 'cmake_clean_cache': False, 'cmake_clean_first': False, 'cmake_force_configure': False, 'cmake_target': None, 'cmake_target_skip_unavailable': False, 'install_base': '/home/zuhurouf/ros2_ws/tool_tracker/install/open_manipulator_x_teleop', 'merge_install': False, 'path': '/home/zuhurouf/ros2_ws/tool_tracker/src/external/open_manipulator/open_manipulator_x_teleop', 'symlink_install': True, 'test_result_base': None}
[0.310s] Level 5:colcon.colcon_core.verb:set package 'open_manipulator' build argument 'cmake_args' from command line to 'None'
[0.310s] Level 5:colcon.colcon_core.verb:set package 'open_manipulator' build argument 'cmake_target' from command line to 'None'
[0.310s] Level 5:colcon.colcon_core.verb:set package 'open_manipulator' build argument 'cmake_target_skip_unavailable' from command line to 'False'
[0.310s] Level 5:colcon.colcon_core.verb:set package 'open_manipulator' build argument 'cmake_clean_cache' from command line to 'False'
[0.310s] Level 5:colcon.colcon_core.verb:set package 'open_manipulator' build argument 'cmake_clean_first' from command line to 'False'
[0.310s] Level 5:colcon.colcon_core.verb:set package 'open_manipulator' build argument 'cmake_force_configure' from command line to 'False'
[0.310s] Level 5:colcon.colcon_core.verb:set package 'open_manipulator' build argument 'ament_cmake_args' from command line to 'None'
[0.310s] Level 5:colcon.colcon_core.verb:set package 'open_manipulator' build argument 'catkin_cmake_args' from command line to 'None'
[0.310s] Level 5:colcon.colcon_core.verb:set package 'open_manipulator' build argument 'catkin_skip_building_tests' from command line to 'False'
[0.310s] DEBUG:colcon.colcon_core.verb:Building package 'open_manipulator' with the following arguments: {'ament_cmake_args': None, 'build_base': '/home/zuhurouf/ros2_ws/tool_tracker/build/open_manipulator', 'catkin_cmake_args': None, 'catkin_skip_building_tests': False, 'cmake_args': None, 'cmake_clean_cache': False, 'cmake_clean_first': False, 'cmake_force_configure': False, 'cmake_target': None, 'cmake_target_skip_unavailable': False, 'install_base': '/home/zuhurouf/ros2_ws/tool_tracker/install/open_manipulator', 'merge_install': False, 'path': '/home/zuhurouf/ros2_ws/tool_tracker/src/external/open_manipulator/open_manipulator', 'symlink_install': True, 'test_result_base': None}
[0.310s] INFO:colcon.colcon_core.executor:Executing jobs using 'parallel' executor
[0.311s] DEBUG:colcon.colcon_parallel_executor.executor.parallel:run_until_complete
[0.311s] INFO:colcon.colcon_ros.task.ament_cmake.build:Building ROS package in '/home/zuhurouf/ros2_ws/tool_tracker/src/external/open_manipulator/open_manipulator_x_description' with build type 'ament_cmake'
[0.311s] INFO:colcon.colcon_cmake.task.cmake.build:Building CMake package in '/home/zuhurouf/ros2_ws/tool_tracker/src/external/open_manipulator/open_manipulator_x_description'
[0.312s] INFO:colcon.colcon_core.plugin_system:Skipping extension 'colcon_core.shell.bat': Not used on non-Windows systems
[0.312s] INFO:colcon.colcon_core.shell:Skip shell extension 'powershell' for command environment: Not usable outside of PowerShell
[0.313s] DEBUG:colcon.colcon_core.shell:Skip shell extension 'dsv' for command environment
[0.315s] INFO:colcon.colcon_ros.task.ament_cmake.build:Building ROS package in '/home/zuhurouf/ros2_ws/tool_tracker/src/external/open_manipulator/open_manipulator_x_gui' with build type 'ament_cmake'
[0.315s] INFO:colcon.colcon_cmake.task.cmake.build:Building CMake package in '/home/zuhurouf/ros2_ws/tool_tracker/src/external/open_manipulator/open_manipulator_x_gui'
[0.315s] INFO:colcon.colcon_core.shell:Skip shell extension 'powershell' for command environment: Not usable outside of PowerShell
[0.315s] DEBUG:colcon.colcon_core.shell:Skip shell extension 'dsv' for command environment
[0.318s] INFO:colcon.colcon_ros.task.ament_cmake.build:Building ROS package in '/home/zuhurouf/ros2_ws/tool_tracker/src/external/open_manipulator/open_manipulator_x_playground' with build type 'ament_cmake'
[0.318s] INFO:colcon.colcon_cmake.task.cmake.build:Building CMake package in '/home/zuhurouf/ros2_ws/tool_tracker/src/external/open_manipulator/open_manipulator_x_playground'
[0.318s] INFO:colcon.colcon_core.shell:Skip shell extension 'powershell' for command environment: Not usable outside of PowerShell
[0.318s] DEBUG:colcon.colcon_core.shell:Skip shell extension 'dsv' for command environment
[0.320s] INFO:colcon.colcon_ros.task.ament_python.build:Building ROS package in '/home/zuhurouf/ros2_ws/tool_tracker/src/tool_tracker' with build type 'ament_python'
[0.320s] Level 1:colcon.colcon_core.shell:create_environment_hook('tool_tracker', 'ament_prefix_path')
[0.320s] INFO:colcon.colcon_core.shell:Creating environment hook '/home/zuhurouf/ros2_ws/tool_tracker/install/tool_tracker/share/tool_tracker/hook/ament_prefix_path.ps1'
[0.321s] INFO:colcon.colcon_core.shell:Creating environment descriptor '/home/zuhurouf/ros2_ws/tool_tracker/install/tool_tracker/share/tool_tracker/hook/ament_prefix_path.dsv'
[0.321s] INFO:colcon.colcon_core.shell:Creating environment hook '/home/zuhurouf/ros2_ws/tool_tracker/install/tool_tracker/share/tool_tracker/hook/ament_prefix_path.sh'
[0.321s] INFO:colcon.colcon_core.shell:Skip shell extension 'powershell' for command environment: Not usable outside of PowerShell
[0.321s] DEBUG:colcon.colcon_core.shell:Skip shell extension 'dsv' for command environment
[0.323s] INFO:colcon.colcon_ros.task.ament_cmake.build:Building ROS package in '/home/zuhurouf/ros2_ws/tool_tracker/src/external/zed-ros2-description' with build type 'ament_cmake'
[0.323s] INFO:colcon.colcon_cmake.task.cmake.build:Building CMake package in '/home/zuhurouf/ros2_ws/tool_tracker/src/external/zed-ros2-description'
[0.324s] INFO:colcon.colcon_core.shell:Skip shell extension 'powershell' for command environment: Not usable outside of PowerShell
[0.324s] DEBUG:colcon.colcon_core.shell:Skip shell extension 'dsv' for command environment
[0.329s] DEBUG:colcon.colcon_core.event_handler.log_command:Invoking command in '/home/zuhurouf/ros2_ws/tool_tracker/build/open_manipulator_x_description': CMAKE_PREFIX_PATH=${CMAKE_PREFIX_PATH}:/home/zuhurouf/ros2_ws/tool_tracker/install/tool_tracker:/opt/ros/humble /usr/bin/cmake /home/zuhurouf/ros2_ws/tool_tracker/src/external/open_manipulator/open_manipulator_x_description -DAMENT_CMAKE_SYMLINK_INSTALL=1 -DCMAKE_INSTALL_PREFIX=/home/zuhurouf/ros2_ws/tool_tracker/install/open_manipulator_x_description
[0.330s] DEBUG:colcon.colcon_core.event_handler.log_command:Invoking command in '/home/zuhurouf/ros2_ws/tool_tracker/build/open_manipulator_x_gui': CMAKE_PREFIX_PATH=${CMAKE_PREFIX_PATH}:/home/zuhurouf/ros2_ws/tool_tracker/install/tool_tracker:/opt/ros/humble /usr/bin/cmake /home/zuhurouf/ros2_ws/tool_tracker/src/external/open_manipulator/open_manipulator_x_gui -DAMENT_CMAKE_SYMLINK_INSTALL=1 -DCMAKE_INSTALL_PREFIX=/home/zuhurouf/ros2_ws/tool_tracker/install/open_manipulator_x_gui
[0.332s] DEBUG:colcon.colcon_core.event_handler.log_command:Invoking command in '/home/zuhurouf/ros2_ws/tool_tracker/build/open_manipulator_x_playground': CMAKE_PREFIX_PATH=${CMAKE_PREFIX_PATH}:/home/zuhurouf/ros2_ws/tool_tracker/install/tool_tracker:/opt/ros/humble /usr/bin/cmake /home/zuhurouf/ros2_ws/tool_tracker/src/external/open_manipulator/open_manipulator_x_playground -DAMENT_CMAKE_SYMLINK_INSTALL=1 -DCMAKE_INSTALL_PREFIX=/home/zuhurouf/ros2_ws/tool_tracker/install/open_manipulator_x_playground
[0.576s] INFO:colcon.colcon_core.task.python.build:Building Python package in '/home/zuhurouf/ros2_ws/tool_tracker/src/tool_tracker'
[0.576s] INFO:colcon.colcon_core.shell:Skip shell extension 'powershell' for command environment: Not usable outside of PowerShell
[0.576s] DEBUG:colcon.colcon_core.shell:Skip shell extension 'dsv' for command environment
[0.584s] DEBUG:colcon.colcon_core.event_handler.log_command:Invoking command in '/home/zuhurouf/ros2_ws/tool_tracker/build/zed_description': CMAKE_PREFIX_PATH=${CMAKE_PREFIX_PATH}:/home/zuhurouf/ros2_ws/tool_tracker/install/tool_tracker:/opt/ros/humble /usr/bin/cmake /home/zuhurouf/ros2_ws/tool_tracker/src/external/zed-ros2-description -DAMENT_CMAKE_SYMLINK_INSTALL=1 -DCMAKE_INSTALL_PREFIX=/home/zuhurouf/ros2_ws/tool_tracker/install/zed_description
[0.847s] DEBUG:colcon.colcon_core.event_handler.log_command:Invoked command in '/home/zuhurouf/ros2_ws/tool_tracker/build/open_manipulator_x_description' returned '0': CMAKE_PREFIX_PATH=${CMAKE_PREFIX_PATH}:/home/zuhurouf/ros2_ws/tool_tracker/install/tool_tracker:/opt/ros/humble /usr/bin/cmake /home/zuhurouf/ros2_ws/tool_tracker/src/external/open_manipulator/open_manipulator_x_description -DAMENT_CMAKE_SYMLINK_INSTALL=1 -DCMAKE_INSTALL_PREFIX=/home/zuhurouf/ros2_ws/tool_tracker/install/open_manipulator_x_description
[0.849s] DEBUG:colcon.colcon_core.event_handler.log_command:Invoking command in '/home/zuhurouf/ros2_ws/tool_tracker/build/open_manipulator_x_description': CMAKE_PREFIX_PATH=${CMAKE_PREFIX_PATH}:/home/zuhurouf/ros2_ws/tool_tracker/install/tool_tracker:/opt/ros/humble /usr/bin/cmake --build /home/zuhurouf/ros2_ws/tool_tracker/build/open_manipulator_x_description -- -j12 -l12
[0.880s] DEBUG:colcon.colcon_core.event_handler.log_command:Invoked command in '/home/zuhurouf/ros2_ws/tool_tracker/build/open_manipulator_x_description' returned '0': CMAKE_PREFIX_PATH=${CMAKE_PREFIX_PATH}:/home/zuhurouf/ros2_ws/tool_tracker/install/tool_tracker:/opt/ros/humble /usr/bin/cmake --build /home/zuhurouf/ros2_ws/tool_tracker/build/open_manipulator_x_description -- -j12 -l12
[0.888s] DEBUG:colcon.colcon_core.event_handler.log_command:Invoking command in '/home/zuhurouf/ros2_ws/tool_tracker/build/open_manipulator_x_description': CMAKE_PREFIX_PATH=${CMAKE_PREFIX_PATH}:/home/zuhurouf/ros2_ws/tool_tracker/install/tool_tracker:/opt/ros/humble /usr/bin/cmake --install /home/zuhurouf/ros2_ws/tool_tracker/build/open_manipulator_x_description
[1.005s] DEBUG:colcon.colcon_core.task.python.build:Available setuptools commands: install_data, dist_info, develop, extract_messages, bdist_dumb, nosetests, build, install_headers, sdist, upload, install_scripts, test, compile_catalog, build_ext, build_clib, alias, bdist_rpm, symlink_data, upload_docs, install_lib, register, clean, bdist, bdist_wheel, bdist_egg, install_egg_info, build_scripts, check, setopt, install, update_catalog, egg_info, saveopts, build_py, init_catalog, easy_install, rotate
[1.129s] Level 1:colcon.colcon_core.environment:create_environment_scripts_only(open_manipulator_x_description)
[1.130s] DEBUG:colcon.colcon_core.event_handler.log_command:Invoked command in '/home/zuhurouf/ros2_ws/tool_tracker/build/open_manipulator_x_description' returned '0': CMAKE_PREFIX_PATH=${CMAKE_PREFIX_PATH}:/home/zuhurouf/ros2_ws/tool_tracker/install/tool_tracker:/opt/ros/humble /usr/bin/cmake --install /home/zuhurouf/ros2_ws/tool_tracker/build/open_manipulator_x_description
[1.131s] Level 1:colcon.colcon_core.environment:checking '/home/zuhurouf/ros2_ws/tool_tracker/install/open_manipulator_x_description' for CMake module files
[1.132s] Level 1:colcon.colcon_core.environment:checking '/home/zuhurouf/ros2_ws/tool_tracker/install/open_manipulator_x_description' for CMake config files
[1.132s] Level 1:colcon.colcon_core.shell:create_environment_hook('open_manipulator_x_description', 'cmake_prefix_path')
[1.132s] INFO:colcon.colcon_core.shell:Creating environment hook '/home/zuhurouf/ros2_ws/tool_tracker/install/open_manipulator_x_description/share/open_manipulator_x_description/hook/cmake_prefix_path.ps1'
[1.133s] INFO:colcon.colcon_core.shell:Creating environment descriptor '/home/zuhurouf/ros2_ws/tool_tracker/install/open_manipulator_x_description/share/open_manipulator_x_description/hook/cmake_prefix_path.dsv'
[1.133s] INFO:colcon.colcon_core.shell:Creating environment hook '/home/zuhurouf/ros2_ws/tool_tracker/install/open_manipulator_x_description/share/open_manipulator_x_description/hook/cmake_prefix_path.sh'
[1.133s] Level 1:colcon.colcon_core.environment:checking '/home/zuhurouf/ros2_ws/tool_tracker/install/open_manipulator_x_description/bin'
[1.133s] Level 1:colcon.colcon_core.environment:checking '/home/zuhurouf/ros2_ws/tool_tracker/install/open_manipulator_x_description/lib/pkgconfig/open_manipulator_x_description.pc'
[1.134s] Level 1:colcon.colcon_core.environment:checking '/home/zuhurouf/ros2_ws/tool_tracker/install/open_manipulator_x_description/lib/python3.10/site-packages'
[1.134s] Level 1:colcon.colcon_core.environment:checking '/home/zuhurouf/ros2_ws/tool_tracker/install/open_manipulator_x_description/bin'
[1.134s] INFO:colcon.colcon_core.shell:Creating package script '/home/zuhurouf/ros2_ws/tool_tracker/install/open_manipulator_x_description/share/open_manipulator_x_description/package.ps1'
[1.135s] INFO:colcon.colcon_core.shell:Creating package descriptor '/home/zuhurouf/ros2_ws/tool_tracker/install/open_manipulator_x_description/share/open_manipulator_x_description/package.dsv'
[1.136s] INFO:colcon.colcon_core.shell:Creating package script '/home/zuhurouf/ros2_ws/tool_tracker/install/open_manipulator_x_description/share/open_manipulator_x_description/package.sh'
[1.136s] INFO:colcon.colcon_core.shell:Creating package script '/home/zuhurouf/ros2_ws/tool_tracker/install/open_manipulator_x_description/share/open_manipulator_x_description/package.bash'
[1.137s] INFO:colcon.colcon_core.shell:Creating package script '/home/zuhurouf/ros2_ws/tool_tracker/install/open_manipulator_x_description/share/open_manipulator_x_description/package.zsh'
[1.137s] Level 1:colcon.colcon_core.environment:create_file_with_runtime_dependencies(/home/zuhurouf/ros2_ws/tool_tracker/install/open_manipulator_x_description/share/colcon-core/packages/open_manipulator_x_description)
[1.138s] Level 1:colcon.colcon_core.environment:create_environment_scripts_only(open_manipulator_x_description)
[1.138s] Level 1:colcon.colcon_core.environment:checking '/home/zuhurouf/ros2_ws/tool_tracker/install/open_manipulator_x_description' for CMake module files
[1.138s] Level 1:colcon.colcon_core.environment:checking '/home/zuhurouf/ros2_ws/tool_tracker/install/open_manipulator_x_description' for CMake config files
[1.139s] Level 1:colcon.colcon_core.shell:create_environment_hook('open_manipulator_x_description', 'cmake_prefix_path')
[1.139s] INFO:colcon.colcon_core.shell:Creating environment hook '/home/zuhurouf/ros2_ws/tool_tracker/install/open_manipulator_x_description/share/open_manipulator_x_description/hook/cmake_prefix_path.ps1'
[1.139s] INFO:colcon.colcon_core.shell:Creating environment descriptor '/home/zuhurouf/ros2_ws/tool_tracker/install/open_manipulator_x_description/share/open_manipulator_x_description/hook/cmake_prefix_path.dsv'
[1.140s] INFO:colcon.colcon_core.shell:Creating environment hook '/home/zuhurouf/ros2_ws/tool_tracker/install/open_manipulator_x_description/share/open_manipulator_x_description/hook/cmake_prefix_path.sh'
[1.140s] Level 1:colcon.colcon_core.environment:checking '/home/zuhurouf/ros2_ws/tool_tracker/install/open_manipulator_x_description/bin'
[1.140s] Level 1:colcon.colcon_core.environment:checking '/home/zuhurouf/ros2_ws/tool_tracker/install/open_manipulator_x_description/lib/pkgconfig/open_manipulator_x_description.pc'
[1.140s] Level 1:colcon.colcon_core.environment:checking '/home/zuhurouf/ros2_ws/tool_tracker/install/open_manipulator_x_description/lib/python3.10/site-packages'
[1.140s] Level 1:colcon.colcon_core.environment:checking '/home/zuhurouf/ros2_ws/tool_tracker/install/open_manipulator_x_description/bin'
[1.141s] INFO:colcon.colcon_core.shell:Creating package script '/home/zuhurouf/ros2_ws/tool_tracker/install/open_manipulator_x_description/share/open_manipulator_x_description/package.ps1'
[1.141s] INFO:colcon.colcon_core.shell:Creating package descriptor '/home/zuhurouf/ros2_ws/tool_tracker/install/open_manipulator_x_description/share/open_manipulator_x_description/package.dsv'
[1.141s] INFO:colcon.colcon_core.shell:Creating package script '/home/zuhurouf/ros2_ws/tool_tracker/install/open_manipulator_x_description/share/open_manipulator_x_description/package.sh'
[1.142s] INFO:colcon.colcon_core.shell:Creating package script '/home/zuhurouf/ros2_ws/tool_tracker/install/open_manipulator_x_description/share/open_manipulator_x_description/package.bash'
[1.142s] INFO:colcon.colcon_core.shell:Creating package script '/home/zuhurouf/ros2_ws/tool_tracker/install/open_manipulator_x_description/share/open_manipulator_x_description/package.zsh'
[1.143s] Level 1:colcon.colcon_core.environment:create_file_with_runtime_dependencies(/home/zuhurouf/ros2_ws/tool_tracker/install/open_manipulator_x_description/share/colcon-core/packages/open_manipulator_x_description)
[1.143s] INFO:colcon.colcon_ros.task.ament_cmake.build:Building ROS package in '/home/zuhurouf/ros2_ws/tool_tracker/src/external/open_manipulator/open_manipulator_x_bringup' with build type 'ament_cmake'
[1.143s] INFO:colcon.colcon_cmake.task.cmake.build:Building CMake package in '/home/zuhurouf/ros2_ws/tool_tracker/src/external/open_manipulator/open_manipulator_x_bringup'
[1.143s] INFO:colcon.colcon_core.shell:Skip shell extension 'powershell' for command environment: Not usable outside of PowerShell
[1.143s] DEBUG:colcon.colcon_core.shell:Skip shell extension 'dsv' for command environment
[1.147s] INFO:colcon.colcon_ros.task.ament_cmake.build:Building ROS package in '/home/zuhurouf/ros2_ws/tool_tracker/src/external/open_manipulator/open_manipulator_x_moveit_config' with build type 'ament_cmake'
[1.147s] INFO:colcon.colcon_cmake.task.cmake.build:Building CMake package in '/home/zuhurouf/ros2_ws/tool_tracker/src/external/open_manipulator/open_manipulator_x_moveit_config'
[1.147s] INFO:colcon.colcon_core.shell:Skip shell extension 'powershell' for command environment: Not usable outside of PowerShell
[1.147s] DEBUG:colcon.colcon_core.shell:Skip shell extension 'dsv' for command environment
[1.155s] DEBUG:colcon.colcon_core.event_handler.log_command:Invoking command in '/home/zuhurouf/ros2_ws/tool_tracker/build/open_manipulator_x_bringup': CMAKE_PREFIX_PATH=/home/zuhurouf/ros2_ws/tool_tracker/install/open_manipulator_x_description:/home/zuhurouf/ros2_ws/tool_tracker/install/zed_description:/home/zuhurouf/ros2_ws/tool_tracker/install/open_manipulator:/home/zuhurouf/ros2_ws/tool_tracker/install/open_manipulator_x_teleop:/home/zuhurouf/ros2_ws/tool_tracker/install/open_manipulator_x_playground:/home/zuhurouf/ros2_ws/tool_tracker/install/open_manipulator_x_moveit_config:/home/zuhurouf/ros2_ws/tool_tracker/install/open_manipulator_x_gui:/home/zuhurouf/ros2_ws/tool_tracker/install/open_manipulator_x_bringup:/home/zuhurouf/ros2_ws/tool_tracker/install/tool_tracker:/opt/ros/humble /usr/bin/cmake /home/zuhurouf/ros2_ws/tool_tracker/src/external/open_manipulator/open_manipulator_x_bringup -DAMENT_CMAKE_SYMLINK_INSTALL=1 -DCMAKE_INSTALL_PREFIX=/home/zuhurouf/ros2_ws/tool_tracker/install/open_manipulator_x_bringup
[1.157s] DEBUG:colcon.colcon_core.event_handler.log_command:Invoking command in '/home/zuhurouf/ros2_ws/tool_tracker/build/open_manipulator_x_moveit_config': CMAKE_PREFIX_PATH=/home/zuhurouf/ros2_ws/tool_tracker/install/open_manipulator_x_description:/home/zuhurouf/ros2_ws/tool_tracker/install/zed_description:/home/zuhurouf/ros2_ws/tool_tracker/install/open_manipulator:/home/zuhurouf/ros2_ws/tool_tracker/install/open_manipulator_x_teleop:/home/zuhurouf/ros2_ws/tool_tracker/install/open_manipulator_x_playground:/home/zuhurouf/ros2_ws/tool_tracker/install/open_manipulator_x_moveit_config:/home/zuhurouf/ros2_ws/tool_tracker/install/open_manipulator_x_gui:/home/zuhurouf/ros2_ws/tool_tracker/install/open_manipulator_x_bringup:/home/zuhurouf/ros2_ws/tool_tracker/install/tool_tracker:/opt/ros/humble /usr/bin/cmake /home/zuhurouf/ros2_ws/tool_tracker/src/external/open_manipulator/open_manipulator_x_moveit_config -DAMENT_CMAKE_SYMLINK_INSTALL=1 -DCMAKE_INSTALL_PREFIX=/home/zuhurouf/ros2_ws/tool_tracker/install/open_manipulator_x_moveit_config
[1.170s] DEBUG:colcon.colcon_core.event_handler.log_command:Invoked command in '/home/zuhurouf/ros2_ws/tool_tracker/build/zed_description' returned '0': CMAKE_PREFIX_PATH=${CMAKE_PREFIX_PATH}:/home/zuhurouf/ros2_ws/tool_tracker/install/tool_tracker:/opt/ros/humble /usr/bin/cmake /home/zuhurouf/ros2_ws/tool_tracker/src/external/zed-ros2-description -DAMENT_CMAKE_SYMLINK_INSTALL=1 -DCMAKE_INSTALL_PREFIX=/home/zuhurouf/ros2_ws/tool_tracker/install/zed_description
[1.172s] DEBUG:colcon.colcon_core.event_handler.log_command:Invoking command in '/home/zuhurouf/ros2_ws/tool_tracker/build/zed_description': CMAKE_PREFIX_PATH=${CMAKE_PREFIX_PATH}:/home/zuhurouf/ros2_ws/tool_tracker/install/tool_tracker:/opt/ros/humble /usr/bin/cmake --build /home/zuhurouf/ros2_ws/tool_tracker/build/zed_description -- -j12 -l12
[1.213s] DEBUG:colcon.colcon_core.event_handler.log_command:Invoked command in '/home/zuhurouf/ros2_ws/tool_tracker/build/zed_description' returned '0': CMAKE_PREFIX_PATH=${CMAKE_PREFIX_PATH}:/home/zuhurouf/ros2_ws/tool_tracker/install/tool_tracker:/opt/ros/humble /usr/bin/cmake --build /home/zuhurouf/ros2_ws/tool_tracker/build/zed_description -- -j12 -l12
[1.214s] DEBUG:colcon.colcon_core.event_handler.log_command:Invoking command in '/home/zuhurouf/ros2_ws/tool_tracker/build/zed_description': CMAKE_PREFIX_PATH=${CMAKE_PREFIX_PATH}:/home/zuhurouf/ros2_ws/tool_tracker/install/tool_tracker:/opt/ros/humble /usr/bin/cmake --install /home/zuhurouf/ros2_ws/tool_tracker/build/zed_description
[1.311s] DEBUG:colcon.colcon_core.task.python.build:Available setuptools 'develop' options: --zip-ok, --version, --install-layout, --site-dirs, --editable, --prefix, --optimize, --no-deps, --user, --multi-version, --allow-hosts, --index-url, --exclude-scripts, --upgrade, --always-unzip, --no-find-links, --help, --install-dir, --quiet, --local-snapshots-ok, --egg-path, --dry-run, --script-dir, --record, --always-copy, --verbose, --find-links, --no-user-cfg, --build-directory, --force-installation-into-system-dir, --uninstall
[1.314s] DEBUG:colcon.colcon_core.event_handler.log_command:Invoking command in '/home/zuhurouf/ros2_ws/tool_tracker/build/tool_tracker': PYTHONPATH=/home/zuhurouf/ros2_ws/tool_tracker/build/tool_tracker/prefix_override:/usr/lib/python3/dist-packages/colcon_core/task/python/colcon_distutils_commands:/home/zuhurouf/ros2_ws/tool_tracker/install/tool_tracker/lib/python3.10/site-packages:${PYTHONPATH} /usr/bin/python3 -W ignore:setup.py install is deprecated -W ignore:easy_install command is deprecated setup.py develop --editable --build-directory /home/zuhurouf/ros2_ws/tool_tracker/build/tool_tracker/build --no-deps symlink_data
[1.500s] Level 1:colcon.colcon_core.environment:create_environment_scripts_only(zed_description)
[1.501s] Level 1:colcon.colcon_core.environment:checking '/home/zuhurouf/ros2_ws/tool_tracker/install/zed_description' for CMake module files
[1.501s] DEBUG:colcon.colcon_core.event_handler.log_command:Invoked command in '/home/zuhurouf/ros2_ws/tool_tracker/build/zed_description' returned '0': CMAKE_PREFIX_PATH=${CMAKE_PREFIX_PATH}:/home/zuhurouf/ros2_ws/tool_tracker/install/tool_tracker:/opt/ros/humble /usr/bin/cmake --install /home/zuhurouf/ros2_ws/tool_tracker/build/zed_description
[1.501s] Level 1:colcon.colcon_core.environment:checking '/home/zuhurouf/ros2_ws/tool_tracker/install/zed_description' for CMake config files
[1.502s] Level 1:colcon.colcon_core.shell:create_environment_hook('zed_description', 'cmake_prefix_path')
[1.502s] INFO:colcon.colcon_core.shell:Creating environment hook '/home/zuhurouf/ros2_ws/tool_tracker/install/zed_description/share/zed_description/hook/cmake_prefix_path.ps1'
[1.503s] INFO:colcon.colcon_core.shell:Creating environment descriptor '/home/zuhurouf/ros2_ws/tool_tracker/install/zed_description/share/zed_description/hook/cmake_prefix_path.dsv'
[1.503s] INFO:colcon.colcon_core.shell:Creating environment hook '/home/zuhurouf/ros2_ws/tool_tracker/install/zed_description/share/zed_description/hook/cmake_prefix_path.sh'
[1.503s] Level 1:colcon.colcon_core.environment:checking '/home/zuhurouf/ros2_ws/tool_tracker/install/zed_description/bin'
[1.503s] Level 1:colcon.colcon_core.environment:checking '/home/zuhurouf/ros2_ws/tool_tracker/install/zed_description/lib/pkgconfig/zed_description.pc'
[1.503s] Level 1:colcon.colcon_core.environment:checking '/home/zuhurouf/ros2_ws/tool_tracker/install/zed_description/lib/python3.10/site-packages'
[1.504s] Level 1:colcon.colcon_core.environment:checking '/home/zuhurouf/ros2_ws/tool_tracker/install/zed_description/bin'
[1.504s] INFO:colcon.colcon_core.shell:Creating package script '/home/zuhurouf/ros2_ws/tool_tracker/install/zed_description/share/zed_description/package.ps1'
[1.504s] INFO:colcon.colcon_core.shell:Creating package descriptor '/home/zuhurouf/ros2_ws/tool_tracker/install/zed_description/share/zed_description/package.dsv'
[1.505s] INFO:colcon.colcon_core.shell:Creating package script '/home/zuhurouf/ros2_ws/tool_tracker/install/zed_description/share/zed_description/package.sh'
[1.505s] INFO:colcon.colcon_core.shell:Creating package script '/home/zuhurouf/ros2_ws/tool_tracker/install/zed_description/share/zed_description/package.bash'
[1.506s] INFO:colcon.colcon_core.shell:Creating package script '/home/zuhurouf/ros2_ws/tool_tracker/install/zed_description/share/zed_description/package.zsh'
[1.506s] Level 1:colcon.colcon_core.environment:create_file_with_runtime_dependencies(/home/zuhurouf/ros2_ws/tool_tracker/install/zed_description/share/colcon-core/packages/zed_description)
[1.506s] Level 1:colcon.colcon_core.environment:create_environment_scripts_only(zed_description)
[1.506s] Level 1:colcon.colcon_core.environment:checking '/home/zuhurouf/ros2_ws/tool_tracker/install/zed_description' for CMake module files
[1.507s] Level 1:colcon.colcon_core.environment:checking '/home/zuhurouf/ros2_ws/tool_tracker/install/zed_description' for CMake config files
[1.507s] Level 1:colcon.colcon_core.shell:create_environment_hook('zed_description', 'cmake_prefix_path')
[1.507s] INFO:colcon.colcon_core.shell:Creating environment hook '/home/zuhurouf/ros2_ws/tool_tracker/install/zed_description/share/zed_description/hook/cmake_prefix_path.ps1'
[1.507s] INFO:colcon.colcon_core.shell:Creating environment descriptor '/home/zuhurouf/ros2_ws/tool_tracker/install/zed_description/share/zed_description/hook/cmake_prefix_path.dsv'
[1.508s] INFO:colcon.colcon_core.shell:Creating environment hook '/home/zuhurouf/ros2_ws/tool_tracker/install/zed_description/share/zed_description/hook/cmake_prefix_path.sh'
[1.508s] Level 1:colcon.colcon_core.environment:checking '/home/zuhurouf/ros2_ws/tool_tracker/install/zed_description/bin'
[1.509s] Level 1:colcon.colcon_core.environment:checking '/home/zuhurouf/ros2_ws/tool_tracker/install/zed_description/lib/pkgconfig/zed_description.pc'
[1.509s] Level 1:colcon.colcon_core.environment:checking '/home/zuhurouf/ros2_ws/tool_tracker/install/zed_description/lib/python3.10/site-packages'
[1.509s] Level 1:colcon.colcon_core.environment:checking '/home/zuhurouf/ros2_ws/tool_tracker/install/zed_description/bin'
[1.509s] INFO:colcon.colcon_core.shell:Creating package script '/home/zuhurouf/ros2_ws/tool_tracker/install/zed_description/share/zed_description/package.ps1'
[1.510s] INFO:colcon.colcon_core.shell:Creating package descriptor '/home/zuhurouf/ros2_ws/tool_tracker/install/zed_description/share/zed_description/package.dsv'
[1.510s] INFO:colcon.colcon_core.shell:Creating package script '/home/zuhurouf/ros2_ws/tool_tracker/install/zed_description/share/zed_description/package.sh'
[1.510s] INFO:colcon.colcon_core.shell:Creating package script '/home/zuhurouf/ros2_ws/tool_tracker/install/zed_description/share/zed_description/package.bash'
[1.511s] INFO:colcon.colcon_core.shell:Creating package script '/home/zuhurouf/ros2_ws/tool_tracker/install/zed_description/share/zed_description/package.zsh'
[1.511s] Level 1:colcon.colcon_core.environment:create_file_with_runtime_dependencies(/home/zuhurouf/ros2_ws/tool_tracker/install/zed_description/share/colcon-core/packages/zed_description)
[1.746s] DEBUG:colcon.colcon_core.event_handler.log_command:Invoked command in '/home/zuhurouf/ros2_ws/tool_tracker/build/open_manipulator_x_bringup' returned '0': CMAKE_PREFIX_PATH=/home/zuhurouf/ros2_ws/tool_tracker/install/open_manipulator_x_description:/home/zuhurouf/ros2_ws/tool_tracker/install/zed_description:/home/zuhurouf/ros2_ws/tool_tracker/install/open_manipulator:/home/zuhurouf/ros2_ws/tool_tracker/install/open_manipulator_x_teleop:/home/zuhurouf/ros2_ws/tool_tracker/install/open_manipulator_x_playground:/home/zuhurouf/ros2_ws/tool_tracker/install/open_manipulator_x_moveit_config:/home/zuhurouf/ros2_ws/tool_tracker/install/open_manipulator_x_gui:/home/zuhurouf/ros2_ws/tool_tracker/install/open_manipulator_x_bringup:/home/zuhurouf/ros2_ws/tool_tracker/install/tool_tracker:/opt/ros/humble /usr/bin/cmake /home/zuhurouf/ros2_ws/tool_tracker/src/external/open_manipulator/open_manipulator_x_bringup -DAMENT_CMAKE_SYMLINK_INSTALL=1 -DCMAKE_INSTALL_PREFIX=/home/zuhurouf/ros2_ws/tool_tracker/install/open_manipulator_x_bringup
[1.747s] DEBUG:colcon.colcon_core.event_handler.log_command:Invoking command in '/home/zuhurouf/ros2_ws/tool_tracker/build/open_manipulator_x_bringup': CMAKE_PREFIX_PATH=/home/zuhurouf/ros2_ws/tool_tracker/install/open_manipulator_x_description:/home/zuhurouf/ros2_ws/tool_tracker/install/zed_description:/home/zuhurouf/ros2_ws/tool_tracker/install/open_manipulator:/home/zuhurouf/ros2_ws/tool_tracker/install/open_manipulator_x_teleop:/home/zuhurouf/ros2_ws/tool_tracker/install/open_manipulator_x_playground:/home/zuhurouf/ros2_ws/tool_tracker/install/open_manipulator_x_moveit_config:/home/zuhurouf/ros2_ws/tool_tracker/install/open_manipulator_x_gui:/home/zuhurouf/ros2_ws/tool_tracker/install/open_manipulator_x_bringup:/home/zuhurouf/ros2_ws/tool_tracker/install/tool_tracker:/opt/ros/humble /usr/bin/cmake --build /home/zuhurouf/ros2_ws/tool_tracker/build/open_manipulator_x_bringup -- -j12 -l12
[1.757s] DEBUG:colcon.colcon_core.event_handler.log_command:Invoked command in '/home/zuhurouf/ros2_ws/tool_tracker/build/open_manipulator_x_moveit_config' returned '0': CMAKE_PREFIX_PATH=/home/zuhurouf/ros2_ws/tool_tracker/install/open_manipulator_x_description:/home/zuhurouf/ros2_ws/tool_tracker/install/zed_description:/home/zuhurouf/ros2_ws/tool_tracker/install/open_manipulator:/home/zuhurouf/ros2_ws/tool_tracker/install/open_manipulator_x_teleop:/home/zuhurouf/ros2_ws/tool_tracker/install/open_manipulator_x_playground:/home/zuhurouf/ros2_ws/tool_tracker/install/open_manipulator_x_moveit_config:/home/zuhurouf/ros2_ws/tool_tracker/install/open_manipulator_x_gui:/home/zuhurouf/ros2_ws/tool_tracker/install/open_manipulator_x_bringup:/home/zuhurouf/ros2_ws/tool_tracker/install/tool_tracker:/opt/ros/humble /usr/bin/cmake /home/zuhurouf/ros2_ws/tool_tracker/src/external/open_manipulator/open_manipulator_x_moveit_config -DAMENT_CMAKE_SYMLINK_INSTALL=1 -DCMAKE_INSTALL_PREFIX=/home/zuhurouf/ros2_ws/tool_tracker/install/open_manipulator_x_moveit_config
[1.758s] DEBUG:colcon.colcon_core.event_handler.log_command:Invoking command in '/home/zuhurouf/ros2_ws/tool_tracker/build/open_manipulator_x_moveit_config': CMAKE_PREFIX_PATH=/home/zuhurouf/ros2_ws/tool_tracker/install/open_manipulator_x_description:/home/zuhurouf/ros2_ws/tool_tracker/install/zed_description:/home/zuhurouf/ros2_ws/tool_tracker/install/open_manipulator:/home/zuhurouf/ros2_ws/tool_tracker/install/open_manipulator_x_teleop:/home/zuhurouf/ros2_ws/tool_tracker/install/open_manipulator_x_playground:/home/zuhurouf/ros2_ws/tool_tracker/install/open_manipulator_x_moveit_config:/home/zuhurouf/ros2_ws/tool_tracker/install/open_manipulator_x_gui:/home/zuhurouf/ros2_ws/tool_tracker/install/open_manipulator_x_bringup:/home/zuhurouf/ros2_ws/tool_tracker/install/tool_tracker:/opt/ros/humble /usr/bin/cmake --build /home/zuhurouf/ros2_ws/tool_tracker/build/open_manipulator_x_moveit_config -- -j12 -l12
[1.777s] DEBUG:colcon.colcon_core.event_handler.log_command:Invoked command in '/home/zuhurouf/ros2_ws/tool_tracker/build/open_manipulator_x_bringup' returned '0': CMAKE_PREFIX_PATH=/home/zuhurouf/ros2_ws/tool_tracker/install/open_manipulator_x_description:/home/zuhurouf/ros2_ws/tool_tracker/install/zed_description:/home/zuhurouf/ros2_ws/tool_tracker/install/open_manipulator:/home/zuhurouf/ros2_ws/tool_tracker/install/open_manipulator_x_teleop:/home/zuhurouf/ros2_ws/tool_tracker/install/open_manipulator_x_playground:/home/zuhurouf/ros2_ws/tool_tracker/install/open_manipulator_x_moveit_config:/home/zuhurouf/ros2_ws/tool_tracker/install/open_manipulator_x_gui:/home/zuhurouf/ros2_ws/tool_tracker/install/open_manipulator_x_bringup:/home/zuhurouf/ros2_ws/tool_tracker/install/tool_tracker:/opt/ros/humble /usr/bin/cmake --build /home/zuhurouf/ros2_ws/tool_tracker/build/open_manipulator_x_bringup -- -j12 -l12
[1.779s] DEBUG:colcon.colcon_core.event_handler.log_command:Invoking command in '/home/zuhurouf/ros2_ws/tool_tracker/build/open_manipulator_x_bringup': CMAKE_PREFIX_PATH=/home/zuhurouf/ros2_ws/tool_tracker/install/open_manipulator_x_description:/home/zuhurouf/ros2_ws/tool_tracker/install/zed_description:/home/zuhurouf/ros2_ws/tool_tracker/install/open_manipulator:/home/zuhurouf/ros2_ws/tool_tracker/install/open_manipulator_x_teleop:/home/zuhurouf/ros2_ws/tool_tracker/install/open_manipulator_x_playground:/home/zuhurouf/ros2_ws/tool_tracker/install/open_manipulator_x_moveit_config:/home/zuhurouf/ros2_ws/tool_tracker/install/open_manipulator_x_gui:/home/zuhurouf/ros2_ws/tool_tracker/install/open_manipulator_x_bringup:/home/zuhurouf/ros2_ws/tool_tracker/install/tool_tracker:/opt/ros/humble /usr/bin/cmake --install /home/zuhurouf/ros2_ws/tool_tracker/build/open_manipulator_x_bringup
[1.786s] DEBUG:colcon.colcon_core.event_handler.log_command:Invoked command in '/home/zuhurouf/ros2_ws/tool_tracker/build/open_manipulator_x_moveit_config' returned '0': CMAKE_PREFIX_PATH=/home/zuhurouf/ros2_ws/tool_tracker/install/open_manipulator_x_description:/home/zuhurouf/ros2_ws/tool_tracker/install/zed_description:/home/zuhurouf/ros2_ws/tool_tracker/install/open_manipulator:/home/zuhurouf/ros2_ws/tool_tracker/install/open_manipulator_x_teleop:/home/zuhurouf/ros2_ws/tool_tracker/install/open_manipulator_x_playground:/home/zuhurouf/ros2_ws/tool_tracker/install/open_manipulator_x_moveit_config:/home/zuhurouf/ros2_ws/tool_tracker/install/open_manipulator_x_gui:/home/zuhurouf/ros2_ws/tool_tracker/install/open_manipulator_x_bringup:/home/zuhurouf/ros2_ws/tool_tracker/install/tool_tracker:/opt/ros/humble /usr/bin/cmake --build /home/zuhurouf/ros2_ws/tool_tracker/build/open_manipulator_x_moveit_config -- -j12 -l12
[1.788s] DEBUG:colcon.colcon_core.event_handler.log_command:Invoking command in '/home/zuhurouf/ros2_ws/tool_tracker/build/open_manipulator_x_moveit_config': CMAKE_PREFIX_PATH=/home/zuhurouf/ros2_ws/tool_tracker/install/open_manipulator_x_description:/home/zuhurouf/ros2_ws/tool_tracker/install/zed_description:/home/zuhurouf/ros2_ws/tool_tracker/install/open_manipulator:/home/zuhurouf/ros2_ws/tool_tracker/install/open_manipulator_x_teleop:/home/zuhurouf/ros2_ws/tool_tracker/install/open_manipulator_x_playground:/home/zuhurouf/ros2_ws/tool_tracker/install/open_manipulator_x_moveit_config:/home/zuhurouf/ros2_ws/tool_tracker/install/open_manipulator_x_gui:/home/zuhurouf/ros2_ws/tool_tracker/install/open_manipulator_x_bringup:/home/zuhurouf/ros2_ws/tool_tracker/install/tool_tracker:/opt/ros/humble /usr/bin/cmake --install /home/zuhurouf/ros2_ws/tool_tracker/build/open_manipulator_x_moveit_config
[1.870s] Level 1:colcon.colcon_core.shell:create_environment_hook('tool_tracker', 'pythonpath_develop')
[1.871s] INFO:colcon.colcon_core.shell:Creating environment hook '/home/zuhurouf/ros2_ws/tool_tracker/build/tool_tracker/share/tool_tracker/hook/pythonpath_develop.ps1'
[1.871s] DEBUG:colcon.colcon_core.event_handler.log_command:Invoked command in '/home/zuhurouf/ros2_ws/tool_tracker/build/tool_tracker' returned '0': PYTHONPATH=/home/zuhurouf/ros2_ws/tool_tracker/build/tool_tracker/prefix_override:/usr/lib/python3/dist-packages/colcon_core/task/python/colcon_distutils_commands:/home/zuhurouf/ros2_ws/tool_tracker/install/tool_tracker/lib/python3.10/site-packages:${PYTHONPATH} /usr/bin/python3 -W ignore:setup.py install is deprecated -W ignore:easy_install command is deprecated setup.py develop --editable --build-directory /home/zuhurouf/ros2_ws/tool_tracker/build/tool_tracker/build --no-deps symlink_data
[1.872s] INFO:colcon.colcon_core.shell:Creating environment descriptor '/home/zuhurouf/ros2_ws/tool_tracker/build/tool_tracker/share/tool_tracker/hook/pythonpath_develop.dsv'
[1.872s] INFO:colcon.colcon_core.shell:Creating environment hook '/home/zuhurouf/ros2_ws/tool_tracker/build/tool_tracker/share/tool_tracker/hook/pythonpath_develop.sh'
[1.873s] Level 1:colcon.colcon_core.environment:checking '/home/zuhurouf/ros2_ws/tool_tracker/install/tool_tracker' for CMake module files
[1.873s] Level 1:colcon.colcon_core.environment:checking '/home/zuhurouf/ros2_ws/tool_tracker/install/tool_tracker' for CMake config files
[1.874s] Level 1:colcon.colcon_core.environment:checking '/home/zuhurouf/ros2_ws/tool_tracker/install/tool_tracker/lib'
[1.874s] Level 1:colcon.colcon_core.environment:checking '/home/zuhurouf/ros2_ws/tool_tracker/install/tool_tracker/bin'
[1.874s] Level 1:colcon.colcon_core.environment:checking '/home/zuhurouf/ros2_ws/tool_tracker/install/tool_tracker/lib/pkgconfig/tool_tracker.pc'
[1.874s] Level 1:colcon.colcon_core.environment:checking '/home/zuhurouf/ros2_ws/tool_tracker/install/tool_tracker/lib/python3.10/site-packages'
[1.874s] Level 1:colcon.colcon_core.shell:create_environment_hook('tool_tracker', 'pythonpath')
[1.875s] INFO:colcon.colcon_core.shell:Creating environment hook '/home/zuhurouf/ros2_ws/tool_tracker/install/tool_tracker/share/tool_tracker/hook/pythonpath.ps1'
[1.875s] INFO:colcon.colcon_core.shell:Creating environment descriptor '/home/zuhurouf/ros2_ws/tool_tracker/install/tool_tracker/share/tool_tracker/hook/pythonpath.dsv'
[1.876s] INFO:colcon.colcon_core.shell:Creating environment hook '/home/zuhurouf/ros2_ws/tool_tracker/install/tool_tracker/share/tool_tracker/hook/pythonpath.sh'
[1.876s] Level 1:colcon.colcon_core.environment:checking '/home/zuhurouf/ros2_ws/tool_tracker/install/tool_tracker/bin'
[1.876s] Level 1:colcon.colcon_core.environment:create_environment_scripts_only(tool_tracker)
[1.877s] INFO:colcon.colcon_core.shell:Creating package script '/home/zuhurouf/ros2_ws/tool_tracker/install/tool_tracker/share/tool_tracker/package.ps1'
[1.878s] INFO:colcon.colcon_core.shell:Creating package descriptor '/home/zuhurouf/ros2_ws/tool_tracker/install/tool_tracker/share/tool_tracker/package.dsv'
[1.878s] INFO:colcon.colcon_core.shell:Creating package script '/home/zuhurouf/ros2_ws/tool_tracker/install/tool_tracker/share/tool_tracker/package.sh'
[1.879s] INFO:colcon.colcon_core.shell:Creating package script '/home/zuhurouf/ros2_ws/tool_tracker/install/tool_tracker/share/tool_tracker/package.bash'
[1.879s] INFO:colcon.colcon_core.shell:Creating package script '/home/zuhurouf/ros2_ws/tool_tracker/install/tool_tracker/share/tool_tracker/package.zsh'
[1.880s] Level 1:colcon.colcon_core.environment:create_file_with_runtime_dependencies(/home/zuhurouf/ros2_ws/tool_tracker/install/tool_tracker/share/colcon-core/packages/tool_tracker)
[1.955s] Level 1:colcon.colcon_core.environment:create_environment_scripts_only(open_manipulator_x_bringup)
[1.955s] Level 1:colcon.colcon_core.environment:checking '/home/zuhurouf/ros2_ws/tool_tracker/install/open_manipulator_x_bringup' for CMake module files
[1.955s] DEBUG:colcon.colcon_core.event_handler.log_command:Invoked command in '/home/zuhurouf/ros2_ws/tool_tracker/build/open_manipulator_x_bringup' returned '0': CMAKE_PREFIX_PATH=/home/zuhurouf/ros2_ws/tool_tracker/install/open_manipulator_x_description:/home/zuhurouf/ros2_ws/tool_tracker/install/zed_description:/home/zuhurouf/ros2_ws/tool_tracker/install/open_manipulator:/home/zuhurouf/ros2_ws/tool_tracker/install/open_manipulator_x_teleop:/home/zuhurouf/ros2_ws/tool_tracker/install/open_manipulator_x_playground:/home/zuhurouf/ros2_ws/tool_tracker/install/open_manipulator_x_moveit_config:/home/zuhurouf/ros2_ws/tool_tracker/install/open_manipulator_x_gui:/home/zuhurouf/ros2_ws/tool_tracker/install/open_manipulator_x_bringup:/home/zuhurouf/ros2_ws/tool_tracker/install/tool_tracker:/opt/ros/humble /usr/bin/cmake --install /home/zuhurouf/ros2_ws/tool_tracker/build/open_manipulator_x_bringup
[1.956s] Level 1:colcon.colcon_core.environment:checking '/home/zuhurouf/ros2_ws/tool_tracker/install/open_manipulator_x_bringup' for CMake config files
[1.956s] Level 1:colcon.colcon_core.shell:create_environment_hook('open_manipulator_x_bringup', 'cmake_prefix_path')
[1.956s] INFO:colcon.colcon_core.shell:Creating environment hook '/home/zuhurouf/ros2_ws/tool_tracker/install/open_manipulator_x_bringup/share/open_manipulator_x_bringup/hook/cmake_prefix_path.ps1'
[1.956s] INFO:colcon.colcon_core.shell:Creating environment descriptor '/home/zuhurouf/ros2_ws/tool_tracker/install/open_manipulator_x_bringup/share/open_manipulator_x_bringup/hook/cmake_prefix_path.dsv'
[1.957s] INFO:colcon.colcon_core.shell:Creating environment hook '/home/zuhurouf/ros2_ws/tool_tracker/install/open_manipulator_x_bringup/share/open_manipulator_x_bringup/hook/cmake_prefix_path.sh'
[1.957s] Level 1:colcon.colcon_core.environment:checking '/home/zuhurouf/ros2_ws/tool_tracker/install/open_manipulator_x_bringup/lib'
[1.957s] Level 1:colcon.colcon_core.environment:checking '/home/zuhurouf/ros2_ws/tool_tracker/install/open_manipulator_x_bringup/bin'
[1.957s] Level 1:colcon.colcon_core.environment:checking '/home/zuhurouf/ros2_ws/tool_tracker/install/open_manipulator_x_bringup/lib/pkgconfig/open_manipulator_x_bringup.pc'
[1.957s] Level 1:colcon.colcon_core.environment:checking '/home/zuhurouf/ros2_ws/tool_tracker/install/open_manipulator_x_bringup/lib/python3.10/site-packages'
[1.958s] Level 1:colcon.colcon_core.environment:checking '/home/zuhurouf/ros2_ws/tool_tracker/install/open_manipulator_x_bringup/bin'
[1.958s] INFO:colcon.colcon_core.shell:Creating package script '/home/zuhurouf/ros2_ws/tool_tracker/install/open_manipulator_x_bringup/share/open_manipulator_x_bringup/package.ps1'
[1.958s] INFO:colcon.colcon_core.shell:Creating package descriptor '/home/zuhurouf/ros2_ws/tool_tracker/install/open_manipulator_x_bringup/share/open_manipulator_x_bringup/package.dsv'
[1.958s] INFO:colcon.colcon_core.shell:Creating package script '/home/zuhurouf/ros2_ws/tool_tracker/install/open_manipulator_x_bringup/share/open_manipulator_x_bringup/package.sh'
[1.959s] INFO:colcon.colcon_core.shell:Creating package script '/home/zuhurouf/ros2_ws/tool_tracker/install/open_manipulator_x_bringup/share/open_manipulator_x_bringup/package.bash'
[1.959s] INFO:colcon.colcon_core.shell:Creating package script '/home/zuhurouf/ros2_ws/tool_tracker/install/open_manipulator_x_bringup/share/open_manipulator_x_bringup/package.zsh'
[1.959s] Level 1:colcon.colcon_core.environment:create_file_with_runtime_dependencies(/home/zuhurouf/ros2_ws/tool_tracker/install/open_manipulator_x_bringup/share/colcon-core/packages/open_manipulator_x_bringup)
[1.960s] Level 1:colcon.colcon_core.environment:create_environment_scripts_only(open_manipulator_x_bringup)
[1.960s] Level 1:colcon.colcon_core.environment:checking '/home/zuhurouf/ros2_ws/tool_tracker/install/open_manipulator_x_bringup' for CMake module files
[1.960s] Level 1:colcon.colcon_core.environment:checking '/home/zuhurouf/ros2_ws/tool_tracker/install/open_manipulator_x_bringup' for CMake config files
[1.960s] Level 1:colcon.colcon_core.shell:create_environment_hook('open_manipulator_x_bringup', 'cmake_prefix_path')
[1.961s] INFO:colcon.colcon_core.shell:Creating environment hook '/home/zuhurouf/ros2_ws/tool_tracker/install/open_manipulator_x_bringup/share/open_manipulator_x_bringup/hook/cmake_prefix_path.ps1'
[1.961s] INFO:colcon.colcon_core.shell:Creating environment descriptor '/home/zuhurouf/ros2_ws/tool_tracker/install/open_manipulator_x_bringup/share/open_manipulator_x_bringup/hook/cmake_prefix_path.dsv'
[1.961s] INFO:colcon.colcon_core.shell:Creating environment hook '/home/zuhurouf/ros2_ws/tool_tracker/install/open_manipulator_x_bringup/share/open_manipulator_x_bringup/hook/cmake_prefix_path.sh'
[1.962s] Level 1:colcon.colcon_core.environment:checking '/home/zuhurouf/ros2_ws/tool_tracker/install/open_manipulator_x_bringup/lib'
[1.962s] Level 1:colcon.colcon_core.environment:checking '/home/zuhurouf/ros2_ws/tool_tracker/install/open_manipulator_x_bringup/bin'
[1.962s] Level 1:colcon.colcon_core.environment:checking '/home/zuhurouf/ros2_ws/tool_tracker/install/open_manipulator_x_bringup/lib/pkgconfig/open_manipulator_x_bringup.pc'
[1.962s] Level 1:colcon.colcon_core.environment:checking '/home/zuhurouf/ros2_ws/tool_tracker/install/open_manipulator_x_bringup/lib/python3.10/site-packages'
[1.962s] Level 1:colcon.colcon_core.environment:checking '/home/zuhurouf/ros2_ws/tool_tracker/install/open_manipulator_x_bringup/bin'
[1.963s] INFO:colcon.colcon_core.shell:Creating package script '/home/zuhurouf/ros2_ws/tool_tracker/install/open_manipulator_x_bringup/share/open_manipulator_x_bringup/package.ps1'
[1.963s] INFO:colcon.colcon_core.shell:Creating package descriptor '/home/zuhurouf/ros2_ws/tool_tracker/install/open_manipulator_x_bringup/share/open_manipulator_x_bringup/package.dsv'
[1.963s] INFO:colcon.colcon_core.shell:Creating package script '/home/zuhurouf/ros2_ws/tool_tracker/install/open_manipulator_x_bringup/share/open_manipulator_x_bringup/package.sh'
[1.964s] INFO:colcon.colcon_core.shell:Creating package script '/home/zuhurouf/ros2_ws/tool_tracker/install/open_manipulator_x_bringup/share/open_manipulator_x_bringup/package.bash'
[1.964s] INFO:colcon.colcon_core.shell:Creating package script '/home/zuhurouf/ros2_ws/tool_tracker/install/open_manipulator_x_bringup/share/open_manipulator_x_bringup/package.zsh'
[1.964s] Level 1:colcon.colcon_core.environment:create_file_with_runtime_dependencies(/home/zuhurouf/ros2_ws/tool_tracker/install/open_manipulator_x_bringup/share/colcon-core/packages/open_manipulator_x_bringup)
[1.969s] DEBUG:colcon.colcon_core.event_handler.log_command:Invoked command in '/home/zuhurouf/ros2_ws/tool_tracker/build/open_manipulator_x_gui' returned '0': CMAKE_PREFIX_PATH=${CMAKE_PREFIX_PATH}:/home/zuhurouf/ros2_ws/tool_tracker/install/tool_tracker:/opt/ros/humble /usr/bin/cmake /home/zuhurouf/ros2_ws/tool_tracker/src/external/open_manipulator/open_manipulator_x_gui -DAMENT_CMAKE_SYMLINK_INSTALL=1 -DCMAKE_INSTALL_PREFIX=/home/zuhurouf/ros2_ws/tool_tracker/install/open_manipulator_x_gui
[1.970s] DEBUG:colcon.colcon_core.event_handler.log_command:Invoking command in '/home/zuhurouf/ros2_ws/tool_tracker/build/open_manipulator_x_gui': CMAKE_PREFIX_PATH=${CMAKE_PREFIX_PATH}:/home/zuhurouf/ros2_ws/tool_tracker/install/tool_tracker:/opt/ros/humble /usr/bin/cmake --build /home/zuhurouf/ros2_ws/tool_tracker/build/open_manipulator_x_gui -- -j12 -l12
[2.011s] DEBUG:colcon.colcon_core.event_handler.log_command:Invoked command in '/home/zuhurouf/ros2_ws/tool_tracker/build/open_manipulator_x_playground' returned '0': CMAKE_PREFIX_PATH=${CMAKE_PREFIX_PATH}:/home/zuhurouf/ros2_ws/tool_tracker/install/tool_tracker:/opt/ros/humble /usr/bin/cmake /home/zuhurouf/ros2_ws/tool_tracker/src/external/open_manipulator/open_manipulator_x_playground -DAMENT_CMAKE_SYMLINK_INSTALL=1 -DCMAKE_INSTALL_PREFIX=/home/zuhurouf/ros2_ws/tool_tracker/install/open_manipulator_x_playground
[2.012s] DEBUG:colcon.colcon_core.event_handler.log_command:Invoking command in '/home/zuhurouf/ros2_ws/tool_tracker/build/open_manipulator_x_playground': CMAKE_PREFIX_PATH=${CMAKE_PREFIX_PATH}:/home/zuhurouf/ros2_ws/tool_tracker/install/tool_tracker:/opt/ros/humble /usr/bin/cmake --build /home/zuhurouf/ros2_ws/tool_tracker/build/open_manipulator_x_playground -- -j12 -l12
[2.043s] Level 1:colcon.colcon_core.environment:create_environment_scripts_only(open_manipulator_x_moveit_config)
[2.043s] Level 1:colcon.colcon_core.environment:checking '/home/zuhurouf/ros2_ws/tool_tracker/install/open_manipulator_x_moveit_config' for CMake module files
[2.043s] DEBUG:colcon.colcon_core.event_handler.log_command:Invoked command in '/home/zuhurouf/ros2_ws/tool_tracker/build/open_manipulator_x_moveit_config' returned '0': CMAKE_PREFIX_PATH=/home/zuhurouf/ros2_ws/tool_tracker/install/open_manipulator_x_description:/home/zuhurouf/ros2_ws/tool_tracker/install/zed_description:/home/zuhurouf/ros2_ws/tool_tracker/install/open_manipulator:/home/zuhurouf/ros2_ws/tool_tracker/install/open_manipulator_x_teleop:/home/zuhurouf/ros2_ws/tool_tracker/install/open_manipulator_x_playground:/home/zuhurouf/ros2_ws/tool_tracker/install/open_manipulator_x_moveit_config:/home/zuhurouf/ros2_ws/tool_tracker/install/open_manipulator_x_gui:/home/zuhurouf/ros2_ws/tool_tracker/install/open_manipulator_x_bringup:/home/zuhurouf/ros2_ws/tool_tracker/install/tool_tracker:/opt/ros/humble /usr/bin/cmake --install /home/zuhurouf/ros2_ws/tool_tracker/build/open_manipulator_x_moveit_config
[2.043s] Level 1:colcon.colcon_core.environment:checking '/home/zuhurouf/ros2_ws/tool_tracker/install/open_manipulator_x_moveit_config' for CMake config files
[2.044s] Level 1:colcon.colcon_core.shell:create_environment_hook('open_manipulator_x_moveit_config', 'cmake_prefix_path')
[2.044s] INFO:colcon.colcon_core.shell:Creating environment hook '/home/zuhurouf/ros2_ws/tool_tracker/install/open_manipulator_x_moveit_config/share/open_manipulator_x_moveit_config/hook/cmake_prefix_path.ps1'
[2.044s] INFO:colcon.colcon_core.shell:Creating environment descriptor '/home/zuhurouf/ros2_ws/tool_tracker/install/open_manipulator_x_moveit_config/share/open_manipulator_x_moveit_config/hook/cmake_prefix_path.dsv'
[2.045s] INFO:colcon.colcon_core.shell:Creating environment hook '/home/zuhurouf/ros2_ws/tool_tracker/install/open_manipulator_x_moveit_config/share/open_manipulator_x_moveit_config/hook/cmake_prefix_path.sh'
[2.045s] Level 1:colcon.colcon_core.environment:checking '/home/zuhurouf/ros2_ws/tool_tracker/install/open_manipulator_x_moveit_config/bin'
[2.045s] Level 1:colcon.colcon_core.environment:checking '/home/zuhurouf/ros2_ws/tool_tracker/install/open_manipulator_x_moveit_config/lib/pkgconfig/open_manipulator_x_moveit_config.pc'
[2.045s] Level 1:colcon.colcon_core.environment:checking '/home/zuhurouf/ros2_ws/tool_tracker/install/open_manipulator_x_moveit_config/lib/python3.10/site-packages'
[2.045s] Level 1:colcon.colcon_core.environment:checking '/home/zuhurouf/ros2_ws/tool_tracker/install/open_manipulator_x_moveit_config/bin'
[2.046s] INFO:colcon.colcon_core.shell:Creating package script '/home/zuhurouf/ros2_ws/tool_tracker/install/open_manipulator_x_moveit_config/share/open_manipulator_x_moveit_config/package.ps1'
[2.046s] INFO:colcon.colcon_core.shell:Creating package descriptor '/home/zuhurouf/ros2_ws/tool_tracker/install/open_manipulator_x_moveit_config/share/open_manipulator_x_moveit_config/package.dsv'
[2.046s] INFO:colcon.colcon_core.shell:Creating package script '/home/zuhurouf/ros2_ws/tool_tracker/install/open_manipulator_x_moveit_config/share/open_manipulator_x_moveit_config/package.sh'
[2.047s] INFO:colcon.colcon_core.shell:Creating package script '/home/zuhurouf/ros2_ws/tool_tracker/install/open_manipulator_x_moveit_config/share/open_manipulator_x_moveit_config/package.bash'
[2.047s] INFO:colcon.colcon_core.shell:Creating package script '/home/zuhurouf/ros2_ws/tool_tracker/install/open_manipulator_x_moveit_config/share/open_manipulator_x_moveit_config/package.zsh'
[2.047s] Level 1:colcon.colcon_core.environment:create_file_with_runtime_dependencies(/home/zuhurouf/ros2_ws/tool_tracker/install/open_manipulator_x_moveit_config/share/colcon-core/packages/open_manipulator_x_moveit_config)
[2.047s] Level 1:colcon.colcon_core.environment:create_environment_scripts_only(open_manipulator_x_moveit_config)
[2.048s] Level 1:colcon.colcon_core.environment:checking '/home/zuhurouf/ros2_ws/tool_tracker/install/open_manipulator_x_moveit_config' for CMake module files
[2.048s] Level 1:colcon.colcon_core.environment:checking '/home/zuhurouf/ros2_ws/tool_tracker/install/open_manipulator_x_moveit_config' for CMake config files
[2.049s] Level 1:colcon.colcon_core.shell:create_environment_hook('open_manipulator_x_moveit_config', 'cmake_prefix_path')
[2.049s] INFO:colcon.colcon_core.shell:Creating environment hook '/home/zuhurouf/ros2_ws/tool_tracker/install/open_manipulator_x_moveit_config/share/open_manipulator_x_moveit_config/hook/cmake_prefix_path.ps1'
[2.049s] INFO:colcon.colcon_core.shell:Creating environment descriptor '/home/zuhurouf/ros2_ws/tool_tracker/install/open_manipulator_x_moveit_config/share/open_manipulator_x_moveit_config/hook/cmake_prefix_path.dsv'
[2.050s] INFO:colcon.colcon_core.shell:Creating environment hook '/home/zuhurouf/ros2_ws/tool_tracker/install/open_manipulator_x_moveit_config/share/open_manipulator_x_moveit_config/hook/cmake_prefix_path.sh'
[2.050s] Level 1:colcon.colcon_core.environment:checking '/home/zuhurouf/ros2_ws/tool_tracker/install/open_manipulator_x_moveit_config/bin'
[2.050s] Level 1:colcon.colcon_core.environment:checking '/home/zuhurouf/ros2_ws/tool_tracker/install/open_manipulator_x_moveit_config/lib/pkgconfig/open_manipulator_x_moveit_config.pc'
[2.050s] Level 1:colcon.colcon_core.environment:checking '/home/zuhurouf/ros2_ws/tool_tracker/install/open_manipulator_x_moveit_config/lib/python3.10/site-packages'
[2.051s] Level 1:colcon.colcon_core.environment:checking '/home/zuhurouf/ros2_ws/tool_tracker/install/open_manipulator_x_moveit_config/bin'
[2.051s] INFO:colcon.colcon_core.shell:Creating package script '/home/zuhurouf/ros2_ws/tool_tracker/install/open_manipulator_x_moveit_config/share/open_manipulator_x_moveit_config/package.ps1'
[2.051s] INFO:colcon.colcon_core.shell:Creating package descriptor '/home/zuhurouf/ros2_ws/tool_tracker/install/open_manipulator_x_moveit_config/share/open_manipulator_x_moveit_config/package.dsv'
[2.052s] INFO:colcon.colcon_core.shell:Creating package script '/home/zuhurouf/ros2_ws/tool_tracker/install/open_manipulator_x_moveit_config/share/open_manipulator_x_moveit_config/package.sh'
[2.052s] INFO:colcon.colcon_core.shell:Creating package script '/home/zuhurouf/ros2_ws/tool_tracker/install/open_manipulator_x_moveit_config/share/open_manipulator_x_moveit_config/package.bash'
[2.052s] INFO:colcon.colcon_core.shell:Creating package script '/home/zuhurouf/ros2_ws/tool_tracker/install/open_manipulator_x_moveit_config/share/open_manipulator_x_moveit_config/package.zsh'
[2.052s] Level 1:colcon.colcon_core.environment:create_file_with_runtime_dependencies(/home/zuhurouf/ros2_ws/tool_tracker/install/open_manipulator_x_moveit_config/share/colcon-core/packages/open_manipulator_x_moveit_config)
[2.053s] INFO:colcon.colcon_ros.task.ament_cmake.build:Building ROS package in '/home/zuhurouf/ros2_ws/tool_tracker/src/external/open_manipulator/open_manipulator_x_teleop' with build type 'ament_cmake'
[2.053s] INFO:colcon.colcon_cmake.task.cmake.build:Building CMake package in '/home/zuhurouf/ros2_ws/tool_tracker/src/external/open_manipulator/open_manipulator_x_teleop'
[2.053s] INFO:colcon.colcon_core.shell:Skip shell extension 'powershell' for command environment: Not usable outside of PowerShell
[2.053s] DEBUG:colcon.colcon_core.shell:Skip shell extension 'dsv' for command environment
[2.061s] DEBUG:colcon.colcon_core.event_handler.log_command:Invoking command in '/home/zuhurouf/ros2_ws/tool_tracker/build/open_manipulator_x_teleop': CMAKE_PREFIX_PATH=/home/zuhurouf/ros2_ws/tool_tracker/install/open_manipulator_x_moveit_config:/home/zuhurouf/ros2_ws/tool_tracker/install/open_manipulator_x_bringup:/home/zuhurouf/ros2_ws/tool_tracker/install/open_manipulator_x_description:/home/zuhurouf/ros2_ws/tool_tracker/install/zed_description:/home/zuhurouf/ros2_ws/tool_tracker/install/open_manipulator:/home/zuhurouf/ros2_ws/tool_tracker/install/open_manipulator_x_teleop:/home/zuhurouf/ros2_ws/tool_tracker/install/open_manipulator_x_playground:/home/zuhurouf/ros2_ws/tool_tracker/install/open_manipulator_x_gui:/home/zuhurouf/ros2_ws/tool_tracker/install/tool_tracker:/opt/ros/humble /usr/bin/cmake /home/zuhurouf/ros2_ws/tool_tracker/src/external/open_manipulator/open_manipulator_x_teleop -DAMENT_CMAKE_SYMLINK_INSTALL=1 -DCMAKE_INSTALL_PREFIX=/home/zuhurouf/ros2_ws/tool_tracker/install/open_manipulator_x_teleop
[3.806s] DEBUG:colcon.colcon_core.event_handler.log_command:Invoked command in '/home/zuhurouf/ros2_ws/tool_tracker/build/open_manipulator_x_teleop' returned '0': CMAKE_PREFIX_PATH=/home/zuhurouf/ros2_ws/tool_tracker/install/open_manipulator_x_moveit_config:/home/zuhurouf/ros2_ws/tool_tracker/install/open_manipulator_x_bringup:/home/zuhurouf/ros2_ws/tool_tracker/install/open_manipulator_x_description:/home/zuhurouf/ros2_ws/tool_tracker/install/zed_description:/home/zuhurouf/ros2_ws/tool_tracker/install/open_manipulator:/home/zuhurouf/ros2_ws/tool_tracker/install/open_manipulator_x_teleop:/home/zuhurouf/ros2_ws/tool_tracker/install/open_manipulator_x_playground:/home/zuhurouf/ros2_ws/tool_tracker/install/open_manipulator_x_gui:/home/zuhurouf/ros2_ws/tool_tracker/install/tool_tracker:/opt/ros/humble /usr/bin/cmake /home/zuhurouf/ros2_ws/tool_tracker/src/external/open_manipulator/open_manipulator_x_teleop -DAMENT_CMAKE_SYMLINK_INSTALL=1 -DCMAKE_INSTALL_PREFIX=/home/zuhurouf/ros2_ws/tool_tracker/install/open_manipulator_x_teleop
[3.808s] DEBUG:colcon.colcon_core.event_handler.log_command:Invoking command in '/home/zuhurouf/ros2_ws/tool_tracker/build/open_manipulator_x_teleop': CMAKE_PREFIX_PATH=/home/zuhurouf/ros2_ws/tool_tracker/install/open_manipulator_x_moveit_config:/home/zuhurouf/ros2_ws/tool_tracker/install/open_manipulator_x_bringup:/home/zuhurouf/ros2_ws/tool_tracker/install/open_manipulator_x_description:/home/zuhurouf/ros2_ws/tool_tracker/install/zed_description:/home/zuhurouf/ros2_ws/tool_tracker/install/open_manipulator:/home/zuhurouf/ros2_ws/tool_tracker/install/open_manipulator_x_teleop:/home/zuhurouf/ros2_ws/tool_tracker/install/open_manipulator_x_playground:/home/zuhurouf/ros2_ws/tool_tracker/install/open_manipulator_x_gui:/home/zuhurouf/ros2_ws/tool_tracker/install/tool_tracker:/opt/ros/humble /usr/bin/cmake --build /home/zuhurouf/ros2_ws/tool_tracker/build/open_manipulator_x_teleop -- -j12 -l12
[10.427s] DEBUG:colcon.colcon_core.event_handler.log_command:Invoked command in '/home/zuhurouf/ros2_ws/tool_tracker/build/open_manipulator_x_teleop' returned '0': CMAKE_PREFIX_PATH=/home/zuhurouf/ros2_ws/tool_tracker/install/open_manipulator_x_moveit_config:/home/zuhurouf/ros2_ws/tool_tracker/install/open_manipulator_x_bringup:/home/zuhurouf/ros2_ws/tool_tracker/install/open_manipulator_x_description:/home/zuhurouf/ros2_ws/tool_tracker/install/zed_description:/home/zuhurouf/ros2_ws/tool_tracker/install/open_manipulator:/home/zuhurouf/ros2_ws/tool_tracker/install/open_manipulator_x_teleop:/home/zuhurouf/ros2_ws/tool_tracker/install/open_manipulator_x_playground:/home/zuhurouf/ros2_ws/tool_tracker/install/open_manipulator_x_gui:/home/zuhurouf/ros2_ws/tool_tracker/install/tool_tracker:/opt/ros/humble /usr/bin/cmake --build /home/zuhurouf/ros2_ws/tool_tracker/build/open_manipulator_x_teleop -- -j12 -l12
[10.429s] DEBUG:colcon.colcon_core.event_handler.log_command:Invoking command in '/home/zuhurouf/ros2_ws/tool_tracker/build/open_manipulator_x_teleop': CMAKE_PREFIX_PATH=/home/zuhurouf/ros2_ws/tool_tracker/install/open_manipulator_x_moveit_config:/home/zuhurouf/ros2_ws/tool_tracker/install/open_manipulator_x_bringup:/home/zuhurouf/ros2_ws/tool_tracker/install/open_manipulator_x_description:/home/zuhurouf/ros2_ws/tool_tracker/install/zed_description:/home/zuhurouf/ros2_ws/tool_tracker/install/open_manipulator:/home/zuhurouf/ros2_ws/tool_tracker/install/open_manipulator_x_teleop:/home/zuhurouf/ros2_ws/tool_tracker/install/open_manipulator_x_playground:/home/zuhurouf/ros2_ws/tool_tracker/install/open_manipulator_x_gui:/home/zuhurouf/ros2_ws/tool_tracker/install/tool_tracker:/opt/ros/humble /usr/bin/cmake --install /home/zuhurouf/ros2_ws/tool_tracker/build/open_manipulator_x_teleop
[10.560s] Level 1:colcon.colcon_core.environment:create_environment_scripts_only(open_manipulator_x_teleop)
[10.561s] Level 1:colcon.colcon_core.environment:checking '/home/zuhurouf/ros2_ws/tool_tracker/install/open_manipulator_x_teleop' for CMake module files
[10.561s] DEBUG:colcon.colcon_core.event_handler.log_command:Invoked command in '/home/zuhurouf/ros2_ws/tool_tracker/build/open_manipulator_x_teleop' returned '0': CMAKE_PREFIX_PATH=/home/zuhurouf/ros2_ws/tool_tracker/install/open_manipulator_x_moveit_config:/home/zuhurouf/ros2_ws/tool_tracker/install/open_manipulator_x_bringup:/home/zuhurouf/ros2_ws/tool_tracker/install/open_manipulator_x_description:/home/zuhurouf/ros2_ws/tool_tracker/install/zed_description:/home/zuhurouf/ros2_ws/tool_tracker/install/open_manipulator:/home/zuhurouf/ros2_ws/tool_tracker/install/open_manipulator_x_teleop:/home/zuhurouf/ros2_ws/tool_tracker/install/open_manipulator_x_playground:/home/zuhurouf/ros2_ws/tool_tracker/install/open_manipulator_x_gui:/home/zuhurouf/ros2_ws/tool_tracker/install/tool_tracker:/opt/ros/humble /usr/bin/cmake --install /home/zuhurouf/ros2_ws/tool_tracker/build/open_manipulator_x_teleop
[10.561s] Level 1:colcon.colcon_core.environment:checking '/home/zuhurouf/ros2_ws/tool_tracker/install/open_manipulator_x_teleop' for CMake config files
[10.562s] Level 1:colcon.colcon_core.shell:create_environment_hook('open_manipulator_x_teleop', 'cmake_prefix_path')
[10.562s] INFO:colcon.colcon_core.shell:Creating environment hook '/home/zuhurouf/ros2_ws/tool_tracker/install/open_manipulator_x_teleop/share/open_manipulator_x_teleop/hook/cmake_prefix_path.ps1'
[10.562s] INFO:colcon.colcon_core.shell:Creating environment descriptor '/home/zuhurouf/ros2_ws/tool_tracker/install/open_manipulator_x_teleop/share/open_manipulator_x_teleop/hook/cmake_prefix_path.dsv'
[10.563s] INFO:colcon.colcon_core.shell:Creating environment hook '/home/zuhurouf/ros2_ws/tool_tracker/install/open_manipulator_x_teleop/share/open_manipulator_x_teleop/hook/cmake_prefix_path.sh'
[10.563s] Level 1:colcon.colcon_core.environment:checking '/home/zuhurouf/ros2_ws/tool_tracker/install/open_manipulator_x_teleop/lib'
[10.563s] Level 1:colcon.colcon_core.environment:checking '/home/zuhurouf/ros2_ws/tool_tracker/install/open_manipulator_x_teleop/bin'
[10.563s] Level 1:colcon.colcon_core.environment:checking '/home/zuhurouf/ros2_ws/tool_tracker/install/open_manipulator_x_teleop/lib/pkgconfig/open_manipulator_x_teleop.pc'
[10.564s] Level 1:colcon.colcon_core.environment:checking '/home/zuhurouf/ros2_ws/tool_tracker/install/open_manipulator_x_teleop/lib/python3.10/site-packages'
[10.564s] Level 1:colcon.colcon_core.environment:checking '/home/zuhurouf/ros2_ws/tool_tracker/install/open_manipulator_x_teleop/bin'
[10.564s] INFO:colcon.colcon_core.shell:Creating package script '/home/zuhurouf/ros2_ws/tool_tracker/install/open_manipulator_x_teleop/share/open_manipulator_x_teleop/package.ps1'
[10.565s] INFO:colcon.colcon_core.shell:Creating package descriptor '/home/zuhurouf/ros2_ws/tool_tracker/install/open_manipulator_x_teleop/share/open_manipulator_x_teleop/package.dsv'
[10.565s] INFO:colcon.colcon_core.shell:Creating package script '/home/zuhurouf/ros2_ws/tool_tracker/install/open_manipulator_x_teleop/share/open_manipulator_x_teleop/package.sh'
[10.565s] INFO:colcon.colcon_core.shell:Creating package script '/home/zuhurouf/ros2_ws/tool_tracker/install/open_manipulator_x_teleop/share/open_manipulator_x_teleop/package.bash'
[10.565s] INFO:colcon.colcon_core.shell:Creating package script '/home/zuhurouf/ros2_ws/tool_tracker/install/open_manipulator_x_teleop/share/open_manipulator_x_teleop/package.zsh'
[10.566s] Level 1:colcon.colcon_core.environment:create_file_with_runtime_dependencies(/home/zuhurouf/ros2_ws/tool_tracker/install/open_manipulator_x_teleop/share/colcon-core/packages/open_manipulator_x_teleop)
[10.566s] Level 1:colcon.colcon_core.environment:create_environment_scripts_only(open_manipulator_x_teleop)
[10.566s] Level 1:colcon.colcon_core.environment:checking '/home/zuhurouf/ros2_ws/tool_tracker/install/open_manipulator_x_teleop' for CMake module files
[10.567s] Level 1:colcon.colcon_core.environment:checking '/home/zuhurouf/ros2_ws/tool_tracker/install/open_manipulator_x_teleop' for CMake config files
[10.567s] Level 1:colcon.colcon_core.shell:create_environment_hook('open_manipulator_x_teleop', 'cmake_prefix_path')
[10.567s] INFO:colcon.colcon_core.shell:Creating environment hook '/home/zuhurouf/ros2_ws/tool_tracker/install/open_manipulator_x_teleop/share/open_manipulator_x_teleop/hook/cmake_prefix_path.ps1'
[10.568s] INFO:colcon.colcon_core.shell:Creating environment descriptor '/home/zuhurouf/ros2_ws/tool_tracker/install/open_manipulator_x_teleop/share/open_manipulator_x_teleop/hook/cmake_prefix_path.dsv'
[10.568s] INFO:colcon.colcon_core.shell:Creating environment hook '/home/zuhurouf/ros2_ws/tool_tracker/install/open_manipulator_x_teleop/share/open_manipulator_x_teleop/hook/cmake_prefix_path.sh'
[10.568s] Level 1:colcon.colcon_core.environment:checking '/home/zuhurouf/ros2_ws/tool_tracker/install/open_manipulator_x_teleop/lib'
[10.568s] Level 1:colcon.colcon_core.environment:checking '/home/zuhurouf/ros2_ws/tool_tracker/install/open_manipulator_x_teleop/bin'
[10.568s] Level 1:colcon.colcon_core.environment:checking '/home/zuhurouf/ros2_ws/tool_tracker/install/open_manipulator_x_teleop/lib/pkgconfig/open_manipulator_x_teleop.pc'
[10.568s] Level 1:colcon.colcon_core.environment:checking '/home/zuhurouf/ros2_ws/tool_tracker/install/open_manipulator_x_teleop/lib/python3.10/site-packages'
[10.569s] Level 1:colcon.colcon_core.environment:checking '/home/zuhurouf/ros2_ws/tool_tracker/install/open_manipulator_x_teleop/bin'
[10.569s] INFO:colcon.colcon_core.shell:Creating package script '/home/zuhurouf/ros2_ws/tool_tracker/install/open_manipulator_x_teleop/share/open_manipulator_x_teleop/package.ps1'
[10.569s] INFO:colcon.colcon_core.shell:Creating package descriptor '/home/zuhurouf/ros2_ws/tool_tracker/install/open_manipulator_x_teleop/share/open_manipulator_x_teleop/package.dsv'
[10.570s] INFO:colcon.colcon_core.shell:Creating package script '/home/zuhurouf/ros2_ws/tool_tracker/install/open_manipulator_x_teleop/share/open_manipulator_x_teleop/package.sh'
[10.570s] INFO:colcon.colcon_core.shell:Creating package script '/home/zuhurouf/ros2_ws/tool_tracker/install/open_manipulator_x_teleop/share/open_manipulator_x_teleop/package.bash'
[10.571s] INFO:colcon.colcon_core.shell:Creating package script '/home/zuhurouf/ros2_ws/tool_tracker/install/open_manipulator_x_teleop/share/open_manipulator_x_teleop/package.zsh'
[10.571s] Level 1:colcon.colcon_core.environment:create_file_with_runtime_dependencies(/home/zuhurouf/ros2_ws/tool_tracker/install/open_manipulator_x_teleop/share/colcon-core/packages/open_manipulator_x_teleop)
[12.605s] DEBUG:colcon.colcon_core.event_handler.log_command:Invoked command in '/home/zuhurouf/ros2_ws/tool_tracker/build/open_manipulator_x_playground' returned '0': CMAKE_PREFIX_PATH=${CMAKE_PREFIX_PATH}:/home/zuhurouf/ros2_ws/tool_tracker/install/tool_tracker:/opt/ros/humble /usr/bin/cmake --build /home/zuhurouf/ros2_ws/tool_tracker/build/open_manipulator_x_playground -- -j12 -l12
[12.606s] DEBUG:colcon.colcon_core.event_handler.log_command:Invoking command in '/home/zuhurouf/ros2_ws/tool_tracker/build/open_manipulator_x_playground': CMAKE_PREFIX_PATH=${CMAKE_PREFIX_PATH}:/home/zuhurouf/ros2_ws/tool_tracker/install/tool_tracker:/opt/ros/humble /usr/bin/cmake --install /home/zuhurouf/ros2_ws/tool_tracker/build/open_manipulator_x_playground
[12.721s] Level 1:colcon.colcon_core.environment:create_environment_scripts_only(open_manipulator_x_playground)
[12.721s] Level 1:colcon.colcon_core.environment:checking '/home/zuhurouf/ros2_ws/tool_tracker/install/open_manipulator_x_playground' for CMake module files
[12.721s] DEBUG:colcon.colcon_core.event_handler.log_command:Invoked command in '/home/zuhurouf/ros2_ws/tool_tracker/build/open_manipulator_x_playground' returned '0': CMAKE_PREFIX_PATH=${CMAKE_PREFIX_PATH}:/home/zuhurouf/ros2_ws/tool_tracker/install/tool_tracker:/opt/ros/humble /usr/bin/cmake --install /home/zuhurouf/ros2_ws/tool_tracker/build/open_manipulator_x_playground
[12.722s] Level 1:colcon.colcon_core.environment:checking '/home/zuhurouf/ros2_ws/tool_tracker/install/open_manipulator_x_playground' for CMake config files
[12.722s] Level 1:colcon.colcon_core.shell:create_environment_hook('open_manipulator_x_playground', 'cmake_prefix_path')
[12.722s] INFO:colcon.colcon_core.shell:Creating environment hook '/home/zuhurouf/ros2_ws/tool_tracker/install/open_manipulator_x_playground/share/open_manipulator_x_playground/hook/cmake_prefix_path.ps1'
[12.723s] INFO:colcon.colcon_core.shell:Creating environment descriptor '/home/zuhurouf/ros2_ws/tool_tracker/install/open_manipulator_x_playground/share/open_manipulator_x_playground/hook/cmake_prefix_path.dsv'
[12.723s] INFO:colcon.colcon_core.shell:Creating environment hook '/home/zuhurouf/ros2_ws/tool_tracker/install/open_manipulator_x_playground/share/open_manipulator_x_playground/hook/cmake_prefix_path.sh'
[12.723s] Level 1:colcon.colcon_core.environment:checking '/home/zuhurouf/ros2_ws/tool_tracker/install/open_manipulator_x_playground/lib'
[12.723s] Level 1:colcon.colcon_core.environment:checking '/home/zuhurouf/ros2_ws/tool_tracker/install/open_manipulator_x_playground/bin'
[12.723s] Level 1:colcon.colcon_core.environment:checking '/home/zuhurouf/ros2_ws/tool_tracker/install/open_manipulator_x_playground/lib/pkgconfig/open_manipulator_x_playground.pc'
[12.723s] Level 1:colcon.colcon_core.environment:checking '/home/zuhurouf/ros2_ws/tool_tracker/install/open_manipulator_x_playground/lib/python3.10/site-packages'
[12.724s] Level 1:colcon.colcon_core.environment:checking '/home/zuhurouf/ros2_ws/tool_tracker/install/open_manipulator_x_playground/bin'
[12.724s] INFO:colcon.colcon_core.shell:Creating package script '/home/zuhurouf/ros2_ws/tool_tracker/install/open_manipulator_x_playground/share/open_manipulator_x_playground/package.ps1'
[12.724s] INFO:colcon.colcon_core.shell:Creating package descriptor '/home/zuhurouf/ros2_ws/tool_tracker/install/open_manipulator_x_playground/share/open_manipulator_x_playground/package.dsv'
[12.725s] INFO:colcon.colcon_core.shell:Creating package script '/home/zuhurouf/ros2_ws/tool_tracker/install/open_manipulator_x_playground/share/open_manipulator_x_playground/package.sh'
[12.725s] INFO:colcon.colcon_core.shell:Creating package script '/home/zuhurouf/ros2_ws/tool_tracker/install/open_manipulator_x_playground/share/open_manipulator_x_playground/package.bash'
[12.725s] INFO:colcon.colcon_core.shell:Creating package script '/home/zuhurouf/ros2_ws/tool_tracker/install/open_manipulator_x_playground/share/open_manipulator_x_playground/package.zsh'
[12.725s] Level 1:colcon.colcon_core.environment:create_file_with_runtime_dependencies(/home/zuhurouf/ros2_ws/tool_tracker/install/open_manipulator_x_playground/share/colcon-core/packages/open_manipulator_x_playground)
[12.726s] Level 1:colcon.colcon_core.environment:create_environment_scripts_only(open_manipulator_x_playground)
[12.726s] Level 1:colcon.colcon_core.environment:checking '/home/zuhurouf/ros2_ws/tool_tracker/install/open_manipulator_x_playground' for CMake module files
[12.726s] Level 1:colcon.colcon_core.environment:checking '/home/zuhurouf/ros2_ws/tool_tracker/install/open_manipulator_x_playground' for CMake config files
[12.726s] Level 1:colcon.colcon_core.shell:create_environment_hook('open_manipulator_x_playground', 'cmake_prefix_path')
[12.726s] INFO:colcon.colcon_core.shell:Creating environment hook '/home/zuhurouf/ros2_ws/tool_tracker/install/open_manipulator_x_playground/share/open_manipulator_x_playground/hook/cmake_prefix_path.ps1'
[12.727s] INFO:colcon.colcon_core.shell:Creating environment descriptor '/home/zuhurouf/ros2_ws/tool_tracker/install/open_manipulator_x_playground/share/open_manipulator_x_playground/hook/cmake_prefix_path.dsv'
[12.727s] INFO:colcon.colcon_core.shell:Creating environment hook '/home/zuhurouf/ros2_ws/tool_tracker/install/open_manipulator_x_playground/share/open_manipulator_x_playground/hook/cmake_prefix_path.sh'
[12.727s] Level 1:colcon.colcon_core.environment:checking '/home/zuhurouf/ros2_ws/tool_tracker/install/open_manipulator_x_playground/lib'
[12.727s] Level 1:colcon.colcon_core.environment:checking '/home/zuhurouf/ros2_ws/tool_tracker/install/open_manipulator_x_playground/bin'
[12.727s] Level 1:colcon.colcon_core.environment:checking '/home/zuhurouf/ros2_ws/tool_tracker/install/open_manipulator_x_playground/lib/pkgconfig/open_manipulator_x_playground.pc'
[12.728s] Level 1:colcon.colcon_core.environment:checking '/home/zuhurouf/ros2_ws/tool_tracker/install/open_manipulator_x_playground/lib/python3.10/site-packages'
[12.728s] Level 1:colcon.colcon_core.environment:checking '/home/zuhurouf/ros2_ws/tool_tracker/install/open_manipulator_x_playground/bin'
[12.728s] INFO:colcon.colcon_core.shell:Creating package script '/home/zuhurouf/ros2_ws/tool_tracker/install/open_manipulator_x_playground/share/open_manipulator_x_playground/package.ps1'
[12.728s] INFO:colcon.colcon_core.shell:Creating package descriptor '/home/zuhurouf/ros2_ws/tool_tracker/install/open_manipulator_x_playground/share/open_manipulator_x_playground/package.dsv'
[12.729s] INFO:colcon.colcon_core.shell:Creating package script '/home/zuhurouf/ros2_ws/tool_tracker/install/open_manipulator_x_playground/share/open_manipulator_x_playground/package.sh'
[12.729s] INFO:colcon.colcon_core.shell:Creating package script '/home/zuhurouf/ros2_ws/tool_tracker/install/open_manipulator_x_playground/share/open_manipulator_x_playground/package.bash'
[12.729s] INFO:colcon.colcon_core.shell:Creating package script '/home/zuhurouf/ros2_ws/tool_tracker/install/open_manipulator_x_playground/share/open_manipulator_x_playground/package.zsh'
[12.729s] Level 1:colcon.colcon_core.environment:create_file_with_runtime_dependencies(/home/zuhurouf/ros2_ws/tool_tracker/install/open_manipulator_x_playground/share/colcon-core/packages/open_manipulator_x_playground)
[14.983s] DEBUG:colcon.colcon_core.event_handler.log_command:Invoked command in '/home/zuhurouf/ros2_ws/tool_tracker/build/open_manipulator_x_gui' returned '0': CMAKE_PREFIX_PATH=${CMAKE_PREFIX_PATH}:/home/zuhurouf/ros2_ws/tool_tracker/install/tool_tracker:/opt/ros/humble /usr/bin/cmake --build /home/zuhurouf/ros2_ws/tool_tracker/build/open_manipulator_x_gui -- -j12 -l12
[14.984s] DEBUG:colcon.colcon_core.event_handler.log_command:Invoking command in '/home/zuhurouf/ros2_ws/tool_tracker/build/open_manipulator_x_gui': CMAKE_PREFIX_PATH=${CMAKE_PREFIX_PATH}:/home/zuhurouf/ros2_ws/tool_tracker/install/tool_tracker:/opt/ros/humble /usr/bin/cmake --install /home/zuhurouf/ros2_ws/tool_tracker/build/open_manipulator_x_gui
[15.134s] Level 1:colcon.colcon_core.environment:create_environment_scripts_only(open_manipulator_x_gui)
[15.134s] Level 1:colcon.colcon_core.environment:checking '/home/zuhurouf/ros2_ws/tool_tracker/install/open_manipulator_x_gui' for CMake module files
[15.135s] DEBUG:colcon.colcon_core.event_handler.log_command:Invoked command in '/home/zuhurouf/ros2_ws/tool_tracker/build/open_manipulator_x_gui' returned '0': CMAKE_PREFIX_PATH=${CMAKE_PREFIX_PATH}:/home/zuhurouf/ros2_ws/tool_tracker/install/tool_tracker:/opt/ros/humble /usr/bin/cmake --install /home/zuhurouf/ros2_ws/tool_tracker/build/open_manipulator_x_gui
[15.135s] Level 1:colcon.colcon_core.environment:checking '/home/zuhurouf/ros2_ws/tool_tracker/install/open_manipulator_x_gui' for CMake config files
[15.135s] Level 1:colcon.colcon_core.shell:create_environment_hook('open_manipulator_x_gui', 'cmake_prefix_path')
[15.135s] INFO:colcon.colcon_core.shell:Creating environment hook '/home/zuhurouf/ros2_ws/tool_tracker/install/open_manipulator_x_gui/share/open_manipulator_x_gui/hook/cmake_prefix_path.ps1'
[15.136s] INFO:colcon.colcon_core.shell:Creating environment descriptor '/home/zuhurouf/ros2_ws/tool_tracker/install/open_manipulator_x_gui/share/open_manipulator_x_gui/hook/cmake_prefix_path.dsv'
[15.136s] INFO:colcon.colcon_core.shell:Creating environment hook '/home/zuhurouf/ros2_ws/tool_tracker/install/open_manipulator_x_gui/share/open_manipulator_x_gui/hook/cmake_prefix_path.sh'
[15.136s] Level 1:colcon.colcon_core.environment:checking '/home/zuhurouf/ros2_ws/tool_tracker/install/open_manipulator_x_gui/lib'
[15.136s] Level 1:colcon.colcon_core.environment:checking '/home/zuhurouf/ros2_ws/tool_tracker/install/open_manipulator_x_gui/bin'
[15.136s] Level 1:colcon.colcon_core.environment:checking '/home/zuhurouf/ros2_ws/tool_tracker/install/open_manipulator_x_gui/lib/pkgconfig/open_manipulator_x_gui.pc'
[15.137s] Level 1:colcon.colcon_core.environment:checking '/home/zuhurouf/ros2_ws/tool_tracker/install/open_manipulator_x_gui/lib/python3.10/site-packages'
[15.137s] Level 1:colcon.colcon_core.environment:checking '/home/zuhurouf/ros2_ws/tool_tracker/install/open_manipulator_x_gui/bin'
[15.137s] INFO:colcon.colcon_core.shell:Creating package script '/home/zuhurouf/ros2_ws/tool_tracker/install/open_manipulator_x_gui/share/open_manipulator_x_gui/package.ps1'
[15.137s] INFO:colcon.colcon_core.shell:Creating package descriptor '/home/zuhurouf/ros2_ws/tool_tracker/install/open_manipulator_x_gui/share/open_manipulator_x_gui/package.dsv'
[15.138s] INFO:colcon.colcon_core.shell:Creating package script '/home/zuhurouf/ros2_ws/tool_tracker/install/open_manipulator_x_gui/share/open_manipulator_x_gui/package.sh'
[15.138s] INFO:colcon.colcon_core.shell:Creating package script '/home/zuhurouf/ros2_ws/tool_tracker/install/open_manipulator_x_gui/share/open_manipulator_x_gui/package.bash'
[15.138s] INFO:colcon.colcon_core.shell:Creating package script '/home/zuhurouf/ros2_ws/tool_tracker/install/open_manipulator_x_gui/share/open_manipulator_x_gui/package.zsh'
[15.138s] Level 1:colcon.colcon_core.environment:create_file_with_runtime_dependencies(/home/zuhurouf/ros2_ws/tool_tracker/install/open_manipulator_x_gui/share/colcon-core/packages/open_manipulator_x_gui)
[15.138s] Level 1:colcon.colcon_core.environment:create_environment_scripts_only(open_manipulator_x_gui)
[15.139s] Level 1:colcon.colcon_core.environment:checking '/home/zuhurouf/ros2_ws/tool_tracker/install/open_manipulator_x_gui' for CMake module files
[15.139s] Level 1:colcon.colcon_core.environment:checking '/home/zuhurouf/ros2_ws/tool_tracker/install/open_manipulator_x_gui' for CMake config files
[15.139s] Level 1:colcon.colcon_core.shell:create_environment_hook('open_manipulator_x_gui', 'cmake_prefix_path')
[15.139s] INFO:colcon.colcon_core.shell:Creating environment hook '/home/zuhurouf/ros2_ws/tool_tracker/install/open_manipulator_x_gui/share/open_manipulator_x_gui/hook/cmake_prefix_path.ps1'
[15.139s] INFO:colcon.colcon_core.shell:Creating environment descriptor '/home/zuhurouf/ros2_ws/tool_tracker/install/open_manipulator_x_gui/share/open_manipulator_x_gui/hook/cmake_prefix_path.dsv'
[15.140s] INFO:colcon.colcon_core.shell:Creating environment hook '/home/zuhurouf/ros2_ws/tool_tracker/install/open_manipulator_x_gui/share/open_manipulator_x_gui/hook/cmake_prefix_path.sh'
[15.140s] Level 1:colcon.colcon_core.environment:checking '/home/zuhurouf/ros2_ws/tool_tracker/install/open_manipulator_x_gui/lib'
[15.140s] Level 1:colcon.colcon_core.environment:checking '/home/zuhurouf/ros2_ws/tool_tracker/install/open_manipulator_x_gui/bin'
[15.140s] Level 1:colcon.colcon_core.environment:checking '/home/zuhurouf/ros2_ws/tool_tracker/install/open_manipulator_x_gui/lib/pkgconfig/open_manipulator_x_gui.pc'
[15.140s] Level 1:colcon.colcon_core.environment:checking '/home/zuhurouf/ros2_ws/tool_tracker/install/open_manipulator_x_gui/lib/python3.10/site-packages'
[15.140s] Level 1:colcon.colcon_core.environment:checking '/home/zuhurouf/ros2_ws/tool_tracker/install/open_manipulator_x_gui/bin'
[15.141s] INFO:colcon.colcon_core.shell:Creating package script '/home/zuhurouf/ros2_ws/tool_tracker/install/open_manipulator_x_gui/share/open_manipulator_x_gui/package.ps1'
[15.141s] INFO:colcon.colcon_core.shell:Creating package descriptor '/home/zuhurouf/ros2_ws/tool_tracker/install/open_manipulator_x_gui/share/open_manipulator_x_gui/package.dsv'
[15.141s] INFO:colcon.colcon_core.shell:Creating package script '/home/zuhurouf/ros2_ws/tool_tracker/install/open_manipulator_x_gui/share/open_manipulator_x_gui/package.sh'
[15.141s] INFO:colcon.colcon_core.shell:Creating package script '/home/zuhurouf/ros2_ws/tool_tracker/install/open_manipulator_x_gui/share/open_manipulator_x_gui/package.bash'
[15.142s] INFO:colcon.colcon_core.shell:Creating package script '/home/zuhurouf/ros2_ws/tool_tracker/install/open_manipulator_x_gui/share/open_manipulator_x_gui/package.zsh'
[15.142s] Level 1:colcon.colcon_core.environment:create_file_with_runtime_dependencies(/home/zuhurouf/ros2_ws/tool_tracker/install/open_manipulator_x_gui/share/colcon-core/packages/open_manipulator_x_gui)
[15.142s] INFO:colcon.colcon_ros.task.ament_cmake.build:Building ROS package in '/home/zuhurouf/ros2_ws/tool_tracker/src/external/open_manipulator/open_manipulator' with build type 'ament_cmake'
[15.142s] INFO:colcon.colcon_cmake.task.cmake.build:Building CMake package in '/home/zuhurouf/ros2_ws/tool_tracker/src/external/open_manipulator/open_manipulator'
[15.142s] INFO:colcon.colcon_core.shell:Skip shell extension 'powershell' for command environment: Not usable outside of PowerShell
[15.142s] DEBUG:colcon.colcon_core.shell:Skip shell extension 'dsv' for command environment
[15.152s] DEBUG:colcon.colcon_core.event_handler.log_command:Invoking command in '/home/zuhurouf/ros2_ws/tool_tracker/build/open_manipulator': CMAKE_PREFIX_PATH=/home/zuhurouf/ros2_ws/tool_tracker/install/open_manipulator_x_teleop:/home/zuhurouf/ros2_ws/tool_tracker/install/open_manipulator_x_moveit_config:/home/zuhurouf/ros2_ws/tool_tracker/install/open_manipulator_x_bringup:/home/zuhurouf/ros2_ws/tool_tracker/install/open_manipulator_x_playground:/home/zuhurouf/ros2_ws/tool_tracker/install/open_manipulator_x_gui:/home/zuhurouf/ros2_ws/tool_tracker/install/open_manipulator_x_description:/home/zuhurouf/ros2_ws/tool_tracker/install/zed_description:/home/zuhurouf/ros2_ws/tool_tracker/install/open_manipulator:/home/zuhurouf/ros2_ws/tool_tracker/install/tool_tracker:/opt/ros/humble /usr/bin/cmake /home/zuhurouf/ros2_ws/tool_tracker/src/external/open_manipulator/open_manipulator -DAMENT_CMAKE_SYMLINK_INSTALL=1 -DCMAKE_INSTALL_PREFIX=/home/zuhurouf/ros2_ws/tool_tracker/install/open_manipulator
[15.617s] DEBUG:colcon.colcon_core.event_handler.log_command:Invoked command in '/home/zuhurouf/ros2_ws/tool_tracker/build/open_manipulator' returned '0': CMAKE_PREFIX_PATH=/home/zuhurouf/ros2_ws/tool_tracker/install/open_manipulator_x_teleop:/home/zuhurouf/ros2_ws/tool_tracker/install/open_manipulator_x_moveit_config:/home/zuhurouf/ros2_ws/tool_tracker/install/open_manipulator_x_bringup:/home/zuhurouf/ros2_ws/tool_tracker/install/open_manipulator_x_playground:/home/zuhurouf/ros2_ws/tool_tracker/install/open_manipulator_x_gui:/home/zuhurouf/ros2_ws/tool_tracker/install/open_manipulator_x_description:/home/zuhurouf/ros2_ws/tool_tracker/install/zed_description:/home/zuhurouf/ros2_ws/tool_tracker/install/open_manipulator:/home/zuhurouf/ros2_ws/tool_tracker/install/tool_tracker:/opt/ros/humble /usr/bin/cmake /home/zuhurouf/ros2_ws/tool_tracker/src/external/open_manipulator/open_manipulator -DAMENT_CMAKE_SYMLINK_INSTALL=1 -DCMAKE_INSTALL_PREFIX=/home/zuhurouf/ros2_ws/tool_tracker/install/open_manipulator
[15.618s] DEBUG:colcon.colcon_core.event_handler.log_command:Invoking command in '/home/zuhurouf/ros2_ws/tool_tracker/build/open_manipulator': CMAKE_PREFIX_PATH=/home/zuhurouf/ros2_ws/tool_tracker/install/open_manipulator_x_teleop:/home/zuhurouf/ros2_ws/tool_tracker/install/open_manipulator_x_moveit_config:/home/zuhurouf/ros2_ws/tool_tracker/install/open_manipulator_x_bringup:/home/zuhurouf/ros2_ws/tool_tracker/install/open_manipulator_x_playground:/home/zuhurouf/ros2_ws/tool_tracker/install/open_manipulator_x_gui:/home/zuhurouf/ros2_ws/tool_tracker/install/open_manipulator_x_description:/home/zuhurouf/ros2_ws/tool_tracker/install/zed_description:/home/zuhurouf/ros2_ws/tool_tracker/install/open_manipulator:/home/zuhurouf/ros2_ws/tool_tracker/install/tool_tracker:/opt/ros/humble /usr/bin/cmake --build /home/zuhurouf/ros2_ws/tool_tracker/build/open_manipulator -- -j12 -l12
[15.645s] DEBUG:colcon.colcon_core.event_handler.log_command:Invoked command in '/home/zuhurouf/ros2_ws/tool_tracker/build/open_manipulator' returned '0': CMAKE_PREFIX_PATH=/home/zuhurouf/ros2_ws/tool_tracker/install/open_manipulator_x_teleop:/home/zuhurouf/ros2_ws/tool_tracker/install/open_manipulator_x_moveit_config:/home/zuhurouf/ros2_ws/tool_tracker/install/open_manipulator_x_bringup:/home/zuhurouf/ros2_ws/tool_tracker/install/open_manipulator_x_playground:/home/zuhurouf/ros2_ws/tool_tracker/install/open_manipulator_x_gui:/home/zuhurouf/ros2_ws/tool_tracker/install/open_manipulator_x_description:/home/zuhurouf/ros2_ws/tool_tracker/install/zed_description:/home/zuhurouf/ros2_ws/tool_tracker/install/open_manipulator:/home/zuhurouf/ros2_ws/tool_tracker/install/tool_tracker:/opt/ros/humble /usr/bin/cmake --build /home/zuhurouf/ros2_ws/tool_tracker/build/open_manipulator -- -j12 -l12
[15.646s] DEBUG:colcon.colcon_core.event_handler.log_command:Invoking command in '/home/zuhurouf/ros2_ws/tool_tracker/build/open_manipulator': CMAKE_PREFIX_PATH=/home/zuhurouf/ros2_ws/tool_tracker/install/open_manipulator_x_teleop:/home/zuhurouf/ros2_ws/tool_tracker/install/open_manipulator_x_moveit_config:/home/zuhurouf/ros2_ws/tool_tracker/install/open_manipulator_x_bringup:/home/zuhurouf/ros2_ws/tool_tracker/install/open_manipulator_x_playground:/home/zuhurouf/ros2_ws/tool_tracker/install/open_manipulator_x_gui:/home/zuhurouf/ros2_ws/tool_tracker/install/open_manipulator_x_description:/home/zuhurouf/ros2_ws/tool_tracker/install/zed_description:/home/zuhurouf/ros2_ws/tool_tracker/install/open_manipulator:/home/zuhurouf/ros2_ws/tool_tracker/install/tool_tracker:/opt/ros/humble /usr/bin/cmake --install /home/zuhurouf/ros2_ws/tool_tracker/build/open_manipulator
[15.740s] Level 1:colcon.colcon_core.environment:create_environment_scripts_only(open_manipulator)
[15.740s] Level 1:colcon.colcon_core.environment:checking '/home/zuhurouf/ros2_ws/tool_tracker/install/open_manipulator' for CMake module files
[15.741s] DEBUG:colcon.colcon_core.event_handler.log_command:Invoked command in '/home/zuhurouf/ros2_ws/tool_tracker/build/open_manipulator' returned '0': CMAKE_PREFIX_PATH=/home/zuhurouf/ros2_ws/tool_tracker/install/open_manipulator_x_teleop:/home/zuhurouf/ros2_ws/tool_tracker/install/open_manipulator_x_moveit_config:/home/zuhurouf/ros2_ws/tool_tracker/install/open_manipulator_x_bringup:/home/zuhurouf/ros2_ws/tool_tracker/install/open_manipulator_x_playground:/home/zuhurouf/ros2_ws/tool_tracker/install/open_manipulator_x_gui:/home/zuhurouf/ros2_ws/tool_tracker/install/open_manipulator_x_description:/home/zuhurouf/ros2_ws/tool_tracker/install/zed_description:/home/zuhurouf/ros2_ws/tool_tracker/install/open_manipulator:/home/zuhurouf/ros2_ws/tool_tracker/install/tool_tracker:/opt/ros/humble /usr/bin/cmake --install /home/zuhurouf/ros2_ws/tool_tracker/build/open_manipulator
[15.741s] Level 1:colcon.colcon_core.environment:checking '/home/zuhurouf/ros2_ws/tool_tracker/install/open_manipulator' for CMake config files
[15.741s] Level 1:colcon.colcon_core.shell:create_environment_hook('open_manipulator', 'cmake_prefix_path')
[15.742s] INFO:colcon.colcon_core.shell:Creating environment hook '/home/zuhurouf/ros2_ws/tool_tracker/install/open_manipulator/share/open_manipulator/hook/cmake_prefix_path.ps1'
[15.742s] INFO:colcon.colcon_core.shell:Creating environment descriptor '/home/zuhurouf/ros2_ws/tool_tracker/install/open_manipulator/share/open_manipulator/hook/cmake_prefix_path.dsv'
[15.742s] INFO:colcon.colcon_core.shell:Creating environment hook '/home/zuhurouf/ros2_ws/tool_tracker/install/open_manipulator/share/open_manipulator/hook/cmake_prefix_path.sh'
[15.743s] Level 1:colcon.colcon_core.environment:checking '/home/zuhurouf/ros2_ws/tool_tracker/install/open_manipulator/bin'
[15.743s] Level 1:colcon.colcon_core.environment:checking '/home/zuhurouf/ros2_ws/tool_tracker/install/open_manipulator/lib/pkgconfig/open_manipulator.pc'
[15.743s] Level 1:colcon.colcon_core.environment:checking '/home/zuhurouf/ros2_ws/tool_tracker/install/open_manipulator/lib/python3.10/site-packages'
[15.743s] Level 1:colcon.colcon_core.environment:checking '/home/zuhurouf/ros2_ws/tool_tracker/install/open_manipulator/bin'
[15.744s] INFO:colcon.colcon_core.shell:Creating package script '/home/zuhurouf/ros2_ws/tool_tracker/install/open_manipulator/share/open_manipulator/package.ps1'
[15.744s] INFO:colcon.colcon_core.shell:Creating package descriptor '/home/zuhurouf/ros2_ws/tool_tracker/install/open_manipulator/share/open_manipulator/package.dsv'
[15.745s] INFO:colcon.colcon_core.shell:Creating package script '/home/zuhurouf/ros2_ws/tool_tracker/install/open_manipulator/share/open_manipulator/package.sh'
[15.745s] INFO:colcon.colcon_core.shell:Creating package script '/home/zuhurouf/ros2_ws/tool_tracker/install/open_manipulator/share/open_manipulator/package.bash'
[15.745s] INFO:colcon.colcon_core.shell:Creating package script '/home/zuhurouf/ros2_ws/tool_tracker/install/open_manipulator/share/open_manipulator/package.zsh'
[15.745s] Level 1:colcon.colcon_core.environment:create_file_with_runtime_dependencies(/home/zuhurouf/ros2_ws/tool_tracker/install/open_manipulator/share/colcon-core/packages/open_manipulator)
[15.746s] Level 1:colcon.colcon_core.environment:create_environment_scripts_only(open_manipulator)
[15.746s] Level 1:colcon.colcon_core.environment:checking '/home/zuhurouf/ros2_ws/tool_tracker/install/open_manipulator' for CMake module files
[15.746s] Level 1:colcon.colcon_core.environment:checking '/home/zuhurouf/ros2_ws/tool_tracker/install/open_manipulator' for CMake config files
[15.746s] Level 1:colcon.colcon_core.shell:create_environment_hook('open_manipulator', 'cmake_prefix_path')
[15.747s] INFO:colcon.colcon_core.shell:Creating environment hook '/home/zuhurouf/ros2_ws/tool_tracker/install/open_manipulator/share/open_manipulator/hook/cmake_prefix_path.ps1'
[15.747s] INFO:colcon.colcon_core.shell:Creating environment descriptor '/home/zuhurouf/ros2_ws/tool_tracker/install/open_manipulator/share/open_manipulator/hook/cmake_prefix_path.dsv'
[15.747s] INFO:colcon.colcon_core.shell:Creating environment hook '/home/zuhurouf/ros2_ws/tool_tracker/install/open_manipulator/share/open_manipulator/hook/cmake_prefix_path.sh'
[15.747s] Level 1:colcon.colcon_core.environment:checking '/home/zuhurouf/ros2_ws/tool_tracker/install/open_manipulator/bin'
[15.747s] Level 1:colcon.colcon_core.environment:checking '/home/zuhurouf/ros2_ws/tool_tracker/install/open_manipulator/lib/pkgconfig/open_manipulator.pc'
[15.748s] Level 1:colcon.colcon_core.environment:checking '/home/zuhurouf/ros2_ws/tool_tracker/install/open_manipulator/lib/python3.10/site-packages'
[15.748s] Level 1:colcon.colcon_core.environment:checking '/home/zuhurouf/ros2_ws/tool_tracker/install/open_manipulator/bin'
[15.748s] INFO:colcon.colcon_core.shell:Creating package script '/home/zuhurouf/ros2_ws/tool_tracker/install/open_manipulator/share/open_manipulator/package.ps1'
[15.749s] INFO:colcon.colcon_core.shell:Creating package descriptor '/home/zuhurouf/ros2_ws/tool_tracker/install/open_manipulator/share/open_manipulator/package.dsv'
[15.749s] INFO:colcon.colcon_core.shell:Creating package script '/home/zuhurouf/ros2_ws/tool_tracker/install/open_manipulator/share/open_manipulator/package.sh'
[15.749s] INFO:colcon.colcon_core.shell:Creating package script '/home/zuhurouf/ros2_ws/tool_tracker/install/open_manipulator/share/open_manipulator/package.bash'
[15.749s] INFO:colcon.colcon_core.shell:Creating package script '/home/zuhurouf/ros2_ws/tool_tracker/install/open_manipulator/share/open_manipulator/package.zsh'
[15.750s] Level 1:colcon.colcon_core.environment:create_file_with_runtime_dependencies(/home/zuhurouf/ros2_ws/tool_tracker/install/open_manipulator/share/colcon-core/packages/open_manipulator)
[15.750s] DEBUG:colcon.colcon_parallel_executor.executor.parallel:closing loop
[15.750s] DEBUG:colcon.colcon_parallel_executor.executor.parallel:loop closed
[15.750s] DEBUG:colcon.colcon_parallel_executor.executor.parallel:run_until_complete finished with '0'
[15.750s] DEBUG:colcon.colcon_core.event_reactor:joining thread
[15.754s] INFO:colcon.colcon_core.plugin_system:Skipping extension 'colcon_notification.desktop_notification.terminal_notifier': Not used on non-Darwin systems
[15.754s] INFO:colcon.colcon_core.plugin_system:Skipping extension 'colcon_notification.desktop_notification.win32': Not used on non-Windows systems
[15.754s] INFO:colcon.colcon_notification.desktop_notification:Sending desktop notification using 'notify2'
[15.766s] DEBUG:colcon.colcon_core.event_reactor:joined thread
[15.766s] INFO:colcon.colcon_core.shell:Creating prefix script '/home/zuhurouf/ros2_ws/tool_tracker/install/local_setup.ps1'
[15.767s] INFO:colcon.colcon_core.shell:Creating prefix util module '/home/zuhurouf/ros2_ws/tool_tracker/install/_local_setup_util_ps1.py'
[15.769s] INFO:colcon.colcon_core.shell:Creating prefix chain script '/home/zuhurouf/ros2_ws/tool_tracker/install/setup.ps1'
[15.770s] INFO:colcon.colcon_core.shell:Creating prefix script '/home/zuhurouf/ros2_ws/tool_tracker/install/local_setup.sh'
[15.770s] INFO:colcon.colcon_core.shell:Creating prefix util module '/home/zuhurouf/ros2_ws/tool_tracker/install/_local_setup_util_sh.py'
[15.771s] INFO:colcon.colcon_core.shell:Creating prefix chain script '/home/zuhurouf/ros2_ws/tool_tracker/install/setup.sh'
[15.772s] INFO:colcon.colcon_core.shell:Creating prefix script '/home/zuhurouf/ros2_ws/tool_tracker/install/local_setup.bash'
[15.772s] INFO:colcon.colcon_core.shell:Creating prefix chain script '/home/zuhurouf/ros2_ws/tool_tracker/install/setup.bash'
[15.773s] INFO:colcon.colcon_core.shell:Creating prefix script '/home/zuhurouf/ros2_ws/tool_tracker/install/local_setup.zsh'
[15.773s] INFO:colcon.colcon_core.shell:Creating prefix chain script '/home/zuhurouf/ros2_ws/tool_tracker/install/setup.zsh'
