[0.074s] DEBUG:colcon:Command line arguments: ['/usr/bin/colcon', 'build', '--symlink-install']
[0.074s] DEBUG:colcon:Parsed command line arguments: Namespace(log_base=None, log_level=None, verb_name='build', build_base='build', install_base='install', merge_install=False, symlink_install=True, test_result_base=None, continue_on_error=False, executor='parallel', parallel_workers=12, event_handlers=None, ignore_user_meta=False, metas=['./colcon.meta'], base_paths=['.'], packages_ignore=None, packages_ignore_regex=None, paths=None, packages_up_to=None, packages_up_to_regex=None, packages_above=None, packages_above_and_dependencies=None, packages_above_depth=None, packages_select_by_dep=None, packages_skip_by_dep=None, packages_skip_up_to=None, packages_select_build_failed=False, packages_skip_build_finished=False, packages_select_test_failures=False, packages_skip_test_passed=False, packages_select=None, packages_skip=None, packages_select_regex=None, packages_skip_regex=None, packages_start=None, packages_end=None, allow_overriding=[], cmake_args=None, cmake_target=None, cmake_target_skip_unavailable=False, cmake_clean_cache=False, cmake_clean_first=False, cmake_force_configure=False, ament_cmake_args=None, catkin_cmake_args=None, catkin_skip_building_tests=False, verb_parser=<colcon_defaults.argument_parser.defaults.DefaultArgumentsDecorator object at 0x730a9c3b4370>, verb_extension=<colcon_core.verb.build.BuildVerb object at 0x730a9c37fe20>, main=<bound method BuildVerb.main of <colcon_core.verb.build.BuildVerb object at 0x730a9c37fe20>>)
[0.223s] Level 1:colcon.colcon_core.package_discovery:discover_packages(colcon_meta) check parameters
[0.224s] Level 1:colcon.colcon_core.package_discovery:discover_packages(recursive) check parameters
[0.224s] Level 1:colcon.colcon_core.package_discovery:discover_packages(ignore) check parameters
[0.224s] Level 1:colcon.colcon_core.package_discovery:discover_packages(path) check parameters
[0.224s] Level 1:colcon.colcon_core.package_discovery:discover_packages(colcon_meta) discover
[0.224s] Level 1:colcon.colcon_core.package_discovery:discover_packages(recursive) discover
[0.224s] INFO:colcon.colcon_core.package_discovery:Crawling recursively for packages in '/home/zuhurouf/ros2_ws/tool_tracker'
[0.224s] Level 1:colcon.colcon_core.package_identification:_identify(.) by extensions ['ignore', 'ignore_ament_install']
[0.224s] Level 1:colcon.colcon_core.package_identification:_identify(.) by extension 'ignore'
[0.224s] Level 1:colcon.colcon_core.package_identification:_identify(.) by extension 'ignore_ament_install'
[0.224s] Level 1:colcon.colcon_core.package_identification:_identify(.) by extensions ['colcon_pkg']
[0.224s] Level 1:colcon.colcon_core.package_identification:_identify(.) by extension 'colcon_pkg'
[0.224s] Level 1:colcon.colcon_core.package_identification:_identify(.) by extensions ['colcon_meta']
[0.224s] Level 1:colcon.colcon_core.package_identification:_identify(.) by extension 'colcon_meta'
[0.224s] Level 1:colcon.colcon_core.package_identification:_identify(.) by extensions ['ros']
[0.224s] Level 1:colcon.colcon_core.package_identification:_identify(.) by extension 'ros'
[0.243s] Level 1:colcon.colcon_core.package_identification:_identify(.) by extensions ['cmake', 'python']
[0.243s] Level 1:colcon.colcon_core.package_identification:_identify(.) by extension 'cmake'
[0.243s] Level 1:colcon.colcon_core.package_identification:_identify(.) by extension 'python'
[0.243s] Level 1:colcon.colcon_core.package_identification:_identify(.) by extensions ['python_setup_py']
[0.243s] Level 1:colcon.colcon_core.package_identification:_identify(.) by extension 'python_setup_py'
[0.243s] Level 1:colcon.colcon_core.package_identification:_identify(build) by extensions ['ignore', 'ignore_ament_install']
[0.243s] Level 1:colcon.colcon_core.package_identification:_identify(build) by extension 'ignore'
[0.243s] Level 1:colcon.colcon_core.package_identification:_identify(build) ignored
[0.243s] Level 1:colcon.colcon_core.package_identification:_identify(install) by extensions ['ignore', 'ignore_ament_install']
[0.243s] Level 1:colcon.colcon_core.package_identification:_identify(install) by extension 'ignore'
[0.243s] Level 1:colcon.colcon_core.package_identification:_identify(install) ignored
[0.244s] Level 1:colcon.colcon_core.package_identification:_identify(log) by extensions ['ignore', 'ignore_ament_install']
[0.244s] Level 1:colcon.colcon_core.package_identification:_identify(log) by extension 'ignore'
[0.244s] Level 1:colcon.colcon_core.package_identification:_identify(log) ignored
[0.244s] Level 1:colcon.colcon_core.package_identification:_identify(src) by extensions ['ignore', 'ignore_ament_install']
[0.244s] Level 1:colcon.colcon_core.package_identification:_identify(src) by extension 'ignore'
[0.244s] Level 1:colcon.colcon_core.package_identification:_identify(src) by extension 'ignore_ament_install'
[0.244s] Level 1:colcon.colcon_core.package_identification:_identify(src) by extensions ['colcon_pkg']
[0.244s] Level 1:colcon.colcon_core.package_identification:_identify(src) by extension 'colcon_pkg'
[0.244s] Level 1:colcon.colcon_core.package_identification:_identify(src) by extensions ['colcon_meta']
[0.244s] Level 1:colcon.colcon_core.package_identification:_identify(src) by extension 'colcon_meta'
[0.244s] Level 1:colcon.colcon_core.package_identification:_identify(src) by extensions ['ros']
[0.244s] Level 1:colcon.colcon_core.package_identification:_identify(src) by extension 'ros'
[0.244s] Level 1:colcon.colcon_core.package_identification:_identify(src) by extensions ['cmake', 'python']
[0.244s] Level 1:colcon.colcon_core.package_identification:_identify(src) by extension 'cmake'
[0.244s] Level 1:colcon.colcon_core.package_identification:_identify(src) by extension 'python'
[0.244s] Level 1:colcon.colcon_core.package_identification:_identify(src) by extensions ['python_setup_py']
[0.244s] Level 1:colcon.colcon_core.package_identification:_identify(src) by extension 'python_setup_py'
[0.244s] Level 1:colcon.colcon_core.package_identification:_identify(src/external) by extensions ['ignore', 'ignore_ament_install']
[0.244s] Level 1:colcon.colcon_core.package_identification:_identify(src/external) by extension 'ignore'
[0.244s] Level 1:colcon.colcon_core.package_identification:_identify(src/external) by extension 'ignore_ament_install'
[0.244s] Level 1:colcon.colcon_core.package_identification:_identify(src/external) by extensions ['colcon_pkg']
[0.244s] Level 1:colcon.colcon_core.package_identification:_identify(src/external) by extension 'colcon_pkg'
[0.244s] Level 1:colcon.colcon_core.package_identification:_identify(src/external) by extensions ['colcon_meta']
[0.244s] Level 1:colcon.colcon_core.package_identification:_identify(src/external) by extension 'colcon_meta'
[0.244s] Level 1:colcon.colcon_core.package_identification:_identify(src/external) by extensions ['ros']
[0.244s] Level 1:colcon.colcon_core.package_identification:_identify(src/external) by extension 'ros'
[0.244s] Level 1:colcon.colcon_core.package_identification:_identify(src/external) by extensions ['cmake', 'python']
[0.244s] Level 1:colcon.colcon_core.package_identification:_identify(src/external) by extension 'cmake'
[0.244s] Level 1:colcon.colcon_core.package_identification:_identify(src/external) by extension 'python'
[0.244s] Level 1:colcon.colcon_core.package_identification:_identify(src/external) by extensions ['python_setup_py']
[0.244s] Level 1:colcon.colcon_core.package_identification:_identify(src/external) by extension 'python_setup_py'
[0.244s] Level 1:colcon.colcon_core.package_identification:_identify(src/external/open_manipulator) by extensions ['ignore', 'ignore_ament_install']
[0.244s] Level 1:colcon.colcon_core.package_identification:_identify(src/external/open_manipulator) by extension 'ignore'
[0.245s] Level 1:colcon.colcon_core.package_identification:_identify(src/external/open_manipulator) by extension 'ignore_ament_install'
[0.245s] Level 1:colcon.colcon_core.package_identification:_identify(src/external/open_manipulator) by extensions ['colcon_pkg']
[0.245s] Level 1:colcon.colcon_core.package_identification:_identify(src/external/open_manipulator) by extension 'colcon_pkg'
[0.245s] Level 1:colcon.colcon_core.package_identification:_identify(src/external/open_manipulator) by extensions ['colcon_meta']
[0.245s] Level 1:colcon.colcon_core.package_identification:_identify(src/external/open_manipulator) by extension 'colcon_meta'
[0.245s] Level 1:colcon.colcon_core.package_identification:_identify(src/external/open_manipulator) by extensions ['ros']
[0.245s] Level 1:colcon.colcon_core.package_identification:_identify(src/external/open_manipulator) by extension 'ros'
[0.245s] Level 1:colcon.colcon_core.package_identification:_identify(src/external/open_manipulator) by extensions ['cmake', 'python']
[0.245s] Level 1:colcon.colcon_core.package_identification:_identify(src/external/open_manipulator) by extension 'cmake'
[0.245s] Level 1:colcon.colcon_core.package_identification:_identify(src/external/open_manipulator) by extension 'python'
[0.245s] Level 1:colcon.colcon_core.package_identification:_identify(src/external/open_manipulator) by extensions ['python_setup_py']
[0.245s] Level 1:colcon.colcon_core.package_identification:_identify(src/external/open_manipulator) by extension 'python_setup_py'
[0.245s] Level 1:colcon.colcon_core.package_identification:_identify(src/external/open_manipulator/open_manipulator) by extensions ['ignore', 'ignore_ament_install']
[0.245s] Level 1:colcon.colcon_core.package_identification:_identify(src/external/open_manipulator/open_manipulator) by extension 'ignore'
[0.245s] Level 1:colcon.colcon_core.package_identification:_identify(src/external/open_manipulator/open_manipulator) by extension 'ignore_ament_install'
[0.245s] Level 1:colcon.colcon_core.package_identification:_identify(src/external/open_manipulator/open_manipulator) by extensions ['colcon_pkg']
[0.245s] Level 1:colcon.colcon_core.package_identification:_identify(src/external/open_manipulator/open_manipulator) by extension 'colcon_pkg'
[0.245s] Level 1:colcon.colcon_core.package_identification:_identify(src/external/open_manipulator/open_manipulator) by extensions ['colcon_meta']
[0.245s] Level 1:colcon.colcon_core.package_identification:_identify(src/external/open_manipulator/open_manipulator) by extension 'colcon_meta'
[0.245s] Level 1:colcon.colcon_core.package_identification:_identify(src/external/open_manipulator/open_manipulator) by extensions ['ros']
[0.245s] Level 1:colcon.colcon_core.package_identification:_identify(src/external/open_manipulator/open_manipulator) by extension 'ros'
[0.247s] DEBUG:colcon.colcon_core.package_identification:Package 'src/external/open_manipulator/open_manipulator' with type 'ros.ament_cmake' and name 'open_manipulator'
[0.247s] Level 1:colcon.colcon_core.package_identification:_identify(src/external/open_manipulator/open_manipulator_x_bringup) by extensions ['ignore', 'ignore_ament_install']
[0.247s] Level 1:colcon.colcon_core.package_identification:_identify(src/external/open_manipulator/open_manipulator_x_bringup) by extension 'ignore'
[0.247s] Level 1:colcon.colcon_core.package_identification:_identify(src/external/open_manipulator/open_manipulator_x_bringup) by extension 'ignore_ament_install'
[0.247s] Level 1:colcon.colcon_core.package_identification:_identify(src/external/open_manipulator/open_manipulator_x_bringup) by extensions ['colcon_pkg']
[0.247s] Level 1:colcon.colcon_core.package_identification:_identify(src/external/open_manipulator/open_manipulator_x_bringup) by extension 'colcon_pkg'
[0.247s] Level 1:colcon.colcon_core.package_identification:_identify(src/external/open_manipulator/open_manipulator_x_bringup) by extensions ['colcon_meta']
[0.247s] Level 1:colcon.colcon_core.package_identification:_identify(src/external/open_manipulator/open_manipulator_x_bringup) by extension 'colcon_meta'
[0.247s] Level 1:colcon.colcon_core.package_identification:_identify(src/external/open_manipulator/open_manipulator_x_bringup) by extensions ['ros']
[0.247s] Level 1:colcon.colcon_core.package_identification:_identify(src/external/open_manipulator/open_manipulator_x_bringup) by extension 'ros'
[0.248s] DEBUG:colcon.colcon_core.package_identification:Package 'src/external/open_manipulator/open_manipulator_x_bringup' with type 'ros.ament_cmake' and name 'open_manipulator_x_bringup'
[0.248s] Level 1:colcon.colcon_core.package_identification:_identify(src/external/open_manipulator/open_manipulator_x_description) by extensions ['ignore', 'ignore_ament_install']
[0.248s] Level 1:colcon.colcon_core.package_identification:_identify(src/external/open_manipulator/open_manipulator_x_description) by extension 'ignore'
[0.248s] Level 1:colcon.colcon_core.package_identification:_identify(src/external/open_manipulator/open_manipulator_x_description) by extension 'ignore_ament_install'
[0.248s] Level 1:colcon.colcon_core.package_identification:_identify(src/external/open_manipulator/open_manipulator_x_description) by extensions ['colcon_pkg']
[0.248s] Level 1:colcon.colcon_core.package_identification:_identify(src/external/open_manipulator/open_manipulator_x_description) by extension 'colcon_pkg'
[0.248s] Level 1:colcon.colcon_core.package_identification:_identify(src/external/open_manipulator/open_manipulator_x_description) by extensions ['colcon_meta']
[0.248s] Level 1:colcon.colcon_core.package_identification:_identify(src/external/open_manipulator/open_manipulator_x_description) by extension 'colcon_meta'
[0.248s] Level 1:colcon.colcon_core.package_identification:_identify(src/external/open_manipulator/open_manipulator_x_description) by extensions ['ros']
[0.248s] Level 1:colcon.colcon_core.package_identification:_identify(src/external/open_manipulator/open_manipulator_x_description) by extension 'ros'
[0.248s] DEBUG:colcon.colcon_core.package_identification:Package 'src/external/open_manipulator/open_manipulator_x_description' with type 'ros.ament_cmake' and name 'open_manipulator_x_description'
[0.248s] Level 1:colcon.colcon_core.package_identification:_identify(src/external/open_manipulator/open_manipulator_x_gui) by extensions ['ignore', 'ignore_ament_install']
[0.248s] Level 1:colcon.colcon_core.package_identification:_identify(src/external/open_manipulator/open_manipulator_x_gui) by extension 'ignore'
[0.248s] Level 1:colcon.colcon_core.package_identification:_identify(src/external/open_manipulator/open_manipulator_x_gui) by extension 'ignore_ament_install'
[0.248s] Level 1:colcon.colcon_core.package_identification:_identify(src/external/open_manipulator/open_manipulator_x_gui) by extensions ['colcon_pkg']
[0.248s] Level 1:colcon.colcon_core.package_identification:_identify(src/external/open_manipulator/open_manipulator_x_gui) by extension 'colcon_pkg'
[0.249s] Level 1:colcon.colcon_core.package_identification:_identify(src/external/open_manipulator/open_manipulator_x_gui) by extensions ['colcon_meta']
[0.249s] Level 1:colcon.colcon_core.package_identification:_identify(src/external/open_manipulator/open_manipulator_x_gui) by extension 'colcon_meta'
[0.249s] Level 1:colcon.colcon_core.package_identification:_identify(src/external/open_manipulator/open_manipulator_x_gui) by extensions ['ros']
[0.249s] Level 1:colcon.colcon_core.package_identification:_identify(src/external/open_manipulator/open_manipulator_x_gui) by extension 'ros'
[0.250s] DEBUG:colcon.colcon_core.package_identification:Package 'src/external/open_manipulator/open_manipulator_x_gui' with type 'ros.ament_cmake' and name 'open_manipulator_x_gui'
[0.250s] Level 1:colcon.colcon_core.package_identification:_identify(src/external/open_manipulator/open_manipulator_x_moveit_config) by extensions ['ignore', 'ignore_ament_install']
[0.250s] Level 1:colcon.colcon_core.package_identification:_identify(src/external/open_manipulator/open_manipulator_x_moveit_config) by extension 'ignore'
[0.250s] Level 1:colcon.colcon_core.package_identification:_identify(src/external/open_manipulator/open_manipulator_x_moveit_config) by extension 'ignore_ament_install'
[0.250s] Level 1:colcon.colcon_core.package_identification:_identify(src/external/open_manipulator/open_manipulator_x_moveit_config) by extensions ['colcon_pkg']
[0.250s] Level 1:colcon.colcon_core.package_identification:_identify(src/external/open_manipulator/open_manipulator_x_moveit_config) by extension 'colcon_pkg'
[0.250s] Level 1:colcon.colcon_core.package_identification:_identify(src/external/open_manipulator/open_manipulator_x_moveit_config) by extensions ['colcon_meta']
[0.250s] Level 1:colcon.colcon_core.package_identification:_identify(src/external/open_manipulator/open_manipulator_x_moveit_config) by extension 'colcon_meta'
[0.250s] Level 1:colcon.colcon_core.package_identification:_identify(src/external/open_manipulator/open_manipulator_x_moveit_config) by extensions ['ros']
[0.250s] Level 1:colcon.colcon_core.package_identification:_identify(src/external/open_manipulator/open_manipulator_x_moveit_config) by extension 'ros'
[0.250s] DEBUG:colcon.colcon_core.package_identification:Package 'src/external/open_manipulator/open_manipulator_x_moveit_config' with type 'ros.ament_cmake' and name 'open_manipulator_x_moveit_config'
[0.250s] Level 1:colcon.colcon_core.package_identification:_identify(src/external/open_manipulator/open_manipulator_x_playground) by extensions ['ignore', 'ignore_ament_install']
[0.250s] Level 1:colcon.colcon_core.package_identification:_identify(src/external/open_manipulator/open_manipulator_x_playground) by extension 'ignore'
[0.251s] Level 1:colcon.colcon_core.package_identification:_identify(src/external/open_manipulator/open_manipulator_x_playground) by extension 'ignore_ament_install'
[0.251s] Level 1:colcon.colcon_core.package_identification:_identify(src/external/open_manipulator/open_manipulator_x_playground) by extensions ['colcon_pkg']
[0.251s] Level 1:colcon.colcon_core.package_identification:_identify(src/external/open_manipulator/open_manipulator_x_playground) by extension 'colcon_pkg'
[0.251s] Level 1:colcon.colcon_core.package_identification:_identify(src/external/open_manipulator/open_manipulator_x_playground) by extensions ['colcon_meta']
[0.251s] Level 1:colcon.colcon_core.package_identification:_identify(src/external/open_manipulator/open_manipulator_x_playground) by extension 'colcon_meta'
[0.251s] Level 1:colcon.colcon_core.package_identification:_identify(src/external/open_manipulator/open_manipulator_x_playground) by extensions ['ros']
[0.251s] Level 1:colcon.colcon_core.package_identification:_identify(src/external/open_manipulator/open_manipulator_x_playground) by extension 'ros'
[0.251s] DEBUG:colcon.colcon_core.package_identification:Package 'src/external/open_manipulator/open_manipulator_x_playground' with type 'ros.ament_cmake' and name 'open_manipulator_x_playground'
[0.251s] Level 1:colcon.colcon_core.package_identification:_identify(src/external/open_manipulator/open_manipulator_x_teleop) by extensions ['ignore', 'ignore_ament_install']
[0.251s] Level 1:colcon.colcon_core.package_identification:_identify(src/external/open_manipulator/open_manipulator_x_teleop) by extension 'ignore'
[0.251s] Level 1:colcon.colcon_core.package_identification:_identify(src/external/open_manipulator/open_manipulator_x_teleop) by extension 'ignore_ament_install'
[0.251s] Level 1:colcon.colcon_core.package_identification:_identify(src/external/open_manipulator/open_manipulator_x_teleop) by extensions ['colcon_pkg']
[0.251s] Level 1:colcon.colcon_core.package_identification:_identify(src/external/open_manipulator/open_manipulator_x_teleop) by extension 'colcon_pkg'
[0.251s] Level 1:colcon.colcon_core.package_identification:_identify(src/external/open_manipulator/open_manipulator_x_teleop) by extensions ['colcon_meta']
[0.251s] Level 1:colcon.colcon_core.package_identification:_identify(src/external/open_manipulator/open_manipulator_x_teleop) by extension 'colcon_meta'
[0.251s] Level 1:colcon.colcon_core.package_identification:_identify(src/external/open_manipulator/open_manipulator_x_teleop) by extensions ['ros']
[0.251s] Level 1:colcon.colcon_core.package_identification:_identify(src/external/open_manipulator/open_manipulator_x_teleop) by extension 'ros'
[0.252s] DEBUG:colcon.colcon_core.package_identification:Package 'src/external/open_manipulator/open_manipulator_x_teleop' with type 'ros.ament_cmake' and name 'open_manipulator_x_teleop'
[0.252s] Level 1:colcon.colcon_core.package_identification:_identify(src/external/zed-ros2-description) by extensions ['ignore', 'ignore_ament_install']
[0.252s] Level 1:colcon.colcon_core.package_identification:_identify(src/external/zed-ros2-description) by extension 'ignore'
[0.252s] Level 1:colcon.colcon_core.package_identification:_identify(src/external/zed-ros2-description) by extension 'ignore_ament_install'
[0.252s] Level 1:colcon.colcon_core.package_identification:_identify(src/external/zed-ros2-description) by extensions ['colcon_pkg']
[0.252s] Level 1:colcon.colcon_core.package_identification:_identify(src/external/zed-ros2-description) by extension 'colcon_pkg'
[0.252s] Level 1:colcon.colcon_core.package_identification:_identify(src/external/zed-ros2-description) by extensions ['colcon_meta']
[0.252s] Level 1:colcon.colcon_core.package_identification:_identify(src/external/zed-ros2-description) by extension 'colcon_meta'
[0.252s] Level 1:colcon.colcon_core.package_identification:_identify(src/external/zed-ros2-description) by extensions ['ros']
[0.252s] Level 1:colcon.colcon_core.package_identification:_identify(src/external/zed-ros2-description) by extension 'ros'
[0.253s] DEBUG:colcon.colcon_core.package_identification:Package 'src/external/zed-ros2-description' with type 'ros.ament_cmake' and name 'zed_description'
[0.253s] Level 1:colcon.colcon_core.package_identification:_identify(src/tool_tracker) by extensions ['ignore', 'ignore_ament_install']
[0.253s] Level 1:colcon.colcon_core.package_identification:_identify(src/tool_tracker) by extension 'ignore'
[0.253s] Level 1:colcon.colcon_core.package_identification:_identify(src/tool_tracker) by extension 'ignore_ament_install'
[0.253s] Level 1:colcon.colcon_core.package_identification:_identify(src/tool_tracker) by extensions ['colcon_pkg']
[0.253s] Level 1:colcon.colcon_core.package_identification:_identify(src/tool_tracker) by extension 'colcon_pkg'
[0.253s] Level 1:colcon.colcon_core.package_identification:_identify(src/tool_tracker) by extensions ['colcon_meta']
[0.253s] Level 1:colcon.colcon_core.package_identification:_identify(src/tool_tracker) by extension 'colcon_meta'
[0.253s] Level 1:colcon.colcon_core.package_identification:_identify(src/tool_tracker) by extensions ['ros']
[0.253s] Level 1:colcon.colcon_core.package_identification:_identify(src/tool_tracker) by extension 'ros'
[0.254s] DEBUG:colcon.colcon_core.package_identification:Package 'src/tool_tracker' with type 'ros.ament_python' and name 'tool_tracker'
[0.254s] Level 1:colcon.colcon_core.package_discovery:discover_packages(recursive) using defaults
[0.254s] Level 1:colcon.colcon_core.package_discovery:discover_packages(ignore) discover
[0.254s] Level 1:colcon.colcon_core.package_discovery:discover_packages(ignore) using defaults
[0.254s] Level 1:colcon.colcon_core.package_discovery:discover_packages(path) discover
[0.254s] Level 1:colcon.colcon_core.package_discovery:discover_packages(path) using defaults
[0.269s] Level 1:colcon.colcon_core.package_discovery:discover_packages(prefix_path) check parameters
[0.269s] Level 1:colcon.colcon_core.package_discovery:discover_packages(prefix_path) discover
[0.270s] DEBUG:colcon.colcon_installed_package_information.package_discovery:Found 9 installed packages in /home/zuhurouf/ros2_ws/tool_tracker/install
[0.271s] DEBUG:colcon.colcon_installed_package_information.package_discovery:Found 463 installed packages in /opt/ros/humble
[0.273s] Level 1:colcon.colcon_core.package_discovery:discover_packages(prefix_path) using defaults
[0.308s] Level 5:colcon.colcon_core.verb:set package 'open_manipulator_x_description' build argument 'cmake_args' from command line to 'None'
[0.308s] Level 5:colcon.colcon_core.verb:set package 'open_manipulator_x_description' build argument 'cmake_target' from command line to 'None'
[0.308s] Level 5:colcon.colcon_core.verb:set package 'open_manipulator_x_description' build argument 'cmake_target_skip_unavailable' from command line to 'False'
[0.308s] Level 5:colcon.colcon_core.verb:set package 'open_manipulator_x_description' build argument 'cmake_clean_cache' from command line to 'False'
[0.308s] Level 5:colcon.colcon_core.verb:set package 'open_manipulator_x_description' build argument 'cmake_clean_first' from command line to 'False'
[0.308s] Level 5:colcon.colcon_core.verb:set package 'open_manipulator_x_description' build argument 'cmake_force_configure' from command line to 'False'
[0.308s] Level 5:colcon.colcon_core.verb:set package 'open_manipulator_x_description' build argument 'ament_cmake_args' from command line to 'None'
[0.308s] Level 5:colcon.colcon_core.verb:set package 'open_manipulator_x_description' build argument 'catkin_cmake_args' from command line to 'None'
[0.308s] Level 5:colcon.colcon_core.verb:set package 'open_manipulator_x_description' build argument 'catkin_skip_building_tests' from command line to 'False'
[0.308s] DEBUG:colcon.colcon_core.verb:Building package 'open_manipulator_x_description' with the following arguments: {'ament_cmake_args': None, 'build_base': '/home/zuhurouf/ros2_ws/tool_tracker/build/open_manipulator_x_description', 'catkin_cmake_args': None, 'catkin_skip_building_tests': False, 'cmake_args': None, 'cmake_clean_cache': False, 'cmake_clean_first': False, 'cmake_force_configure': False, 'cmake_target': None, 'cmake_target_skip_unavailable': False, 'install_base': '/home/zuhurouf/ros2_ws/tool_tracker/install/open_manipulator_x_description', 'merge_install': False, 'path': '/home/zuhurouf/ros2_ws/tool_tracker/src/external/open_manipulator/open_manipulator_x_description', 'symlink_install': True, 'test_result_base': None}
[0.309s] Level 5:colcon.colcon_core.verb:set package 'open_manipulator_x_gui' build argument 'cmake_args' from command line to 'None'
[0.309s] Level 5:colcon.colcon_core.verb:set package 'open_manipulator_x_gui' build argument 'cmake_target' from command line to 'None'
[0.309s] Level 5:colcon.colcon_core.verb:set package 'open_manipulator_x_gui' build argument 'cmake_target_skip_unavailable' from command line to 'False'
[0.309s] Level 5:colcon.colcon_core.verb:set package 'open_manipulator_x_gui' build argument 'cmake_clean_cache' from command line to 'False'
[0.309s] Level 5:colcon.colcon_core.verb:set package 'open_manipulator_x_gui' build argument 'cmake_clean_first' from command line to 'False'
[0.309s] Level 5:colcon.colcon_core.verb:set package 'open_manipulator_x_gui' build argument 'cmake_force_configure' from command line to 'False'
[0.309s] Level 5:colcon.colcon_core.verb:set package 'open_manipulator_x_gui' build argument 'ament_cmake_args' from command line to 'None'
[0.309s] Level 5:colcon.colcon_core.verb:set package 'open_manipulator_x_gui' build argument 'catkin_cmake_args' from command line to 'None'
[0.309s] Level 5:colcon.colcon_core.verb:set package 'open_manipulator_x_gui' build argument 'catkin_skip_building_tests' from command line to 'False'
[0.309s] DEBUG:colcon.colcon_core.verb:Building package 'open_manipulator_x_gui' with the following arguments: {'ament_cmake_args': None, 'build_base': '/home/zuhurouf/ros2_ws/tool_tracker/build/open_manipulator_x_gui', 'catkin_cmake_args': None, 'catkin_skip_building_tests': False, 'cmake_args': None, 'cmake_clean_cache': False, 'cmake_clean_first': False, 'cmake_force_configure': False, 'cmake_target': None, 'cmake_target_skip_unavailable': False, 'install_base': '/home/zuhurouf/ros2_ws/tool_tracker/install/open_manipulator_x_gui', 'merge_install': False, 'path': '/home/zuhurouf/ros2_ws/tool_tracker/src/external/open_manipulator/open_manipulator_x_gui', 'symlink_install': True, 'test_result_base': None}
[0.309s] Level 5:colcon.colcon_core.verb:set package 'open_manipulator_x_playground' build argument 'cmake_args' from command line to 'None'
[0.309s] Level 5:colcon.colcon_core.verb:set package 'open_manipulator_x_playground' build argument 'cmake_target' from command line to 'None'
[0.309s] Level 5:colcon.colcon_core.verb:set package 'open_manipulator_x_playground' build argument 'cmake_target_skip_unavailable' from command line to 'False'
[0.309s] Level 5:colcon.colcon_core.verb:set package 'open_manipulator_x_playground' build argument 'cmake_clean_cache' from command line to 'False'
[0.309s] Level 5:colcon.colcon_core.verb:set package 'open_manipulator_x_playground' build argument 'cmake_clean_first' from command line to 'False'
[0.309s] Level 5:colcon.colcon_core.verb:set package 'open_manipulator_x_playground' build argument 'cmake_force_configure' from command line to 'False'
[0.309s] Level 5:colcon.colcon_core.verb:set package 'open_manipulator_x_playground' build argument 'ament_cmake_args' from command line to 'None'
[0.309s] Level 5:colcon.colcon_core.verb:set package 'open_manipulator_x_playground' build argument 'catkin_cmake_args' from command line to 'None'
[0.309s] Level 5:colcon.colcon_core.verb:set package 'open_manipulator_x_playground' build argument 'catkin_skip_building_tests' from command line to 'False'
[0.309s] DEBUG:colcon.colcon_core.verb:Building package 'open_manipulator_x_playground' with the following arguments: {'ament_cmake_args': None, 'build_base': '/home/zuhurouf/ros2_ws/tool_tracker/build/open_manipulator_x_playground', 'catkin_cmake_args': None, 'catkin_skip_building_tests': False, 'cmake_args': None, 'cmake_clean_cache': False, 'cmake_clean_first': False, 'cmake_force_configure': False, 'cmake_target': None, 'cmake_target_skip_unavailable': False, 'install_base': '/home/zuhurouf/ros2_ws/tool_tracker/install/open_manipulator_x_playground', 'merge_install': False, 'path': '/home/zuhurouf/ros2_ws/tool_tracker/src/external/open_manipulator/open_manipulator_x_playground', 'symlink_install': True, 'test_result_base': None}
[0.309s] Level 5:colcon.colcon_core.verb:set package 'tool_tracker' build argument 'cmake_args' from command line to 'None'
[0.309s] Level 5:colcon.colcon_core.verb:set package 'tool_tracker' build argument 'cmake_target' from command line to 'None'
[0.309s] Level 5:colcon.colcon_core.verb:set package 'tool_tracker' build argument 'cmake_target_skip_unavailable' from command line to 'False'
[0.309s] Level 5:colcon.colcon_core.verb:set package 'tool_tracker' build argument 'cmake_clean_cache' from command line to 'False'
[0.309s] Level 5:colcon.colcon_core.verb:set package 'tool_tracker' build argument 'cmake_clean_first' from command line to 'False'
[0.309s] Level 5:colcon.colcon_core.verb:set package 'tool_tracker' build argument 'cmake_force_configure' from command line to 'False'
[0.309s] Level 5:colcon.colcon_core.verb:set package 'tool_tracker' build argument 'ament_cmake_args' from command line to 'None'
[0.309s] Level 5:colcon.colcon_core.verb:set package 'tool_tracker' build argument 'catkin_cmake_args' from command line to 'None'
[0.309s] Level 5:colcon.colcon_core.verb:set package 'tool_tracker' build argument 'catkin_skip_building_tests' from command line to 'False'
[0.309s] DEBUG:colcon.colcon_core.verb:Building package 'tool_tracker' with the following arguments: {'ament_cmake_args': None, 'build_base': '/home/zuhurouf/ros2_ws/tool_tracker/build/tool_tracker', 'catkin_cmake_args': None, 'catkin_skip_building_tests': False, 'cmake_args': None, 'cmake_clean_cache': False, 'cmake_clean_first': False, 'cmake_force_configure': False, 'cmake_target': None, 'cmake_target_skip_unavailable': False, 'install_base': '/home/zuhurouf/ros2_ws/tool_tracker/install/tool_tracker', 'merge_install': False, 'path': '/home/zuhurouf/ros2_ws/tool_tracker/src/tool_tracker', 'symlink_install': True, 'test_result_base': None}
[0.310s] Level 5:colcon.colcon_core.verb:set package 'zed_description' build argument 'cmake_args' from command line to 'None'
[0.310s] Level 5:colcon.colcon_core.verb:set package 'zed_description' build argument 'cmake_target' from command line to 'None'
[0.310s] Level 5:colcon.colcon_core.verb:set package 'zed_description' build argument 'cmake_target_skip_unavailable' from command line to 'False'
[0.310s] Level 5:colcon.colcon_core.verb:set package 'zed_description' build argument 'cmake_clean_cache' from command line to 'False'
[0.310s] Level 5:colcon.colcon_core.verb:set package 'zed_description' build argument 'cmake_clean_first' from command line to 'False'
[0.310s] Level 5:colcon.colcon_core.verb:set package 'zed_description' build argument 'cmake_force_configure' from command line to 'False'
[0.310s] Level 5:colcon.colcon_core.verb:set package 'zed_description' build argument 'ament_cmake_args' from command line to 'None'
[0.310s] Level 5:colcon.colcon_core.verb:set package 'zed_description' build argument 'catkin_cmake_args' from command line to 'None'
[0.310s] Level 5:colcon.colcon_core.verb:set package 'zed_description' build argument 'catkin_skip_building_tests' from command line to 'False'
[0.310s] DEBUG:colcon.colcon_core.verb:Building package 'zed_description' with the following arguments: {'ament_cmake_args': None, 'build_base': '/home/zuhurouf/ros2_ws/tool_tracker/build/zed_description', 'catkin_cmake_args': None, 'catkin_skip_building_tests': False, 'cmake_args': None, 'cmake_clean_cache': False, 'cmake_clean_first': False, 'cmake_force_configure': False, 'cmake_target': None, 'cmake_target_skip_unavailable': False, 'install_base': '/home/zuhurouf/ros2_ws/tool_tracker/install/zed_description', 'merge_install': False, 'path': '/home/zuhurouf/ros2_ws/tool_tracker/src/external/zed-ros2-description', 'symlink_install': True, 'test_result_base': None}
[0.310s] Level 5:colcon.colcon_core.verb:set package 'open_manipulator_x_bringup' build argument 'cmake_args' from command line to 'None'
[0.310s] Level 5:colcon.colcon_core.verb:set package 'open_manipulator_x_bringup' build argument 'cmake_target' from command line to 'None'
[0.310s] Level 5:colcon.colcon_core.verb:set package 'open_manipulator_x_bringup' build argument 'cmake_target_skip_unavailable' from command line to 'False'
[0.310s] Level 5:colcon.colcon_core.verb:set package 'open_manipulator_x_bringup' build argument 'cmake_clean_cache' from command line to 'False'
[0.310s] Level 5:colcon.colcon_core.verb:set package 'open_manipulator_x_bringup' build argument 'cmake_clean_first' from command line to 'False'
[0.310s] Level 5:colcon.colcon_core.verb:set package 'open_manipulator_x_bringup' build argument 'cmake_force_configure' from command line to 'False'
[0.310s] Level 5:colcon.colcon_core.verb:set package 'open_manipulator_x_bringup' build argument 'ament_cmake_args' from command line to 'None'
[0.310s] Level 5:colcon.colcon_core.verb:set package 'open_manipulator_x_bringup' build argument 'catkin_cmake_args' from command line to 'None'
[0.310s] Level 5:colcon.colcon_core.verb:set package 'open_manipulator_x_bringup' build argument 'catkin_skip_building_tests' from command line to 'False'
[0.310s] DEBUG:colcon.colcon_core.verb:Building package 'open_manipulator_x_bringup' with the following arguments: {'ament_cmake_args': None, 'build_base': '/home/zuhurouf/ros2_ws/tool_tracker/build/open_manipulator_x_bringup', 'catkin_cmake_args': None, 'catkin_skip_building_tests': False, 'cmake_args': None, 'cmake_clean_cache': False, 'cmake_clean_first': False, 'cmake_force_configure': False, 'cmake_target': None, 'cmake_target_skip_unavailable': False, 'install_base': '/home/zuhurouf/ros2_ws/tool_tracker/install/open_manipulator_x_bringup', 'merge_install': False, 'path': '/home/zuhurouf/ros2_ws/tool_tracker/src/external/open_manipulator/open_manipulator_x_bringup', 'symlink_install': True, 'test_result_base': None}
[0.310s] Level 5:colcon.colcon_core.verb:set package 'open_manipulator_x_moveit_config' build argument 'cmake_args' from command line to 'None'
[0.310s] Level 5:colcon.colcon_core.verb:set package 'open_manipulator_x_moveit_config' build argument 'cmake_target' from command line to 'None'
[0.310s] Level 5:colcon.colcon_core.verb:set package 'open_manipulator_x_moveit_config' build argument 'cmake_target_skip_unavailable' from command line to 'False'
[0.310s] Level 5:colcon.colcon_core.verb:set package 'open_manipulator_x_moveit_config' build argument 'cmake_clean_cache' from command line to 'False'
[0.310s] Level 5:colcon.colcon_core.verb:set package 'open_manipulator_x_moveit_config' build argument 'cmake_clean_first' from command line to 'False'
[0.310s] Level 5:colcon.colcon_core.verb:set package 'open_manipulator_x_moveit_config' build argument 'cmake_force_configure' from command line to 'False'
[0.310s] Level 5:colcon.colcon_core.verb:set package 'open_manipulator_x_moveit_config' build argument 'ament_cmake_args' from command line to 'None'
[0.310s] Level 5:colcon.colcon_core.verb:set package 'open_manipulator_x_moveit_config' build argument 'catkin_cmake_args' from command line to 'None'
[0.310s] Level 5:colcon.colcon_core.verb:set package 'open_manipulator_x_moveit_config' build argument 'catkin_skip_building_tests' from command line to 'False'
[0.310s] DEBUG:colcon.colcon_core.verb:Building package 'open_manipulator_x_moveit_config' with the following arguments: {'ament_cmake_args': None, 'build_base': '/home/zuhurouf/ros2_ws/tool_tracker/build/open_manipulator_x_moveit_config', 'catkin_cmake_args': None, 'catkin_skip_building_tests': False, 'cmake_args': None, 'cmake_clean_cache': False, 'cmake_clean_first': False, 'cmake_force_configure': False, 'cmake_target': None, 'cmake_target_skip_unavailable': False, 'install_base': '/home/zuhurouf/ros2_ws/tool_tracker/install/open_manipulator_x_moveit_config', 'merge_install': False, 'path': '/home/zuhurouf/ros2_ws/tool_tracker/src/external/open_manipulator/open_manipulator_x_moveit_config', 'symlink_install': True, 'test_result_base': None}
[0.310s] Level 5:colcon.colcon_core.verb:set package 'open_manipulator_x_teleop' build argument 'cmake_args' from command line to 'None'
[0.310s] Level 5:colcon.colcon_core.verb:set package 'open_manipulator_x_teleop' build argument 'cmake_target' from command line to 'None'
[0.310s] Level 5:colcon.colcon_core.verb:set package 'open_manipulator_x_teleop' build argument 'cmake_target_skip_unavailable' from command line to 'False'
[0.310s] Level 5:colcon.colcon_core.verb:set package 'open_manipulator_x_teleop' build argument 'cmake_clean_cache' from command line to 'False'
[0.311s] Level 5:colcon.colcon_core.verb:set package 'open_manipulator_x_teleop' build argument 'cmake_clean_first' from command line to 'False'
[0.311s] Level 5:colcon.colcon_core.verb:set package 'open_manipulator_x_teleop' build argument 'cmake_force_configure' from command line to 'False'
[0.311s] Level 5:colcon.colcon_core.verb:set package 'open_manipulator_x_teleop' build argument 'ament_cmake_args' from command line to 'None'
[0.311s] Level 5:colcon.colcon_core.verb:set package 'open_manipulator_x_teleop' build argument 'catkin_cmake_args' from command line to 'None'
[0.311s] Level 5:colcon.colcon_core.verb:set package 'open_manipulator_x_teleop' build argument 'catkin_skip_building_tests' from command line to 'False'
[0.311s] DEBUG:colcon.colcon_core.verb:Building package 'open_manipulator_x_teleop' with the following arguments: {'ament_cmake_args': None, 'build_base': '/home/zuhurouf/ros2_ws/tool_tracker/build/open_manipulator_x_teleop', 'catkin_cmake_args': None, 'catkin_skip_building_tests': False, 'cmake_args': None, 'cmake_clean_cache': False, 'cmake_clean_first': False, 'cmake_force_configure': False, 'cmake_target': None, 'cmake_target_skip_unavailable': False, 'install_base': '/home/zuhurouf/ros2_ws/tool_tracker/install/open_manipulator_x_teleop', 'merge_install': False, 'path': '/home/zuhurouf/ros2_ws/tool_tracker/src/external/open_manipulator/open_manipulator_x_teleop', 'symlink_install': True, 'test_result_base': None}
[0.311s] Level 5:colcon.colcon_core.verb:set package 'open_manipulator' build argument 'cmake_args' from command line to 'None'
[0.311s] Level 5:colcon.colcon_core.verb:set package 'open_manipulator' build argument 'cmake_target' from command line to 'None'
[0.311s] Level 5:colcon.colcon_core.verb:set package 'open_manipulator' build argument 'cmake_target_skip_unavailable' from command line to 'False'
[0.311s] Level 5:colcon.colcon_core.verb:set package 'open_manipulator' build argument 'cmake_clean_cache' from command line to 'False'
[0.311s] Level 5:colcon.colcon_core.verb:set package 'open_manipulator' build argument 'cmake_clean_first' from command line to 'False'
[0.311s] Level 5:colcon.colcon_core.verb:set package 'open_manipulator' build argument 'cmake_force_configure' from command line to 'False'
[0.311s] Level 5:colcon.colcon_core.verb:set package 'open_manipulator' build argument 'ament_cmake_args' from command line to 'None'
[0.311s] Level 5:colcon.colcon_core.verb:set package 'open_manipulator' build argument 'catkin_cmake_args' from command line to 'None'
[0.311s] Level 5:colcon.colcon_core.verb:set package 'open_manipulator' build argument 'catkin_skip_building_tests' from command line to 'False'
[0.311s] DEBUG:colcon.colcon_core.verb:Building package 'open_manipulator' with the following arguments: {'ament_cmake_args': None, 'build_base': '/home/zuhurouf/ros2_ws/tool_tracker/build/open_manipulator', 'catkin_cmake_args': None, 'catkin_skip_building_tests': False, 'cmake_args': None, 'cmake_clean_cache': False, 'cmake_clean_first': False, 'cmake_force_configure': False, 'cmake_target': None, 'cmake_target_skip_unavailable': False, 'install_base': '/home/zuhurouf/ros2_ws/tool_tracker/install/open_manipulator', 'merge_install': False, 'path': '/home/zuhurouf/ros2_ws/tool_tracker/src/external/open_manipulator/open_manipulator', 'symlink_install': True, 'test_result_base': None}
[0.311s] INFO:colcon.colcon_core.executor:Executing jobs using 'parallel' executor
[0.312s] DEBUG:colcon.colcon_parallel_executor.executor.parallel:run_until_complete
[0.312s] INFO:colcon.colcon_ros.task.ament_cmake.build:Building ROS package in '/home/zuhurouf/ros2_ws/tool_tracker/src/external/open_manipulator/open_manipulator_x_description' with build type 'ament_cmake'
[0.312s] INFO:colcon.colcon_cmake.task.cmake.build:Building CMake package in '/home/zuhurouf/ros2_ws/tool_tracker/src/external/open_manipulator/open_manipulator_x_description'
[0.313s] INFO:colcon.colcon_core.plugin_system:Skipping extension 'colcon_core.shell.bat': Not used on non-Windows systems
[0.313s] INFO:colcon.colcon_core.shell:Skip shell extension 'powershell' for command environment: Not usable outside of PowerShell
[0.313s] DEBUG:colcon.colcon_core.shell:Skip shell extension 'dsv' for command environment
[0.316s] INFO:colcon.colcon_ros.task.ament_cmake.build:Building ROS package in '/home/zuhurouf/ros2_ws/tool_tracker/src/external/open_manipulator/open_manipulator_x_gui' with build type 'ament_cmake'
[0.317s] INFO:colcon.colcon_cmake.task.cmake.build:Building CMake package in '/home/zuhurouf/ros2_ws/tool_tracker/src/external/open_manipulator/open_manipulator_x_gui'
[0.317s] INFO:colcon.colcon_core.shell:Skip shell extension 'powershell' for command environment: Not usable outside of PowerShell
[0.317s] DEBUG:colcon.colcon_core.shell:Skip shell extension 'dsv' for command environment
[0.319s] INFO:colcon.colcon_ros.task.ament_cmake.build:Building ROS package in '/home/zuhurouf/ros2_ws/tool_tracker/src/external/open_manipulator/open_manipulator_x_playground' with build type 'ament_cmake'
[0.320s] INFO:colcon.colcon_cmake.task.cmake.build:Building CMake package in '/home/zuhurouf/ros2_ws/tool_tracker/src/external/open_manipulator/open_manipulator_x_playground'
[0.320s] INFO:colcon.colcon_core.shell:Skip shell extension 'powershell' for command environment: Not usable outside of PowerShell
[0.320s] DEBUG:colcon.colcon_core.shell:Skip shell extension 'dsv' for command environment
[0.322s] INFO:colcon.colcon_ros.task.ament_python.build:Building ROS package in '/home/zuhurouf/ros2_ws/tool_tracker/src/tool_tracker' with build type 'ament_python'
[0.322s] Level 1:colcon.colcon_core.shell:create_environment_hook('tool_tracker', 'ament_prefix_path')
[0.323s] INFO:colcon.colcon_core.shell:Creating environment hook '/home/zuhurouf/ros2_ws/tool_tracker/install/tool_tracker/share/tool_tracker/hook/ament_prefix_path.ps1'
[0.323s] INFO:colcon.colcon_core.shell:Creating environment descriptor '/home/zuhurouf/ros2_ws/tool_tracker/install/tool_tracker/share/tool_tracker/hook/ament_prefix_path.dsv'
[0.323s] INFO:colcon.colcon_core.shell:Creating environment hook '/home/zuhurouf/ros2_ws/tool_tracker/install/tool_tracker/share/tool_tracker/hook/ament_prefix_path.sh'
[0.324s] INFO:colcon.colcon_core.shell:Skip shell extension 'powershell' for command environment: Not usable outside of PowerShell
[0.324s] DEBUG:colcon.colcon_core.shell:Skip shell extension 'dsv' for command environment
[0.327s] INFO:colcon.colcon_ros.task.ament_cmake.build:Building ROS package in '/home/zuhurouf/ros2_ws/tool_tracker/src/external/zed-ros2-description' with build type 'ament_cmake'
[0.327s] INFO:colcon.colcon_cmake.task.cmake.build:Building CMake package in '/home/zuhurouf/ros2_ws/tool_tracker/src/external/zed-ros2-description'
[0.327s] INFO:colcon.colcon_core.shell:Skip shell extension 'powershell' for command environment: Not usable outside of PowerShell
[0.327s] DEBUG:colcon.colcon_core.shell:Skip shell extension 'dsv' for command environment
[0.344s] DEBUG:colcon.colcon_core.event_handler.log_command:Invoking command in '/home/zuhurouf/ros2_ws/tool_tracker/build/open_manipulator_x_description': CMAKE_PREFIX_PATH=${CMAKE_PREFIX_PATH}:/home/zuhurouf/ros2_ws/tool_tracker/install/tool_tracker:/opt/ros/humble /usr/bin/cmake --build /home/zuhurouf/ros2_ws/tool_tracker/build/open_manipulator_x_description -- -j12 -l12
[0.346s] DEBUG:colcon.colcon_core.event_handler.log_command:Invoking command in '/home/zuhurouf/ros2_ws/tool_tracker/build/open_manipulator_x_gui': CMAKE_PREFIX_PATH=${CMAKE_PREFIX_PATH}:/home/zuhurouf/ros2_ws/tool_tracker/install/tool_tracker:/opt/ros/humble /usr/bin/cmake --build /home/zuhurouf/ros2_ws/tool_tracker/build/open_manipulator_x_gui -- -j12 -l12
[0.349s] DEBUG:colcon.colcon_core.event_handler.log_command:Invoking command in '/home/zuhurouf/ros2_ws/tool_tracker/build/open_manipulator_x_playground': CMAKE_PREFIX_PATH=${CMAKE_PREFIX_PATH}:/home/zuhurouf/ros2_ws/tool_tracker/install/tool_tracker:/opt/ros/humble /usr/bin/cmake --build /home/zuhurouf/ros2_ws/tool_tracker/build/open_manipulator_x_playground -- -j12 -l12
[0.560s] INFO:colcon.colcon_core.task.python.build:Building Python package in '/home/zuhurouf/ros2_ws/tool_tracker/src/tool_tracker'
[0.561s] INFO:colcon.colcon_core.shell:Skip shell extension 'powershell' for command environment: Not usable outside of PowerShell
[0.561s] DEBUG:colcon.colcon_core.shell:Skip shell extension 'dsv' for command environment
[0.568s] DEBUG:colcon.colcon_core.event_handler.log_command:Invoking command in '/home/zuhurouf/ros2_ws/tool_tracker/build/zed_description': CMAKE_PREFIX_PATH=${CMAKE_PREFIX_PATH}:/home/zuhurouf/ros2_ws/tool_tracker/install/tool_tracker:/opt/ros/humble /usr/bin/cmake --build /home/zuhurouf/ros2_ws/tool_tracker/build/zed_description -- -j12 -l12
[0.568s] DEBUG:colcon.colcon_core.event_handler.log_command:Invoked command in '/home/zuhurouf/ros2_ws/tool_tracker/build/open_manipulator_x_description' returned '0': CMAKE_PREFIX_PATH=${CMAKE_PREFIX_PATH}:/home/zuhurouf/ros2_ws/tool_tracker/install/tool_tracker:/opt/ros/humble /usr/bin/cmake --build /home/zuhurouf/ros2_ws/tool_tracker/build/open_manipulator_x_description -- -j12 -l12
[0.574s] DEBUG:colcon.colcon_core.event_handler.log_command:Invoking command in '/home/zuhurouf/ros2_ws/tool_tracker/build/open_manipulator_x_description': CMAKE_PREFIX_PATH=${CMAKE_PREFIX_PATH}:/home/zuhurouf/ros2_ws/tool_tracker/install/tool_tracker:/opt/ros/humble /usr/bin/cmake --install /home/zuhurouf/ros2_ws/tool_tracker/build/open_manipulator_x_description
[0.574s] DEBUG:colcon.colcon_core.event_handler.log_command:Invoked command in '/home/zuhurouf/ros2_ws/tool_tracker/build/open_manipulator_x_playground' returned '0': CMAKE_PREFIX_PATH=${CMAKE_PREFIX_PATH}:/home/zuhurouf/ros2_ws/tool_tracker/install/tool_tracker:/opt/ros/humble /usr/bin/cmake --build /home/zuhurouf/ros2_ws/tool_tracker/build/open_manipulator_x_playground -- -j12 -l12
[0.576s] DEBUG:colcon.colcon_core.event_handler.log_command:Invoking command in '/home/zuhurouf/ros2_ws/tool_tracker/build/open_manipulator_x_playground': CMAKE_PREFIX_PATH=${CMAKE_PREFIX_PATH}:/home/zuhurouf/ros2_ws/tool_tracker/install/tool_tracker:/opt/ros/humble /usr/bin/cmake --install /home/zuhurouf/ros2_ws/tool_tracker/build/open_manipulator_x_playground
[0.576s] DEBUG:colcon.colcon_core.event_handler.log_command:Invoked command in '/home/zuhurouf/ros2_ws/tool_tracker/build/open_manipulator_x_gui' returned '0': CMAKE_PREFIX_PATH=${CMAKE_PREFIX_PATH}:/home/zuhurouf/ros2_ws/tool_tracker/install/tool_tracker:/opt/ros/humble /usr/bin/cmake --build /home/zuhurouf/ros2_ws/tool_tracker/build/open_manipulator_x_gui -- -j12 -l12
[0.578s] DEBUG:colcon.colcon_core.event_handler.log_command:Invoking command in '/home/zuhurouf/ros2_ws/tool_tracker/build/open_manipulator_x_gui': CMAKE_PREFIX_PATH=${CMAKE_PREFIX_PATH}:/home/zuhurouf/ros2_ws/tool_tracker/install/tool_tracker:/opt/ros/humble /usr/bin/cmake --install /home/zuhurouf/ros2_ws/tool_tracker/build/open_manipulator_x_gui
[0.591s] Level 1:colcon.colcon_core.environment:create_environment_scripts_only(open_manipulator_x_description)
[0.592s] DEBUG:colcon.colcon_core.event_handler.log_command:Invoked command in '/home/zuhurouf/ros2_ws/tool_tracker/build/open_manipulator_x_description' returned '0': CMAKE_PREFIX_PATH=${CMAKE_PREFIX_PATH}:/home/zuhurouf/ros2_ws/tool_tracker/install/tool_tracker:/opt/ros/humble /usr/bin/cmake --install /home/zuhurouf/ros2_ws/tool_tracker/build/open_manipulator_x_description
[0.594s] Level 1:colcon.colcon_core.environment:checking '/home/zuhurouf/ros2_ws/tool_tracker/install/open_manipulator_x_description' for CMake module files
[0.594s] Level 1:colcon.colcon_core.environment:checking '/home/zuhurouf/ros2_ws/tool_tracker/install/open_manipulator_x_description' for CMake config files
[0.595s] Level 1:colcon.colcon_core.shell:create_environment_hook('open_manipulator_x_description', 'cmake_prefix_path')
[0.595s] INFO:colcon.colcon_core.shell:Creating environment hook '/home/zuhurouf/ros2_ws/tool_tracker/install/open_manipulator_x_description/share/open_manipulator_x_description/hook/cmake_prefix_path.ps1'
[0.595s] INFO:colcon.colcon_core.shell:Creating environment descriptor '/home/zuhurouf/ros2_ws/tool_tracker/install/open_manipulator_x_description/share/open_manipulator_x_description/hook/cmake_prefix_path.dsv'
[0.595s] INFO:colcon.colcon_core.shell:Creating environment hook '/home/zuhurouf/ros2_ws/tool_tracker/install/open_manipulator_x_description/share/open_manipulator_x_description/hook/cmake_prefix_path.sh'
[0.596s] Level 1:colcon.colcon_core.environment:checking '/home/zuhurouf/ros2_ws/tool_tracker/install/open_manipulator_x_description/bin'
[0.596s] Level 1:colcon.colcon_core.environment:checking '/home/zuhurouf/ros2_ws/tool_tracker/install/open_manipulator_x_description/lib/pkgconfig/open_manipulator_x_description.pc'
[0.596s] Level 1:colcon.colcon_core.environment:checking '/home/zuhurouf/ros2_ws/tool_tracker/install/open_manipulator_x_description/lib/python3.10/site-packages'
[0.596s] Level 1:colcon.colcon_core.environment:checking '/home/zuhurouf/ros2_ws/tool_tracker/install/open_manipulator_x_description/bin'
[0.597s] INFO:colcon.colcon_core.shell:Creating package script '/home/zuhurouf/ros2_ws/tool_tracker/install/open_manipulator_x_description/share/open_manipulator_x_description/package.ps1'
[0.597s] INFO:colcon.colcon_core.shell:Creating package descriptor '/home/zuhurouf/ros2_ws/tool_tracker/install/open_manipulator_x_description/share/open_manipulator_x_description/package.dsv'
[0.598s] INFO:colcon.colcon_core.shell:Creating package script '/home/zuhurouf/ros2_ws/tool_tracker/install/open_manipulator_x_description/share/open_manipulator_x_description/package.sh'
[0.598s] INFO:colcon.colcon_core.shell:Creating package script '/home/zuhurouf/ros2_ws/tool_tracker/install/open_manipulator_x_description/share/open_manipulator_x_description/package.bash'
[0.599s] INFO:colcon.colcon_core.shell:Creating package script '/home/zuhurouf/ros2_ws/tool_tracker/install/open_manipulator_x_description/share/open_manipulator_x_description/package.zsh'
[0.599s] Level 1:colcon.colcon_core.environment:create_file_with_runtime_dependencies(/home/zuhurouf/ros2_ws/tool_tracker/install/open_manipulator_x_description/share/colcon-core/packages/open_manipulator_x_description)
[0.600s] Level 1:colcon.colcon_core.environment:create_environment_scripts_only(open_manipulator_x_description)
[0.600s] Level 1:colcon.colcon_core.environment:checking '/home/zuhurouf/ros2_ws/tool_tracker/install/open_manipulator_x_description' for CMake module files
[0.600s] Level 1:colcon.colcon_core.environment:checking '/home/zuhurouf/ros2_ws/tool_tracker/install/open_manipulator_x_description' for CMake config files
[0.600s] Level 1:colcon.colcon_core.shell:create_environment_hook('open_manipulator_x_description', 'cmake_prefix_path')
[0.600s] INFO:colcon.colcon_core.shell:Creating environment hook '/home/zuhurouf/ros2_ws/tool_tracker/install/open_manipulator_x_description/share/open_manipulator_x_description/hook/cmake_prefix_path.ps1'
[0.601s] INFO:colcon.colcon_core.shell:Creating environment descriptor '/home/zuhurouf/ros2_ws/tool_tracker/install/open_manipulator_x_description/share/open_manipulator_x_description/hook/cmake_prefix_path.dsv'
[0.601s] INFO:colcon.colcon_core.shell:Creating environment hook '/home/zuhurouf/ros2_ws/tool_tracker/install/open_manipulator_x_description/share/open_manipulator_x_description/hook/cmake_prefix_path.sh'
[0.601s] Level 1:colcon.colcon_core.environment:checking '/home/zuhurouf/ros2_ws/tool_tracker/install/open_manipulator_x_description/bin'
[0.601s] Level 1:colcon.colcon_core.environment:checking '/home/zuhurouf/ros2_ws/tool_tracker/install/open_manipulator_x_description/lib/pkgconfig/open_manipulator_x_description.pc'
[0.601s] Level 1:colcon.colcon_core.environment:checking '/home/zuhurouf/ros2_ws/tool_tracker/install/open_manipulator_x_description/lib/python3.10/site-packages'
[0.602s] Level 1:colcon.colcon_core.environment:checking '/home/zuhurouf/ros2_ws/tool_tracker/install/open_manipulator_x_description/bin'
[0.602s] INFO:colcon.colcon_core.shell:Creating package script '/home/zuhurouf/ros2_ws/tool_tracker/install/open_manipulator_x_description/share/open_manipulator_x_description/package.ps1'
[0.602s] INFO:colcon.colcon_core.shell:Creating package descriptor '/home/zuhurouf/ros2_ws/tool_tracker/install/open_manipulator_x_description/share/open_manipulator_x_description/package.dsv'
[0.603s] INFO:colcon.colcon_core.shell:Creating package script '/home/zuhurouf/ros2_ws/tool_tracker/install/open_manipulator_x_description/share/open_manipulator_x_description/package.sh'
[0.603s] INFO:colcon.colcon_core.shell:Creating package script '/home/zuhurouf/ros2_ws/tool_tracker/install/open_manipulator_x_description/share/open_manipulator_x_description/package.bash'
[0.603s] INFO:colcon.colcon_core.shell:Creating package script '/home/zuhurouf/ros2_ws/tool_tracker/install/open_manipulator_x_description/share/open_manipulator_x_description/package.zsh'
[0.603s] Level 1:colcon.colcon_core.environment:create_file_with_runtime_dependencies(/home/zuhurouf/ros2_ws/tool_tracker/install/open_manipulator_x_description/share/colcon-core/packages/open_manipulator_x_description)
[0.604s] INFO:colcon.colcon_ros.task.ament_cmake.build:Building ROS package in '/home/zuhurouf/ros2_ws/tool_tracker/src/external/open_manipulator/open_manipulator_x_bringup' with build type 'ament_cmake'
[0.604s] INFO:colcon.colcon_cmake.task.cmake.build:Building CMake package in '/home/zuhurouf/ros2_ws/tool_tracker/src/external/open_manipulator/open_manipulator_x_bringup'
[0.604s] INFO:colcon.colcon_core.shell:Skip shell extension 'powershell' for command environment: Not usable outside of PowerShell
[0.604s] DEBUG:colcon.colcon_core.shell:Skip shell extension 'dsv' for command environment
[0.607s] INFO:colcon.colcon_ros.task.ament_cmake.build:Building ROS package in '/home/zuhurouf/ros2_ws/tool_tracker/src/external/open_manipulator/open_manipulator_x_moveit_config' with build type 'ament_cmake'
[0.607s] INFO:colcon.colcon_cmake.task.cmake.build:Building CMake package in '/home/zuhurouf/ros2_ws/tool_tracker/src/external/open_manipulator/open_manipulator_x_moveit_config'
[0.608s] INFO:colcon.colcon_core.shell:Skip shell extension 'powershell' for command environment: Not usable outside of PowerShell
[0.608s] DEBUG:colcon.colcon_core.shell:Skip shell extension 'dsv' for command environment
[0.611s] Level 1:colcon.colcon_core.environment:create_environment_scripts_only(open_manipulator_x_playground)
[0.611s] Level 1:colcon.colcon_core.environment:checking '/home/zuhurouf/ros2_ws/tool_tracker/install/open_manipulator_x_playground' for CMake module files
[0.612s] DEBUG:colcon.colcon_core.event_handler.log_command:Invoked command in '/home/zuhurouf/ros2_ws/tool_tracker/build/open_manipulator_x_playground' returned '0': CMAKE_PREFIX_PATH=${CMAKE_PREFIX_PATH}:/home/zuhurouf/ros2_ws/tool_tracker/install/tool_tracker:/opt/ros/humble /usr/bin/cmake --install /home/zuhurouf/ros2_ws/tool_tracker/build/open_manipulator_x_playground
[0.612s] Level 1:colcon.colcon_core.environment:checking '/home/zuhurouf/ros2_ws/tool_tracker/install/open_manipulator_x_playground' for CMake config files
[0.612s] Level 1:colcon.colcon_core.shell:create_environment_hook('open_manipulator_x_playground', 'cmake_prefix_path')
[0.613s] INFO:colcon.colcon_core.shell:Creating environment hook '/home/zuhurouf/ros2_ws/tool_tracker/install/open_manipulator_x_playground/share/open_manipulator_x_playground/hook/cmake_prefix_path.ps1'
[0.613s] INFO:colcon.colcon_core.shell:Creating environment descriptor '/home/zuhurouf/ros2_ws/tool_tracker/install/open_manipulator_x_playground/share/open_manipulator_x_playground/hook/cmake_prefix_path.dsv'
[0.613s] INFO:colcon.colcon_core.shell:Creating environment hook '/home/zuhurouf/ros2_ws/tool_tracker/install/open_manipulator_x_playground/share/open_manipulator_x_playground/hook/cmake_prefix_path.sh'
[0.613s] Level 1:colcon.colcon_core.environment:checking '/home/zuhurouf/ros2_ws/tool_tracker/install/open_manipulator_x_playground/lib'
[0.614s] Level 1:colcon.colcon_core.environment:checking '/home/zuhurouf/ros2_ws/tool_tracker/install/open_manipulator_x_playground/bin'
[0.614s] Level 1:colcon.colcon_core.environment:checking '/home/zuhurouf/ros2_ws/tool_tracker/install/open_manipulator_x_playground/lib/pkgconfig/open_manipulator_x_playground.pc'
[0.614s] Level 1:colcon.colcon_core.environment:checking '/home/zuhurouf/ros2_ws/tool_tracker/install/open_manipulator_x_playground/lib/python3.10/site-packages'
[0.614s] Level 1:colcon.colcon_core.environment:checking '/home/zuhurouf/ros2_ws/tool_tracker/install/open_manipulator_x_playground/bin'
[0.614s] INFO:colcon.colcon_core.shell:Creating package script '/home/zuhurouf/ros2_ws/tool_tracker/install/open_manipulator_x_playground/share/open_manipulator_x_playground/package.ps1'
[0.615s] INFO:colcon.colcon_core.shell:Creating package descriptor '/home/zuhurouf/ros2_ws/tool_tracker/install/open_manipulator_x_playground/share/open_manipulator_x_playground/package.dsv'
[0.615s] INFO:colcon.colcon_core.shell:Creating package script '/home/zuhurouf/ros2_ws/tool_tracker/install/open_manipulator_x_playground/share/open_manipulator_x_playground/package.sh'
[0.615s] INFO:colcon.colcon_core.shell:Creating package script '/home/zuhurouf/ros2_ws/tool_tracker/install/open_manipulator_x_playground/share/open_manipulator_x_playground/package.bash'
[0.615s] INFO:colcon.colcon_core.shell:Creating package script '/home/zuhurouf/ros2_ws/tool_tracker/install/open_manipulator_x_playground/share/open_manipulator_x_playground/package.zsh'
[0.616s] Level 1:colcon.colcon_core.environment:create_file_with_runtime_dependencies(/home/zuhurouf/ros2_ws/tool_tracker/install/open_manipulator_x_playground/share/colcon-core/packages/open_manipulator_x_playground)
[0.616s] Level 1:colcon.colcon_core.environment:create_environment_scripts_only(open_manipulator_x_playground)
[0.616s] Level 1:colcon.colcon_core.environment:checking '/home/zuhurouf/ros2_ws/tool_tracker/install/open_manipulator_x_playground' for CMake module files
[0.616s] Level 1:colcon.colcon_core.environment:checking '/home/zuhurouf/ros2_ws/tool_tracker/install/open_manipulator_x_playground' for CMake config files
[0.617s] Level 1:colcon.colcon_core.shell:create_environment_hook('open_manipulator_x_playground', 'cmake_prefix_path')
[0.617s] INFO:colcon.colcon_core.shell:Creating environment hook '/home/zuhurouf/ros2_ws/tool_tracker/install/open_manipulator_x_playground/share/open_manipulator_x_playground/hook/cmake_prefix_path.ps1'
[0.617s] INFO:colcon.colcon_core.shell:Creating environment descriptor '/home/zuhurouf/ros2_ws/tool_tracker/install/open_manipulator_x_playground/share/open_manipulator_x_playground/hook/cmake_prefix_path.dsv'
[0.617s] INFO:colcon.colcon_core.shell:Creating environment hook '/home/zuhurouf/ros2_ws/tool_tracker/install/open_manipulator_x_playground/share/open_manipulator_x_playground/hook/cmake_prefix_path.sh'
[0.618s] Level 1:colcon.colcon_core.environment:checking '/home/zuhurouf/ros2_ws/tool_tracker/install/open_manipulator_x_playground/lib'
[0.618s] Level 1:colcon.colcon_core.environment:checking '/home/zuhurouf/ros2_ws/tool_tracker/install/open_manipulator_x_playground/bin'
[0.618s] Level 1:colcon.colcon_core.environment:checking '/home/zuhurouf/ros2_ws/tool_tracker/install/open_manipulator_x_playground/lib/pkgconfig/open_manipulator_x_playground.pc'
[0.618s] Level 1:colcon.colcon_core.environment:checking '/home/zuhurouf/ros2_ws/tool_tracker/install/open_manipulator_x_playground/lib/python3.10/site-packages'
[0.618s] Level 1:colcon.colcon_core.environment:checking '/home/zuhurouf/ros2_ws/tool_tracker/install/open_manipulator_x_playground/bin'
[0.618s] INFO:colcon.colcon_core.shell:Creating package script '/home/zuhurouf/ros2_ws/tool_tracker/install/open_manipulator_x_playground/share/open_manipulator_x_playground/package.ps1'
[0.619s] INFO:colcon.colcon_core.shell:Creating package descriptor '/home/zuhurouf/ros2_ws/tool_tracker/install/open_manipulator_x_playground/share/open_manipulator_x_playground/package.dsv'
[0.619s] INFO:colcon.colcon_core.shell:Creating package script '/home/zuhurouf/ros2_ws/tool_tracker/install/open_manipulator_x_playground/share/open_manipulator_x_playground/package.sh'
[0.619s] INFO:colcon.colcon_core.shell:Creating package script '/home/zuhurouf/ros2_ws/tool_tracker/install/open_manipulator_x_playground/share/open_manipulator_x_playground/package.bash'
[0.620s] INFO:colcon.colcon_core.shell:Creating package script '/home/zuhurouf/ros2_ws/tool_tracker/install/open_manipulator_x_playground/share/open_manipulator_x_playground/package.zsh'
[0.620s] Level 1:colcon.colcon_core.environment:create_file_with_runtime_dependencies(/home/zuhurouf/ros2_ws/tool_tracker/install/open_manipulator_x_playground/share/colcon-core/packages/open_manipulator_x_playground)
[0.620s] Level 1:colcon.colcon_core.environment:create_environment_scripts_only(open_manipulator_x_gui)
[0.620s] Level 1:colcon.colcon_core.environment:checking '/home/zuhurouf/ros2_ws/tool_tracker/install/open_manipulator_x_gui' for CMake module files
[0.621s] DEBUG:colcon.colcon_core.event_handler.log_command:Invoked command in '/home/zuhurouf/ros2_ws/tool_tracker/build/open_manipulator_x_gui' returned '0': CMAKE_PREFIX_PATH=${CMAKE_PREFIX_PATH}:/home/zuhurouf/ros2_ws/tool_tracker/install/tool_tracker:/opt/ros/humble /usr/bin/cmake --install /home/zuhurouf/ros2_ws/tool_tracker/build/open_manipulator_x_gui
[0.621s] Level 1:colcon.colcon_core.environment:checking '/home/zuhurouf/ros2_ws/tool_tracker/install/open_manipulator_x_gui' for CMake config files
[0.621s] Level 1:colcon.colcon_core.shell:create_environment_hook('open_manipulator_x_gui', 'cmake_prefix_path')
[0.621s] INFO:colcon.colcon_core.shell:Creating environment hook '/home/zuhurouf/ros2_ws/tool_tracker/install/open_manipulator_x_gui/share/open_manipulator_x_gui/hook/cmake_prefix_path.ps1'
[0.622s] INFO:colcon.colcon_core.shell:Creating environment descriptor '/home/zuhurouf/ros2_ws/tool_tracker/install/open_manipulator_x_gui/share/open_manipulator_x_gui/hook/cmake_prefix_path.dsv'
[0.622s] INFO:colcon.colcon_core.shell:Creating environment hook '/home/zuhurouf/ros2_ws/tool_tracker/install/open_manipulator_x_gui/share/open_manipulator_x_gui/hook/cmake_prefix_path.sh'
[0.622s] Level 1:colcon.colcon_core.environment:checking '/home/zuhurouf/ros2_ws/tool_tracker/install/open_manipulator_x_gui/lib'
[0.622s] Level 1:colcon.colcon_core.environment:checking '/home/zuhurouf/ros2_ws/tool_tracker/install/open_manipulator_x_gui/bin'
[0.622s] Level 1:colcon.colcon_core.environment:checking '/home/zuhurouf/ros2_ws/tool_tracker/install/open_manipulator_x_gui/lib/pkgconfig/open_manipulator_x_gui.pc'
[0.622s] Level 1:colcon.colcon_core.environment:checking '/home/zuhurouf/ros2_ws/tool_tracker/install/open_manipulator_x_gui/lib/python3.10/site-packages'
[0.623s] Level 1:colcon.colcon_core.environment:checking '/home/zuhurouf/ros2_ws/tool_tracker/install/open_manipulator_x_gui/bin'
[0.623s] INFO:colcon.colcon_core.shell:Creating package script '/home/zuhurouf/ros2_ws/tool_tracker/install/open_manipulator_x_gui/share/open_manipulator_x_gui/package.ps1'
[0.623s] INFO:colcon.colcon_core.shell:Creating package descriptor '/home/zuhurouf/ros2_ws/tool_tracker/install/open_manipulator_x_gui/share/open_manipulator_x_gui/package.dsv'
[0.624s] INFO:colcon.colcon_core.shell:Creating package script '/home/zuhurouf/ros2_ws/tool_tracker/install/open_manipulator_x_gui/share/open_manipulator_x_gui/package.sh'
[0.624s] INFO:colcon.colcon_core.shell:Creating package script '/home/zuhurouf/ros2_ws/tool_tracker/install/open_manipulator_x_gui/share/open_manipulator_x_gui/package.bash'
[0.624s] INFO:colcon.colcon_core.shell:Creating package script '/home/zuhurouf/ros2_ws/tool_tracker/install/open_manipulator_x_gui/share/open_manipulator_x_gui/package.zsh'
[0.624s] Level 1:colcon.colcon_core.environment:create_file_with_runtime_dependencies(/home/zuhurouf/ros2_ws/tool_tracker/install/open_manipulator_x_gui/share/colcon-core/packages/open_manipulator_x_gui)
[0.625s] Level 1:colcon.colcon_core.environment:create_environment_scripts_only(open_manipulator_x_gui)
[0.625s] Level 1:colcon.colcon_core.environment:checking '/home/zuhurouf/ros2_ws/tool_tracker/install/open_manipulator_x_gui' for CMake module files
[0.625s] Level 1:colcon.colcon_core.environment:checking '/home/zuhurouf/ros2_ws/tool_tracker/install/open_manipulator_x_gui' for CMake config files
[0.625s] Level 1:colcon.colcon_core.shell:create_environment_hook('open_manipulator_x_gui', 'cmake_prefix_path')
[0.625s] INFO:colcon.colcon_core.shell:Creating environment hook '/home/zuhurouf/ros2_ws/tool_tracker/install/open_manipulator_x_gui/share/open_manipulator_x_gui/hook/cmake_prefix_path.ps1'
[0.626s] INFO:colcon.colcon_core.shell:Creating environment descriptor '/home/zuhurouf/ros2_ws/tool_tracker/install/open_manipulator_x_gui/share/open_manipulator_x_gui/hook/cmake_prefix_path.dsv'
[0.626s] INFO:colcon.colcon_core.shell:Creating environment hook '/home/zuhurouf/ros2_ws/tool_tracker/install/open_manipulator_x_gui/share/open_manipulator_x_gui/hook/cmake_prefix_path.sh'
[0.626s] Level 1:colcon.colcon_core.environment:checking '/home/zuhurouf/ros2_ws/tool_tracker/install/open_manipulator_x_gui/lib'
[0.626s] Level 1:colcon.colcon_core.environment:checking '/home/zuhurouf/ros2_ws/tool_tracker/install/open_manipulator_x_gui/bin'
[0.626s] Level 1:colcon.colcon_core.environment:checking '/home/zuhurouf/ros2_ws/tool_tracker/install/open_manipulator_x_gui/lib/pkgconfig/open_manipulator_x_gui.pc'
[0.627s] Level 1:colcon.colcon_core.environment:checking '/home/zuhurouf/ros2_ws/tool_tracker/install/open_manipulator_x_gui/lib/python3.10/site-packages'
[0.627s] Level 1:colcon.colcon_core.environment:checking '/home/zuhurouf/ros2_ws/tool_tracker/install/open_manipulator_x_gui/bin'
[0.627s] INFO:colcon.colcon_core.shell:Creating package script '/home/zuhurouf/ros2_ws/tool_tracker/install/open_manipulator_x_gui/share/open_manipulator_x_gui/package.ps1'
[0.627s] INFO:colcon.colcon_core.shell:Creating package descriptor '/home/zuhurouf/ros2_ws/tool_tracker/install/open_manipulator_x_gui/share/open_manipulator_x_gui/package.dsv'
[0.628s] INFO:colcon.colcon_core.shell:Creating package script '/home/zuhurouf/ros2_ws/tool_tracker/install/open_manipulator_x_gui/share/open_manipulator_x_gui/package.sh'
[0.628s] INFO:colcon.colcon_core.shell:Creating package script '/home/zuhurouf/ros2_ws/tool_tracker/install/open_manipulator_x_gui/share/open_manipulator_x_gui/package.bash'
[0.628s] INFO:colcon.colcon_core.shell:Creating package script '/home/zuhurouf/ros2_ws/tool_tracker/install/open_manipulator_x_gui/share/open_manipulator_x_gui/package.zsh'
[0.628s] Level 1:colcon.colcon_core.environment:create_file_with_runtime_dependencies(/home/zuhurouf/ros2_ws/tool_tracker/install/open_manipulator_x_gui/share/colcon-core/packages/open_manipulator_x_gui)
[0.629s] DEBUG:colcon.colcon_core.event_handler.log_command:Invoked command in '/home/zuhurouf/ros2_ws/tool_tracker/build/zed_description' returned '0': CMAKE_PREFIX_PATH=${CMAKE_PREFIX_PATH}:/home/zuhurouf/ros2_ws/tool_tracker/install/tool_tracker:/opt/ros/humble /usr/bin/cmake --build /home/zuhurouf/ros2_ws/tool_tracker/build/zed_description -- -j12 -l12
[0.630s] DEBUG:colcon.colcon_core.event_handler.log_command:Invoking command in '/home/zuhurouf/ros2_ws/tool_tracker/build/zed_description': CMAKE_PREFIX_PATH=${CMAKE_PREFIX_PATH}:/home/zuhurouf/ros2_ws/tool_tracker/install/tool_tracker:/opt/ros/humble /usr/bin/cmake --install /home/zuhurouf/ros2_ws/tool_tracker/build/zed_description
[0.633s] DEBUG:colcon.colcon_core.event_handler.log_command:Invoking command in '/home/zuhurouf/ros2_ws/tool_tracker/build/open_manipulator_x_bringup': CMAKE_PREFIX_PATH=/home/zuhurouf/ros2_ws/tool_tracker/install/open_manipulator_x_description:/home/zuhurouf/ros2_ws/tool_tracker/install/zed_description:/home/zuhurouf/ros2_ws/tool_tracker/install/open_manipulator:/home/zuhurouf/ros2_ws/tool_tracker/install/open_manipulator_x_teleop:/home/zuhurouf/ros2_ws/tool_tracker/install/open_manipulator_x_playground:/home/zuhurouf/ros2_ws/tool_tracker/install/open_manipulator_x_moveit_config:/home/zuhurouf/ros2_ws/tool_tracker/install/open_manipulator_x_gui:/home/zuhurouf/ros2_ws/tool_tracker/install/open_manipulator_x_bringup:/home/zuhurouf/ros2_ws/tool_tracker/install/tool_tracker:/opt/ros/humble /usr/bin/cmake --build /home/zuhurouf/ros2_ws/tool_tracker/build/open_manipulator_x_bringup -- -j12 -l12
[0.635s] DEBUG:colcon.colcon_core.event_handler.log_command:Invoking command in '/home/zuhurouf/ros2_ws/tool_tracker/build/open_manipulator_x_moveit_config': CMAKE_PREFIX_PATH=/home/zuhurouf/ros2_ws/tool_tracker/install/open_manipulator_x_description:/home/zuhurouf/ros2_ws/tool_tracker/install/zed_description:/home/zuhurouf/ros2_ws/tool_tracker/install/open_manipulator:/home/zuhurouf/ros2_ws/tool_tracker/install/open_manipulator_x_teleop:/home/zuhurouf/ros2_ws/tool_tracker/install/open_manipulator_x_playground:/home/zuhurouf/ros2_ws/tool_tracker/install/open_manipulator_x_moveit_config:/home/zuhurouf/ros2_ws/tool_tracker/install/open_manipulator_x_gui:/home/zuhurouf/ros2_ws/tool_tracker/install/open_manipulator_x_bringup:/home/zuhurouf/ros2_ws/tool_tracker/install/tool_tracker:/opt/ros/humble /usr/bin/cmake --build /home/zuhurouf/ros2_ws/tool_tracker/build/open_manipulator_x_moveit_config -- -j12 -l12
[0.647s] Level 1:colcon.colcon_core.environment:create_environment_scripts_only(zed_description)
[0.648s] Level 1:colcon.colcon_core.environment:checking '/home/zuhurouf/ros2_ws/tool_tracker/install/zed_description' for CMake module files
[0.648s] DEBUG:colcon.colcon_core.event_handler.log_command:Invoked command in '/home/zuhurouf/ros2_ws/tool_tracker/build/zed_description' returned '0': CMAKE_PREFIX_PATH=${CMAKE_PREFIX_PATH}:/home/zuhurouf/ros2_ws/tool_tracker/install/tool_tracker:/opt/ros/humble /usr/bin/cmake --install /home/zuhurouf/ros2_ws/tool_tracker/build/zed_description
[0.649s] Level 1:colcon.colcon_core.environment:checking '/home/zuhurouf/ros2_ws/tool_tracker/install/zed_description' for CMake config files
[0.649s] Level 1:colcon.colcon_core.shell:create_environment_hook('zed_description', 'cmake_prefix_path')
[0.649s] INFO:colcon.colcon_core.shell:Creating environment hook '/home/zuhurouf/ros2_ws/tool_tracker/install/zed_description/share/zed_description/hook/cmake_prefix_path.ps1'
[0.649s] INFO:colcon.colcon_core.shell:Creating environment descriptor '/home/zuhurouf/ros2_ws/tool_tracker/install/zed_description/share/zed_description/hook/cmake_prefix_path.dsv'
[0.650s] INFO:colcon.colcon_core.shell:Creating environment hook '/home/zuhurouf/ros2_ws/tool_tracker/install/zed_description/share/zed_description/hook/cmake_prefix_path.sh'
[0.650s] Level 1:colcon.colcon_core.environment:checking '/home/zuhurouf/ros2_ws/tool_tracker/install/zed_description/bin'
[0.650s] Level 1:colcon.colcon_core.environment:checking '/home/zuhurouf/ros2_ws/tool_tracker/install/zed_description/lib/pkgconfig/zed_description.pc'
[0.650s] Level 1:colcon.colcon_core.environment:checking '/home/zuhurouf/ros2_ws/tool_tracker/install/zed_description/lib/python3.10/site-packages'
[0.650s] Level 1:colcon.colcon_core.environment:checking '/home/zuhurouf/ros2_ws/tool_tracker/install/zed_description/bin'
[0.651s] INFO:colcon.colcon_core.shell:Creating package script '/home/zuhurouf/ros2_ws/tool_tracker/install/zed_description/share/zed_description/package.ps1'
[0.651s] INFO:colcon.colcon_core.shell:Creating package descriptor '/home/zuhurouf/ros2_ws/tool_tracker/install/zed_description/share/zed_description/package.dsv'
[0.651s] INFO:colcon.colcon_core.shell:Creating package script '/home/zuhurouf/ros2_ws/tool_tracker/install/zed_description/share/zed_description/package.sh'
[0.652s] INFO:colcon.colcon_core.shell:Creating package script '/home/zuhurouf/ros2_ws/tool_tracker/install/zed_description/share/zed_description/package.bash'
[0.652s] INFO:colcon.colcon_core.shell:Creating package script '/home/zuhurouf/ros2_ws/tool_tracker/install/zed_description/share/zed_description/package.zsh'
[0.652s] Level 1:colcon.colcon_core.environment:create_file_with_runtime_dependencies(/home/zuhurouf/ros2_ws/tool_tracker/install/zed_description/share/colcon-core/packages/zed_description)
[0.653s] Level 1:colcon.colcon_core.environment:create_environment_scripts_only(zed_description)
[0.653s] Level 1:colcon.colcon_core.environment:checking '/home/zuhurouf/ros2_ws/tool_tracker/install/zed_description' for CMake module files
[0.654s] Level 1:colcon.colcon_core.environment:checking '/home/zuhurouf/ros2_ws/tool_tracker/install/zed_description' for CMake config files
[0.654s] Level 1:colcon.colcon_core.shell:create_environment_hook('zed_description', 'cmake_prefix_path')
[0.654s] INFO:colcon.colcon_core.shell:Creating environment hook '/home/zuhurouf/ros2_ws/tool_tracker/install/zed_description/share/zed_description/hook/cmake_prefix_path.ps1'
[0.654s] INFO:colcon.colcon_core.shell:Creating environment descriptor '/home/zuhurouf/ros2_ws/tool_tracker/install/zed_description/share/zed_description/hook/cmake_prefix_path.dsv'
[0.655s] INFO:colcon.colcon_core.shell:Creating environment hook '/home/zuhurouf/ros2_ws/tool_tracker/install/zed_description/share/zed_description/hook/cmake_prefix_path.sh'
[0.655s] Level 1:colcon.colcon_core.environment:checking '/home/zuhurouf/ros2_ws/tool_tracker/install/zed_description/bin'
[0.655s] Level 1:colcon.colcon_core.environment:checking '/home/zuhurouf/ros2_ws/tool_tracker/install/zed_description/lib/pkgconfig/zed_description.pc'
[0.655s] Level 1:colcon.colcon_core.environment:checking '/home/zuhurouf/ros2_ws/tool_tracker/install/zed_description/lib/python3.10/site-packages'
[0.656s] Level 1:colcon.colcon_core.environment:checking '/home/zuhurouf/ros2_ws/tool_tracker/install/zed_description/bin'
[0.656s] INFO:colcon.colcon_core.shell:Creating package script '/home/zuhurouf/ros2_ws/tool_tracker/install/zed_description/share/zed_description/package.ps1'
[0.656s] INFO:colcon.colcon_core.shell:Creating package descriptor '/home/zuhurouf/ros2_ws/tool_tracker/install/zed_description/share/zed_description/package.dsv'
[0.657s] INFO:colcon.colcon_core.shell:Creating package script '/home/zuhurouf/ros2_ws/tool_tracker/install/zed_description/share/zed_description/package.sh'
[0.657s] INFO:colcon.colcon_core.shell:Creating package script '/home/zuhurouf/ros2_ws/tool_tracker/install/zed_description/share/zed_description/package.bash'
[0.657s] INFO:colcon.colcon_core.shell:Creating package script '/home/zuhurouf/ros2_ws/tool_tracker/install/zed_description/share/zed_description/package.zsh'
[0.658s] Level 1:colcon.colcon_core.environment:create_file_with_runtime_dependencies(/home/zuhurouf/ros2_ws/tool_tracker/install/zed_description/share/colcon-core/packages/zed_description)
[0.661s] DEBUG:colcon.colcon_core.event_handler.log_command:Invoked command in '/home/zuhurouf/ros2_ws/tool_tracker/build/open_manipulator_x_bringup' returned '0': CMAKE_PREFIX_PATH=/home/zuhurouf/ros2_ws/tool_tracker/install/open_manipulator_x_description:/home/zuhurouf/ros2_ws/tool_tracker/install/zed_description:/home/zuhurouf/ros2_ws/tool_tracker/install/open_manipulator:/home/zuhurouf/ros2_ws/tool_tracker/install/open_manipulator_x_teleop:/home/zuhurouf/ros2_ws/tool_tracker/install/open_manipulator_x_playground:/home/zuhurouf/ros2_ws/tool_tracker/install/open_manipulator_x_moveit_config:/home/zuhurouf/ros2_ws/tool_tracker/install/open_manipulator_x_gui:/home/zuhurouf/ros2_ws/tool_tracker/install/open_manipulator_x_bringup:/home/zuhurouf/ros2_ws/tool_tracker/install/tool_tracker:/opt/ros/humble /usr/bin/cmake --build /home/zuhurouf/ros2_ws/tool_tracker/build/open_manipulator_x_bringup -- -j12 -l12
[0.663s] DEBUG:colcon.colcon_core.event_handler.log_command:Invoking command in '/home/zuhurouf/ros2_ws/tool_tracker/build/open_manipulator_x_bringup': CMAKE_PREFIX_PATH=/home/zuhurouf/ros2_ws/tool_tracker/install/open_manipulator_x_description:/home/zuhurouf/ros2_ws/tool_tracker/install/zed_description:/home/zuhurouf/ros2_ws/tool_tracker/install/open_manipulator:/home/zuhurouf/ros2_ws/tool_tracker/install/open_manipulator_x_teleop:/home/zuhurouf/ros2_ws/tool_tracker/install/open_manipulator_x_playground:/home/zuhurouf/ros2_ws/tool_tracker/install/open_manipulator_x_moveit_config:/home/zuhurouf/ros2_ws/tool_tracker/install/open_manipulator_x_gui:/home/zuhurouf/ros2_ws/tool_tracker/install/open_manipulator_x_bringup:/home/zuhurouf/ros2_ws/tool_tracker/install/tool_tracker:/opt/ros/humble /usr/bin/cmake --install /home/zuhurouf/ros2_ws/tool_tracker/build/open_manipulator_x_bringup
[0.663s] DEBUG:colcon.colcon_core.event_handler.log_command:Invoked command in '/home/zuhurouf/ros2_ws/tool_tracker/build/open_manipulator_x_moveit_config' returned '0': CMAKE_PREFIX_PATH=/home/zuhurouf/ros2_ws/tool_tracker/install/open_manipulator_x_description:/home/zuhurouf/ros2_ws/tool_tracker/install/zed_description:/home/zuhurouf/ros2_ws/tool_tracker/install/open_manipulator:/home/zuhurouf/ros2_ws/tool_tracker/install/open_manipulator_x_teleop:/home/zuhurouf/ros2_ws/tool_tracker/install/open_manipulator_x_playground:/home/zuhurouf/ros2_ws/tool_tracker/install/open_manipulator_x_moveit_config:/home/zuhurouf/ros2_ws/tool_tracker/install/open_manipulator_x_gui:/home/zuhurouf/ros2_ws/tool_tracker/install/open_manipulator_x_bringup:/home/zuhurouf/ros2_ws/tool_tracker/install/tool_tracker:/opt/ros/humble /usr/bin/cmake --build /home/zuhurouf/ros2_ws/tool_tracker/build/open_manipulator_x_moveit_config -- -j12 -l12
[0.665s] DEBUG:colcon.colcon_core.event_handler.log_command:Invoking command in '/home/zuhurouf/ros2_ws/tool_tracker/build/open_manipulator_x_moveit_config': CMAKE_PREFIX_PATH=/home/zuhurouf/ros2_ws/tool_tracker/install/open_manipulator_x_description:/home/zuhurouf/ros2_ws/tool_tracker/install/zed_description:/home/zuhurouf/ros2_ws/tool_tracker/install/open_manipulator:/home/zuhurouf/ros2_ws/tool_tracker/install/open_manipulator_x_teleop:/home/zuhurouf/ros2_ws/tool_tracker/install/open_manipulator_x_playground:/home/zuhurouf/ros2_ws/tool_tracker/install/open_manipulator_x_moveit_config:/home/zuhurouf/ros2_ws/tool_tracker/install/open_manipulator_x_gui:/home/zuhurouf/ros2_ws/tool_tracker/install/open_manipulator_x_bringup:/home/zuhurouf/ros2_ws/tool_tracker/install/tool_tracker:/opt/ros/humble /usr/bin/cmake --install /home/zuhurouf/ros2_ws/tool_tracker/build/open_manipulator_x_moveit_config
[0.682s] Level 1:colcon.colcon_core.environment:create_environment_scripts_only(open_manipulator_x_bringup)
[0.683s] Level 1:colcon.colcon_core.environment:checking '/home/zuhurouf/ros2_ws/tool_tracker/install/open_manipulator_x_bringup' for CMake module files
[0.683s] DEBUG:colcon.colcon_core.event_handler.log_command:Invoked command in '/home/zuhurouf/ros2_ws/tool_tracker/build/open_manipulator_x_bringup' returned '0': CMAKE_PREFIX_PATH=/home/zuhurouf/ros2_ws/tool_tracker/install/open_manipulator_x_description:/home/zuhurouf/ros2_ws/tool_tracker/install/zed_description:/home/zuhurouf/ros2_ws/tool_tracker/install/open_manipulator:/home/zuhurouf/ros2_ws/tool_tracker/install/open_manipulator_x_teleop:/home/zuhurouf/ros2_ws/tool_tracker/install/open_manipulator_x_playground:/home/zuhurouf/ros2_ws/tool_tracker/install/open_manipulator_x_moveit_config:/home/zuhurouf/ros2_ws/tool_tracker/install/open_manipulator_x_gui:/home/zuhurouf/ros2_ws/tool_tracker/install/open_manipulator_x_bringup:/home/zuhurouf/ros2_ws/tool_tracker/install/tool_tracker:/opt/ros/humble /usr/bin/cmake --install /home/zuhurouf/ros2_ws/tool_tracker/build/open_manipulator_x_bringup
[0.683s] Level 1:colcon.colcon_core.environment:checking '/home/zuhurouf/ros2_ws/tool_tracker/install/open_manipulator_x_bringup' for CMake config files
[0.683s] Level 1:colcon.colcon_core.shell:create_environment_hook('open_manipulator_x_bringup', 'cmake_prefix_path')
[0.683s] INFO:colcon.colcon_core.shell:Creating environment hook '/home/zuhurouf/ros2_ws/tool_tracker/install/open_manipulator_x_bringup/share/open_manipulator_x_bringup/hook/cmake_prefix_path.ps1'
[0.684s] INFO:colcon.colcon_core.shell:Creating environment descriptor '/home/zuhurouf/ros2_ws/tool_tracker/install/open_manipulator_x_bringup/share/open_manipulator_x_bringup/hook/cmake_prefix_path.dsv'
[0.684s] INFO:colcon.colcon_core.shell:Creating environment hook '/home/zuhurouf/ros2_ws/tool_tracker/install/open_manipulator_x_bringup/share/open_manipulator_x_bringup/hook/cmake_prefix_path.sh'
[0.684s] Level 1:colcon.colcon_core.environment:checking '/home/zuhurouf/ros2_ws/tool_tracker/install/open_manipulator_x_bringup/lib'
[0.684s] Level 1:colcon.colcon_core.environment:checking '/home/zuhurouf/ros2_ws/tool_tracker/install/open_manipulator_x_bringup/bin'
[0.684s] Level 1:colcon.colcon_core.environment:checking '/home/zuhurouf/ros2_ws/tool_tracker/install/open_manipulator_x_bringup/lib/pkgconfig/open_manipulator_x_bringup.pc'
[0.685s] Level 1:colcon.colcon_core.environment:checking '/home/zuhurouf/ros2_ws/tool_tracker/install/open_manipulator_x_bringup/lib/python3.10/site-packages'
[0.685s] Level 1:colcon.colcon_core.environment:checking '/home/zuhurouf/ros2_ws/tool_tracker/install/open_manipulator_x_bringup/bin'
[0.685s] INFO:colcon.colcon_core.shell:Creating package script '/home/zuhurouf/ros2_ws/tool_tracker/install/open_manipulator_x_bringup/share/open_manipulator_x_bringup/package.ps1'
[0.685s] INFO:colcon.colcon_core.shell:Creating package descriptor '/home/zuhurouf/ros2_ws/tool_tracker/install/open_manipulator_x_bringup/share/open_manipulator_x_bringup/package.dsv'
[0.686s] INFO:colcon.colcon_core.shell:Creating package script '/home/zuhurouf/ros2_ws/tool_tracker/install/open_manipulator_x_bringup/share/open_manipulator_x_bringup/package.sh'
[0.686s] INFO:colcon.colcon_core.shell:Creating package script '/home/zuhurouf/ros2_ws/tool_tracker/install/open_manipulator_x_bringup/share/open_manipulator_x_bringup/package.bash'
[0.686s] INFO:colcon.colcon_core.shell:Creating package script '/home/zuhurouf/ros2_ws/tool_tracker/install/open_manipulator_x_bringup/share/open_manipulator_x_bringup/package.zsh'
[0.686s] Level 1:colcon.colcon_core.environment:create_file_with_runtime_dependencies(/home/zuhurouf/ros2_ws/tool_tracker/install/open_manipulator_x_bringup/share/colcon-core/packages/open_manipulator_x_bringup)
[0.687s] Level 1:colcon.colcon_core.environment:create_environment_scripts_only(open_manipulator_x_bringup)
[0.687s] Level 1:colcon.colcon_core.environment:checking '/home/zuhurouf/ros2_ws/tool_tracker/install/open_manipulator_x_bringup' for CMake module files
[0.688s] Level 1:colcon.colcon_core.environment:checking '/home/zuhurouf/ros2_ws/tool_tracker/install/open_manipulator_x_bringup' for CMake config files
[0.688s] Level 1:colcon.colcon_core.shell:create_environment_hook('open_manipulator_x_bringup', 'cmake_prefix_path')
[0.688s] INFO:colcon.colcon_core.shell:Creating environment hook '/home/zuhurouf/ros2_ws/tool_tracker/install/open_manipulator_x_bringup/share/open_manipulator_x_bringup/hook/cmake_prefix_path.ps1'
[0.689s] INFO:colcon.colcon_core.shell:Creating environment descriptor '/home/zuhurouf/ros2_ws/tool_tracker/install/open_manipulator_x_bringup/share/open_manipulator_x_bringup/hook/cmake_prefix_path.dsv'
[0.689s] INFO:colcon.colcon_core.shell:Creating environment hook '/home/zuhurouf/ros2_ws/tool_tracker/install/open_manipulator_x_bringup/share/open_manipulator_x_bringup/hook/cmake_prefix_path.sh'
[0.691s] Level 1:colcon.colcon_core.environment:checking '/home/zuhurouf/ros2_ws/tool_tracker/install/open_manipulator_x_bringup/lib'
[0.691s] Level 1:colcon.colcon_core.environment:checking '/home/zuhurouf/ros2_ws/tool_tracker/install/open_manipulator_x_bringup/bin'
[0.691s] Level 1:colcon.colcon_core.environment:checking '/home/zuhurouf/ros2_ws/tool_tracker/install/open_manipulator_x_bringup/lib/pkgconfig/open_manipulator_x_bringup.pc'
[0.692s] Level 1:colcon.colcon_core.environment:checking '/home/zuhurouf/ros2_ws/tool_tracker/install/open_manipulator_x_bringup/lib/python3.10/site-packages'
[0.692s] Level 1:colcon.colcon_core.environment:checking '/home/zuhurouf/ros2_ws/tool_tracker/install/open_manipulator_x_bringup/bin'
[0.692s] INFO:colcon.colcon_core.shell:Creating package script '/home/zuhurouf/ros2_ws/tool_tracker/install/open_manipulator_x_bringup/share/open_manipulator_x_bringup/package.ps1'
[0.693s] INFO:colcon.colcon_core.shell:Creating package descriptor '/home/zuhurouf/ros2_ws/tool_tracker/install/open_manipulator_x_bringup/share/open_manipulator_x_bringup/package.dsv'
[0.694s] INFO:colcon.colcon_core.shell:Creating package script '/home/zuhurouf/ros2_ws/tool_tracker/install/open_manipulator_x_bringup/share/open_manipulator_x_bringup/package.sh'
[0.695s] INFO:colcon.colcon_core.shell:Creating package script '/home/zuhurouf/ros2_ws/tool_tracker/install/open_manipulator_x_bringup/share/open_manipulator_x_bringup/package.bash'
[0.695s] INFO:colcon.colcon_core.shell:Creating package script '/home/zuhurouf/ros2_ws/tool_tracker/install/open_manipulator_x_bringup/share/open_manipulator_x_bringup/package.zsh'
[0.696s] Level 1:colcon.colcon_core.environment:create_file_with_runtime_dependencies(/home/zuhurouf/ros2_ws/tool_tracker/install/open_manipulator_x_bringup/share/colcon-core/packages/open_manipulator_x_bringup)
[0.697s] Level 1:colcon.colcon_core.environment:create_environment_scripts_only(open_manipulator_x_moveit_config)
[0.698s] Level 1:colcon.colcon_core.environment:checking '/home/zuhurouf/ros2_ws/tool_tracker/install/open_manipulator_x_moveit_config' for CMake module files
[0.699s] DEBUG:colcon.colcon_core.event_handler.log_command:Invoked command in '/home/zuhurouf/ros2_ws/tool_tracker/build/open_manipulator_x_moveit_config' returned '0': CMAKE_PREFIX_PATH=/home/zuhurouf/ros2_ws/tool_tracker/install/open_manipulator_x_description:/home/zuhurouf/ros2_ws/tool_tracker/install/zed_description:/home/zuhurouf/ros2_ws/tool_tracker/install/open_manipulator:/home/zuhurouf/ros2_ws/tool_tracker/install/open_manipulator_x_teleop:/home/zuhurouf/ros2_ws/tool_tracker/install/open_manipulator_x_playground:/home/zuhurouf/ros2_ws/tool_tracker/install/open_manipulator_x_moveit_config:/home/zuhurouf/ros2_ws/tool_tracker/install/open_manipulator_x_gui:/home/zuhurouf/ros2_ws/tool_tracker/install/open_manipulator_x_bringup:/home/zuhurouf/ros2_ws/tool_tracker/install/tool_tracker:/opt/ros/humble /usr/bin/cmake --install /home/zuhurouf/ros2_ws/tool_tracker/build/open_manipulator_x_moveit_config
[0.699s] Level 1:colcon.colcon_core.environment:checking '/home/zuhurouf/ros2_ws/tool_tracker/install/open_manipulator_x_moveit_config' for CMake config files
[0.700s] Level 1:colcon.colcon_core.shell:create_environment_hook('open_manipulator_x_moveit_config', 'cmake_prefix_path')
[0.700s] INFO:colcon.colcon_core.shell:Creating environment hook '/home/zuhurouf/ros2_ws/tool_tracker/install/open_manipulator_x_moveit_config/share/open_manipulator_x_moveit_config/hook/cmake_prefix_path.ps1'
[0.701s] INFO:colcon.colcon_core.shell:Creating environment descriptor '/home/zuhurouf/ros2_ws/tool_tracker/install/open_manipulator_x_moveit_config/share/open_manipulator_x_moveit_config/hook/cmake_prefix_path.dsv'
[0.701s] INFO:colcon.colcon_core.shell:Creating environment hook '/home/zuhurouf/ros2_ws/tool_tracker/install/open_manipulator_x_moveit_config/share/open_manipulator_x_moveit_config/hook/cmake_prefix_path.sh'
[0.703s] Level 1:colcon.colcon_core.environment:checking '/home/zuhurouf/ros2_ws/tool_tracker/install/open_manipulator_x_moveit_config/bin'
[0.703s] Level 1:colcon.colcon_core.environment:checking '/home/zuhurouf/ros2_ws/tool_tracker/install/open_manipulator_x_moveit_config/lib/pkgconfig/open_manipulator_x_moveit_config.pc'
[0.704s] Level 1:colcon.colcon_core.environment:checking '/home/zuhurouf/ros2_ws/tool_tracker/install/open_manipulator_x_moveit_config/lib/python3.10/site-packages'
[0.704s] Level 1:colcon.colcon_core.environment:checking '/home/zuhurouf/ros2_ws/tool_tracker/install/open_manipulator_x_moveit_config/bin'
[0.704s] INFO:colcon.colcon_core.shell:Creating package script '/home/zuhurouf/ros2_ws/tool_tracker/install/open_manipulator_x_moveit_config/share/open_manipulator_x_moveit_config/package.ps1'
[0.705s] INFO:colcon.colcon_core.shell:Creating package descriptor '/home/zuhurouf/ros2_ws/tool_tracker/install/open_manipulator_x_moveit_config/share/open_manipulator_x_moveit_config/package.dsv'
[0.706s] INFO:colcon.colcon_core.shell:Creating package script '/home/zuhurouf/ros2_ws/tool_tracker/install/open_manipulator_x_moveit_config/share/open_manipulator_x_moveit_config/package.sh'
[0.706s] INFO:colcon.colcon_core.shell:Creating package script '/home/zuhurouf/ros2_ws/tool_tracker/install/open_manipulator_x_moveit_config/share/open_manipulator_x_moveit_config/package.bash'
[0.707s] INFO:colcon.colcon_core.shell:Creating package script '/home/zuhurouf/ros2_ws/tool_tracker/install/open_manipulator_x_moveit_config/share/open_manipulator_x_moveit_config/package.zsh'
[0.707s] Level 1:colcon.colcon_core.environment:create_file_with_runtime_dependencies(/home/zuhurouf/ros2_ws/tool_tracker/install/open_manipulator_x_moveit_config/share/colcon-core/packages/open_manipulator_x_moveit_config)
[0.708s] Level 1:colcon.colcon_core.environment:create_environment_scripts_only(open_manipulator_x_moveit_config)
[0.708s] Level 1:colcon.colcon_core.environment:checking '/home/zuhurouf/ros2_ws/tool_tracker/install/open_manipulator_x_moveit_config' for CMake module files
[0.711s] Level 1:colcon.colcon_core.environment:checking '/home/zuhurouf/ros2_ws/tool_tracker/install/open_manipulator_x_moveit_config' for CMake config files
[0.715s] Level 1:colcon.colcon_core.shell:create_environment_hook('open_manipulator_x_moveit_config', 'cmake_prefix_path')
[0.715s] INFO:colcon.colcon_core.shell:Creating environment hook '/home/zuhurouf/ros2_ws/tool_tracker/install/open_manipulator_x_moveit_config/share/open_manipulator_x_moveit_config/hook/cmake_prefix_path.ps1'
[0.718s] INFO:colcon.colcon_core.shell:Creating environment descriptor '/home/zuhurouf/ros2_ws/tool_tracker/install/open_manipulator_x_moveit_config/share/open_manipulator_x_moveit_config/hook/cmake_prefix_path.dsv'
[0.719s] INFO:colcon.colcon_core.shell:Creating environment hook '/home/zuhurouf/ros2_ws/tool_tracker/install/open_manipulator_x_moveit_config/share/open_manipulator_x_moveit_config/hook/cmake_prefix_path.sh'
[0.721s] Level 1:colcon.colcon_core.environment:checking '/home/zuhurouf/ros2_ws/tool_tracker/install/open_manipulator_x_moveit_config/bin'
[0.721s] Level 1:colcon.colcon_core.environment:checking '/home/zuhurouf/ros2_ws/tool_tracker/install/open_manipulator_x_moveit_config/lib/pkgconfig/open_manipulator_x_moveit_config.pc'
[0.721s] Level 1:colcon.colcon_core.environment:checking '/home/zuhurouf/ros2_ws/tool_tracker/install/open_manipulator_x_moveit_config/lib/python3.10/site-packages'
[0.722s] Level 1:colcon.colcon_core.environment:checking '/home/zuhurouf/ros2_ws/tool_tracker/install/open_manipulator_x_moveit_config/bin'
[0.722s] INFO:colcon.colcon_core.shell:Creating package script '/home/zuhurouf/ros2_ws/tool_tracker/install/open_manipulator_x_moveit_config/share/open_manipulator_x_moveit_config/package.ps1'
[0.724s] INFO:colcon.colcon_core.shell:Creating package descriptor '/home/zuhurouf/ros2_ws/tool_tracker/install/open_manipulator_x_moveit_config/share/open_manipulator_x_moveit_config/package.dsv'
[0.728s] INFO:colcon.colcon_core.shell:Creating package script '/home/zuhurouf/ros2_ws/tool_tracker/install/open_manipulator_x_moveit_config/share/open_manipulator_x_moveit_config/package.sh'
[0.729s] INFO:colcon.colcon_core.shell:Creating package script '/home/zuhurouf/ros2_ws/tool_tracker/install/open_manipulator_x_moveit_config/share/open_manipulator_x_moveit_config/package.bash'
[0.730s] INFO:colcon.colcon_core.shell:Creating package script '/home/zuhurouf/ros2_ws/tool_tracker/install/open_manipulator_x_moveit_config/share/open_manipulator_x_moveit_config/package.zsh'
[0.730s] Level 1:colcon.colcon_core.environment:create_file_with_runtime_dependencies(/home/zuhurouf/ros2_ws/tool_tracker/install/open_manipulator_x_moveit_config/share/colcon-core/packages/open_manipulator_x_moveit_config)
[0.731s] INFO:colcon.colcon_ros.task.ament_cmake.build:Building ROS package in '/home/zuhurouf/ros2_ws/tool_tracker/src/external/open_manipulator/open_manipulator_x_teleop' with build type 'ament_cmake'
[0.731s] INFO:colcon.colcon_cmake.task.cmake.build:Building CMake package in '/home/zuhurouf/ros2_ws/tool_tracker/src/external/open_manipulator/open_manipulator_x_teleop'
[0.731s] INFO:colcon.colcon_core.shell:Skip shell extension 'powershell' for command environment: Not usable outside of PowerShell
[0.731s] DEBUG:colcon.colcon_core.shell:Skip shell extension 'dsv' for command environment
[0.745s] DEBUG:colcon.colcon_core.event_handler.log_command:Invoking command in '/home/zuhurouf/ros2_ws/tool_tracker/build/open_manipulator_x_teleop': CMAKE_PREFIX_PATH=/home/zuhurouf/ros2_ws/tool_tracker/install/open_manipulator_x_moveit_config:/home/zuhurouf/ros2_ws/tool_tracker/install/open_manipulator_x_bringup:/home/zuhurouf/ros2_ws/tool_tracker/install/open_manipulator_x_description:/home/zuhurouf/ros2_ws/tool_tracker/install/zed_description:/home/zuhurouf/ros2_ws/tool_tracker/install/open_manipulator:/home/zuhurouf/ros2_ws/tool_tracker/install/open_manipulator_x_teleop:/home/zuhurouf/ros2_ws/tool_tracker/install/open_manipulator_x_playground:/home/zuhurouf/ros2_ws/tool_tracker/install/open_manipulator_x_gui:/home/zuhurouf/ros2_ws/tool_tracker/install/tool_tracker:/opt/ros/humble /usr/bin/cmake --build /home/zuhurouf/ros2_ws/tool_tracker/build/open_manipulator_x_teleop -- -j12 -l12
[0.793s] DEBUG:colcon.colcon_core.event_handler.log_command:Invoked command in '/home/zuhurouf/ros2_ws/tool_tracker/build/open_manipulator_x_teleop' returned '0': CMAKE_PREFIX_PATH=/home/zuhurouf/ros2_ws/tool_tracker/install/open_manipulator_x_moveit_config:/home/zuhurouf/ros2_ws/tool_tracker/install/open_manipulator_x_bringup:/home/zuhurouf/ros2_ws/tool_tracker/install/open_manipulator_x_description:/home/zuhurouf/ros2_ws/tool_tracker/install/zed_description:/home/zuhurouf/ros2_ws/tool_tracker/install/open_manipulator:/home/zuhurouf/ros2_ws/tool_tracker/install/open_manipulator_x_teleop:/home/zuhurouf/ros2_ws/tool_tracker/install/open_manipulator_x_playground:/home/zuhurouf/ros2_ws/tool_tracker/install/open_manipulator_x_gui:/home/zuhurouf/ros2_ws/tool_tracker/install/tool_tracker:/opt/ros/humble /usr/bin/cmake --build /home/zuhurouf/ros2_ws/tool_tracker/build/open_manipulator_x_teleop -- -j12 -l12
[0.794s] DEBUG:colcon.colcon_core.event_handler.log_command:Invoking command in '/home/zuhurouf/ros2_ws/tool_tracker/build/open_manipulator_x_teleop': CMAKE_PREFIX_PATH=/home/zuhurouf/ros2_ws/tool_tracker/install/open_manipulator_x_moveit_config:/home/zuhurouf/ros2_ws/tool_tracker/install/open_manipulator_x_bringup:/home/zuhurouf/ros2_ws/tool_tracker/install/open_manipulator_x_description:/home/zuhurouf/ros2_ws/tool_tracker/install/zed_description:/home/zuhurouf/ros2_ws/tool_tracker/install/open_manipulator:/home/zuhurouf/ros2_ws/tool_tracker/install/open_manipulator_x_teleop:/home/zuhurouf/ros2_ws/tool_tracker/install/open_manipulator_x_playground:/home/zuhurouf/ros2_ws/tool_tracker/install/open_manipulator_x_gui:/home/zuhurouf/ros2_ws/tool_tracker/install/tool_tracker:/opt/ros/humble /usr/bin/cmake --install /home/zuhurouf/ros2_ws/tool_tracker/build/open_manipulator_x_teleop
[0.808s] Level 1:colcon.colcon_core.environment:create_environment_scripts_only(open_manipulator_x_teleop)
[0.808s] Level 1:colcon.colcon_core.environment:checking '/home/zuhurouf/ros2_ws/tool_tracker/install/open_manipulator_x_teleop' for CMake module files
[0.809s] DEBUG:colcon.colcon_core.event_handler.log_command:Invoked command in '/home/zuhurouf/ros2_ws/tool_tracker/build/open_manipulator_x_teleop' returned '0': CMAKE_PREFIX_PATH=/home/zuhurouf/ros2_ws/tool_tracker/install/open_manipulator_x_moveit_config:/home/zuhurouf/ros2_ws/tool_tracker/install/open_manipulator_x_bringup:/home/zuhurouf/ros2_ws/tool_tracker/install/open_manipulator_x_description:/home/zuhurouf/ros2_ws/tool_tracker/install/zed_description:/home/zuhurouf/ros2_ws/tool_tracker/install/open_manipulator:/home/zuhurouf/ros2_ws/tool_tracker/install/open_manipulator_x_teleop:/home/zuhurouf/ros2_ws/tool_tracker/install/open_manipulator_x_playground:/home/zuhurouf/ros2_ws/tool_tracker/install/open_manipulator_x_gui:/home/zuhurouf/ros2_ws/tool_tracker/install/tool_tracker:/opt/ros/humble /usr/bin/cmake --install /home/zuhurouf/ros2_ws/tool_tracker/build/open_manipulator_x_teleop
[0.809s] Level 1:colcon.colcon_core.environment:checking '/home/zuhurouf/ros2_ws/tool_tracker/install/open_manipulator_x_teleop' for CMake config files
[0.809s] Level 1:colcon.colcon_core.shell:create_environment_hook('open_manipulator_x_teleop', 'cmake_prefix_path')
[0.809s] INFO:colcon.colcon_core.shell:Creating environment hook '/home/zuhurouf/ros2_ws/tool_tracker/install/open_manipulator_x_teleop/share/open_manipulator_x_teleop/hook/cmake_prefix_path.ps1'
[0.810s] INFO:colcon.colcon_core.shell:Creating environment descriptor '/home/zuhurouf/ros2_ws/tool_tracker/install/open_manipulator_x_teleop/share/open_manipulator_x_teleop/hook/cmake_prefix_path.dsv'
[0.810s] INFO:colcon.colcon_core.shell:Creating environment hook '/home/zuhurouf/ros2_ws/tool_tracker/install/open_manipulator_x_teleop/share/open_manipulator_x_teleop/hook/cmake_prefix_path.sh'
[0.810s] Level 1:colcon.colcon_core.environment:checking '/home/zuhurouf/ros2_ws/tool_tracker/install/open_manipulator_x_teleop/lib'
[0.810s] Level 1:colcon.colcon_core.environment:checking '/home/zuhurouf/ros2_ws/tool_tracker/install/open_manipulator_x_teleop/bin'
[0.810s] Level 1:colcon.colcon_core.environment:checking '/home/zuhurouf/ros2_ws/tool_tracker/install/open_manipulator_x_teleop/lib/pkgconfig/open_manipulator_x_teleop.pc'
[0.810s] Level 1:colcon.colcon_core.environment:checking '/home/zuhurouf/ros2_ws/tool_tracker/install/open_manipulator_x_teleop/lib/python3.10/site-packages'
[0.811s] Level 1:colcon.colcon_core.environment:checking '/home/zuhurouf/ros2_ws/tool_tracker/install/open_manipulator_x_teleop/bin'
[0.811s] INFO:colcon.colcon_core.shell:Creating package script '/home/zuhurouf/ros2_ws/tool_tracker/install/open_manipulator_x_teleop/share/open_manipulator_x_teleop/package.ps1'
[0.811s] INFO:colcon.colcon_core.shell:Creating package descriptor '/home/zuhurouf/ros2_ws/tool_tracker/install/open_manipulator_x_teleop/share/open_manipulator_x_teleop/package.dsv'
[0.811s] INFO:colcon.colcon_core.shell:Creating package script '/home/zuhurouf/ros2_ws/tool_tracker/install/open_manipulator_x_teleop/share/open_manipulator_x_teleop/package.sh'
[0.812s] INFO:colcon.colcon_core.shell:Creating package script '/home/zuhurouf/ros2_ws/tool_tracker/install/open_manipulator_x_teleop/share/open_manipulator_x_teleop/package.bash'
[0.812s] INFO:colcon.colcon_core.shell:Creating package script '/home/zuhurouf/ros2_ws/tool_tracker/install/open_manipulator_x_teleop/share/open_manipulator_x_teleop/package.zsh'
[0.812s] Level 1:colcon.colcon_core.environment:create_file_with_runtime_dependencies(/home/zuhurouf/ros2_ws/tool_tracker/install/open_manipulator_x_teleop/share/colcon-core/packages/open_manipulator_x_teleop)
[0.813s] Level 1:colcon.colcon_core.environment:create_environment_scripts_only(open_manipulator_x_teleop)
[0.813s] Level 1:colcon.colcon_core.environment:checking '/home/zuhurouf/ros2_ws/tool_tracker/install/open_manipulator_x_teleop' for CMake module files
[0.813s] Level 1:colcon.colcon_core.environment:checking '/home/zuhurouf/ros2_ws/tool_tracker/install/open_manipulator_x_teleop' for CMake config files
[0.813s] Level 1:colcon.colcon_core.shell:create_environment_hook('open_manipulator_x_teleop', 'cmake_prefix_path')
[0.814s] INFO:colcon.colcon_core.shell:Creating environment hook '/home/zuhurouf/ros2_ws/tool_tracker/install/open_manipulator_x_teleop/share/open_manipulator_x_teleop/hook/cmake_prefix_path.ps1'
[0.814s] INFO:colcon.colcon_core.shell:Creating environment descriptor '/home/zuhurouf/ros2_ws/tool_tracker/install/open_manipulator_x_teleop/share/open_manipulator_x_teleop/hook/cmake_prefix_path.dsv'
[0.814s] INFO:colcon.colcon_core.shell:Creating environment hook '/home/zuhurouf/ros2_ws/tool_tracker/install/open_manipulator_x_teleop/share/open_manipulator_x_teleop/hook/cmake_prefix_path.sh'
[0.814s] Level 1:colcon.colcon_core.environment:checking '/home/zuhurouf/ros2_ws/tool_tracker/install/open_manipulator_x_teleop/lib'
[0.814s] Level 1:colcon.colcon_core.environment:checking '/home/zuhurouf/ros2_ws/tool_tracker/install/open_manipulator_x_teleop/bin'
[0.814s] Level 1:colcon.colcon_core.environment:checking '/home/zuhurouf/ros2_ws/tool_tracker/install/open_manipulator_x_teleop/lib/pkgconfig/open_manipulator_x_teleop.pc'
[0.815s] Level 1:colcon.colcon_core.environment:checking '/home/zuhurouf/ros2_ws/tool_tracker/install/open_manipulator_x_teleop/lib/python3.10/site-packages'
[0.815s] Level 1:colcon.colcon_core.environment:checking '/home/zuhurouf/ros2_ws/tool_tracker/install/open_manipulator_x_teleop/bin'
[0.815s] INFO:colcon.colcon_core.shell:Creating package script '/home/zuhurouf/ros2_ws/tool_tracker/install/open_manipulator_x_teleop/share/open_manipulator_x_teleop/package.ps1'
[0.815s] INFO:colcon.colcon_core.shell:Creating package descriptor '/home/zuhurouf/ros2_ws/tool_tracker/install/open_manipulator_x_teleop/share/open_manipulator_x_teleop/package.dsv'
[0.816s] INFO:colcon.colcon_core.shell:Creating package script '/home/zuhurouf/ros2_ws/tool_tracker/install/open_manipulator_x_teleop/share/open_manipulator_x_teleop/package.sh'
[0.816s] INFO:colcon.colcon_core.shell:Creating package script '/home/zuhurouf/ros2_ws/tool_tracker/install/open_manipulator_x_teleop/share/open_manipulator_x_teleop/package.bash'
[0.816s] INFO:colcon.colcon_core.shell:Creating package script '/home/zuhurouf/ros2_ws/tool_tracker/install/open_manipulator_x_teleop/share/open_manipulator_x_teleop/package.zsh'
[0.816s] Level 1:colcon.colcon_core.environment:create_file_with_runtime_dependencies(/home/zuhurouf/ros2_ws/tool_tracker/install/open_manipulator_x_teleop/share/colcon-core/packages/open_manipulator_x_teleop)
[0.817s] INFO:colcon.colcon_ros.task.ament_cmake.build:Building ROS package in '/home/zuhurouf/ros2_ws/tool_tracker/src/external/open_manipulator/open_manipulator' with build type 'ament_cmake'
[0.817s] INFO:colcon.colcon_cmake.task.cmake.build:Building CMake package in '/home/zuhurouf/ros2_ws/tool_tracker/src/external/open_manipulator/open_manipulator'
[0.817s] INFO:colcon.colcon_core.shell:Skip shell extension 'powershell' for command environment: Not usable outside of PowerShell
[0.817s] DEBUG:colcon.colcon_core.shell:Skip shell extension 'dsv' for command environment
[0.827s] DEBUG:colcon.colcon_core.event_handler.log_command:Invoking command in '/home/zuhurouf/ros2_ws/tool_tracker/build/open_manipulator': CMAKE_PREFIX_PATH=/home/zuhurouf/ros2_ws/tool_tracker/install/open_manipulator_x_teleop:/home/zuhurouf/ros2_ws/tool_tracker/install/open_manipulator_x_moveit_config:/home/zuhurouf/ros2_ws/tool_tracker/install/open_manipulator_x_bringup:/home/zuhurouf/ros2_ws/tool_tracker/install/open_manipulator_x_playground:/home/zuhurouf/ros2_ws/tool_tracker/install/open_manipulator_x_gui:/home/zuhurouf/ros2_ws/tool_tracker/install/open_manipulator_x_description:/home/zuhurouf/ros2_ws/tool_tracker/install/zed_description:/home/zuhurouf/ros2_ws/tool_tracker/install/open_manipulator:/home/zuhurouf/ros2_ws/tool_tracker/install/tool_tracker:/opt/ros/humble /usr/bin/cmake --build /home/zuhurouf/ros2_ws/tool_tracker/build/open_manipulator -- -j12 -l12
[0.853s] DEBUG:colcon.colcon_core.event_handler.log_command:Invoked command in '/home/zuhurouf/ros2_ws/tool_tracker/build/open_manipulator' returned '0': CMAKE_PREFIX_PATH=/home/zuhurouf/ros2_ws/tool_tracker/install/open_manipulator_x_teleop:/home/zuhurouf/ros2_ws/tool_tracker/install/open_manipulator_x_moveit_config:/home/zuhurouf/ros2_ws/tool_tracker/install/open_manipulator_x_bringup:/home/zuhurouf/ros2_ws/tool_tracker/install/open_manipulator_x_playground:/home/zuhurouf/ros2_ws/tool_tracker/install/open_manipulator_x_gui:/home/zuhurouf/ros2_ws/tool_tracker/install/open_manipulator_x_description:/home/zuhurouf/ros2_ws/tool_tracker/install/zed_description:/home/zuhurouf/ros2_ws/tool_tracker/install/open_manipulator:/home/zuhurouf/ros2_ws/tool_tracker/install/tool_tracker:/opt/ros/humble /usr/bin/cmake --build /home/zuhurouf/ros2_ws/tool_tracker/build/open_manipulator -- -j12 -l12
[0.854s] DEBUG:colcon.colcon_core.event_handler.log_command:Invoking command in '/home/zuhurouf/ros2_ws/tool_tracker/build/open_manipulator': CMAKE_PREFIX_PATH=/home/zuhurouf/ros2_ws/tool_tracker/install/open_manipulator_x_teleop:/home/zuhurouf/ros2_ws/tool_tracker/install/open_manipulator_x_moveit_config:/home/zuhurouf/ros2_ws/tool_tracker/install/open_manipulator_x_bringup:/home/zuhurouf/ros2_ws/tool_tracker/install/open_manipulator_x_playground:/home/zuhurouf/ros2_ws/tool_tracker/install/open_manipulator_x_gui:/home/zuhurouf/ros2_ws/tool_tracker/install/open_manipulator_x_description:/home/zuhurouf/ros2_ws/tool_tracker/install/zed_description:/home/zuhurouf/ros2_ws/tool_tracker/install/open_manipulator:/home/zuhurouf/ros2_ws/tool_tracker/install/tool_tracker:/opt/ros/humble /usr/bin/cmake --install /home/zuhurouf/ros2_ws/tool_tracker/build/open_manipulator
[0.868s] Level 1:colcon.colcon_core.environment:create_environment_scripts_only(open_manipulator)
[0.868s] Level 1:colcon.colcon_core.environment:checking '/home/zuhurouf/ros2_ws/tool_tracker/install/open_manipulator' for CMake module files
[0.868s] DEBUG:colcon.colcon_core.event_handler.log_command:Invoked command in '/home/zuhurouf/ros2_ws/tool_tracker/build/open_manipulator' returned '0': CMAKE_PREFIX_PATH=/home/zuhurouf/ros2_ws/tool_tracker/install/open_manipulator_x_teleop:/home/zuhurouf/ros2_ws/tool_tracker/install/open_manipulator_x_moveit_config:/home/zuhurouf/ros2_ws/tool_tracker/install/open_manipulator_x_bringup:/home/zuhurouf/ros2_ws/tool_tracker/install/open_manipulator_x_playground:/home/zuhurouf/ros2_ws/tool_tracker/install/open_manipulator_x_gui:/home/zuhurouf/ros2_ws/tool_tracker/install/open_manipulator_x_description:/home/zuhurouf/ros2_ws/tool_tracker/install/zed_description:/home/zuhurouf/ros2_ws/tool_tracker/install/open_manipulator:/home/zuhurouf/ros2_ws/tool_tracker/install/tool_tracker:/opt/ros/humble /usr/bin/cmake --install /home/zuhurouf/ros2_ws/tool_tracker/build/open_manipulator
[0.869s] Level 1:colcon.colcon_core.environment:checking '/home/zuhurouf/ros2_ws/tool_tracker/install/open_manipulator' for CMake config files
[0.869s] Level 1:colcon.colcon_core.shell:create_environment_hook('open_manipulator', 'cmake_prefix_path')
[0.869s] INFO:colcon.colcon_core.shell:Creating environment hook '/home/zuhurouf/ros2_ws/tool_tracker/install/open_manipulator/share/open_manipulator/hook/cmake_prefix_path.ps1'
[0.869s] INFO:colcon.colcon_core.shell:Creating environment descriptor '/home/zuhurouf/ros2_ws/tool_tracker/install/open_manipulator/share/open_manipulator/hook/cmake_prefix_path.dsv'
[0.870s] INFO:colcon.colcon_core.shell:Creating environment hook '/home/zuhurouf/ros2_ws/tool_tracker/install/open_manipulator/share/open_manipulator/hook/cmake_prefix_path.sh'
[0.870s] Level 1:colcon.colcon_core.environment:checking '/home/zuhurouf/ros2_ws/tool_tracker/install/open_manipulator/bin'
[0.870s] Level 1:colcon.colcon_core.environment:checking '/home/zuhurouf/ros2_ws/tool_tracker/install/open_manipulator/lib/pkgconfig/open_manipulator.pc'
[0.870s] Level 1:colcon.colcon_core.environment:checking '/home/zuhurouf/ros2_ws/tool_tracker/install/open_manipulator/lib/python3.10/site-packages'
[0.870s] Level 1:colcon.colcon_core.environment:checking '/home/zuhurouf/ros2_ws/tool_tracker/install/open_manipulator/bin'
[0.871s] INFO:colcon.colcon_core.shell:Creating package script '/home/zuhurouf/ros2_ws/tool_tracker/install/open_manipulator/share/open_manipulator/package.ps1'
[0.871s] INFO:colcon.colcon_core.shell:Creating package descriptor '/home/zuhurouf/ros2_ws/tool_tracker/install/open_manipulator/share/open_manipulator/package.dsv'
[0.871s] INFO:colcon.colcon_core.shell:Creating package script '/home/zuhurouf/ros2_ws/tool_tracker/install/open_manipulator/share/open_manipulator/package.sh'
[0.871s] INFO:colcon.colcon_core.shell:Creating package script '/home/zuhurouf/ros2_ws/tool_tracker/install/open_manipulator/share/open_manipulator/package.bash'
[0.872s] INFO:colcon.colcon_core.shell:Creating package script '/home/zuhurouf/ros2_ws/tool_tracker/install/open_manipulator/share/open_manipulator/package.zsh'
[0.872s] Level 1:colcon.colcon_core.environment:create_file_with_runtime_dependencies(/home/zuhurouf/ros2_ws/tool_tracker/install/open_manipulator/share/colcon-core/packages/open_manipulator)
[0.872s] Level 1:colcon.colcon_core.environment:create_environment_scripts_only(open_manipulator)
[0.873s] Level 1:colcon.colcon_core.environment:checking '/home/zuhurouf/ros2_ws/tool_tracker/install/open_manipulator' for CMake module files
[0.873s] Level 1:colcon.colcon_core.environment:checking '/home/zuhurouf/ros2_ws/tool_tracker/install/open_manipulator' for CMake config files
[0.873s] Level 1:colcon.colcon_core.shell:create_environment_hook('open_manipulator', 'cmake_prefix_path')
[0.874s] INFO:colcon.colcon_core.shell:Creating environment hook '/home/zuhurouf/ros2_ws/tool_tracker/install/open_manipulator/share/open_manipulator/hook/cmake_prefix_path.ps1'
[0.874s] INFO:colcon.colcon_core.shell:Creating environment descriptor '/home/zuhurouf/ros2_ws/tool_tracker/install/open_manipulator/share/open_manipulator/hook/cmake_prefix_path.dsv'
[0.874s] INFO:colcon.colcon_core.shell:Creating environment hook '/home/zuhurouf/ros2_ws/tool_tracker/install/open_manipulator/share/open_manipulator/hook/cmake_prefix_path.sh'
[0.874s] Level 1:colcon.colcon_core.environment:checking '/home/zuhurouf/ros2_ws/tool_tracker/install/open_manipulator/bin'
[0.875s] Level 1:colcon.colcon_core.environment:checking '/home/zuhurouf/ros2_ws/tool_tracker/install/open_manipulator/lib/pkgconfig/open_manipulator.pc'
[0.875s] Level 1:colcon.colcon_core.environment:checking '/home/zuhurouf/ros2_ws/tool_tracker/install/open_manipulator/lib/python3.10/site-packages'
[0.875s] Level 1:colcon.colcon_core.environment:checking '/home/zuhurouf/ros2_ws/tool_tracker/install/open_manipulator/bin'
[0.875s] INFO:colcon.colcon_core.shell:Creating package script '/home/zuhurouf/ros2_ws/tool_tracker/install/open_manipulator/share/open_manipulator/package.ps1'
[0.875s] INFO:colcon.colcon_core.shell:Creating package descriptor '/home/zuhurouf/ros2_ws/tool_tracker/install/open_manipulator/share/open_manipulator/package.dsv'
[0.876s] INFO:colcon.colcon_core.shell:Creating package script '/home/zuhurouf/ros2_ws/tool_tracker/install/open_manipulator/share/open_manipulator/package.sh'
[0.876s] INFO:colcon.colcon_core.shell:Creating package script '/home/zuhurouf/ros2_ws/tool_tracker/install/open_manipulator/share/open_manipulator/package.bash'
[0.876s] INFO:colcon.colcon_core.shell:Creating package script '/home/zuhurouf/ros2_ws/tool_tracker/install/open_manipulator/share/open_manipulator/package.zsh'
[0.876s] Level 1:colcon.colcon_core.environment:create_file_with_runtime_dependencies(/home/zuhurouf/ros2_ws/tool_tracker/install/open_manipulator/share/colcon-core/packages/open_manipulator)
[0.932s] DEBUG:colcon.colcon_core.task.python.build:Available setuptools commands: bdist_rpm, develop, easy_install, bdist, upload_docs, extract_messages, install_egg_info, install, alias, egg_info, init_catalog, install_data, test, symlink_data, bdist_dumb, check, install_scripts, sdist, install_headers, rotate, install_lib, bdist_wheel, saveopts, nosetests, build, compile_catalog, dist_info, bdist_egg, clean, build_scripts, update_catalog, register, upload, build_py, build_ext, build_clib, setopt
[1.145s] DEBUG:colcon.colcon_core.task.python.build:Available setuptools 'develop' options: --zip-ok, --exclude-scripts, --upgrade, --always-copy, --optimize, --egg-path, --dry-run, --quiet, --local-snapshots-ok, --prefix, --no-user-cfg, --always-unzip, --version, --no-deps, --script-dir, --force-installation-into-system-dir, --install-layout, --help, --build-directory, --multi-version, --record, --index-url, --install-dir, --no-find-links, --uninstall, --verbose, --find-links, --site-dirs, --user, --editable, --allow-hosts
[1.146s] DEBUG:colcon.colcon_core.event_handler.log_command:Invoking command in '/home/zuhurouf/ros2_ws/tool_tracker/build/tool_tracker': PYTHONPATH=/home/zuhurouf/ros2_ws/tool_tracker/build/tool_tracker/prefix_override:/usr/lib/python3/dist-packages/colcon_core/task/python/colcon_distutils_commands:/home/zuhurouf/ros2_ws/tool_tracker/install/tool_tracker/lib/python3.10/site-packages:${PYTHONPATH} /usr/bin/python3 -W ignore:setup.py install is deprecated -W ignore:easy_install command is deprecated setup.py develop --editable --build-directory /home/zuhurouf/ros2_ws/tool_tracker/build/tool_tracker/build --no-deps symlink_data
[1.524s] Level 1:colcon.colcon_core.shell:create_environment_hook('tool_tracker', 'pythonpath_develop')
[1.524s] INFO:colcon.colcon_core.shell:Creating environment hook '/home/zuhurouf/ros2_ws/tool_tracker/build/tool_tracker/share/tool_tracker/hook/pythonpath_develop.ps1'
[1.524s] DEBUG:colcon.colcon_core.event_handler.log_command:Invoked command in '/home/zuhurouf/ros2_ws/tool_tracker/build/tool_tracker' returned '0': PYTHONPATH=/home/zuhurouf/ros2_ws/tool_tracker/build/tool_tracker/prefix_override:/usr/lib/python3/dist-packages/colcon_core/task/python/colcon_distutils_commands:/home/zuhurouf/ros2_ws/tool_tracker/install/tool_tracker/lib/python3.10/site-packages:${PYTHONPATH} /usr/bin/python3 -W ignore:setup.py install is deprecated -W ignore:easy_install command is deprecated setup.py develop --editable --build-directory /home/zuhurouf/ros2_ws/tool_tracker/build/tool_tracker/build --no-deps symlink_data
[1.525s] INFO:colcon.colcon_core.shell:Creating environment descriptor '/home/zuhurouf/ros2_ws/tool_tracker/build/tool_tracker/share/tool_tracker/hook/pythonpath_develop.dsv'
[1.525s] INFO:colcon.colcon_core.shell:Creating environment hook '/home/zuhurouf/ros2_ws/tool_tracker/build/tool_tracker/share/tool_tracker/hook/pythonpath_develop.sh'
[1.525s] Level 1:colcon.colcon_core.environment:checking '/home/zuhurouf/ros2_ws/tool_tracker/install/tool_tracker' for CMake module files
[1.526s] Level 1:colcon.colcon_core.environment:checking '/home/zuhurouf/ros2_ws/tool_tracker/install/tool_tracker' for CMake config files
[1.526s] Level 1:colcon.colcon_core.environment:checking '/home/zuhurouf/ros2_ws/tool_tracker/install/tool_tracker/lib'
[1.526s] Level 1:colcon.colcon_core.environment:checking '/home/zuhurouf/ros2_ws/tool_tracker/install/tool_tracker/bin'
[1.526s] Level 1:colcon.colcon_core.environment:checking '/home/zuhurouf/ros2_ws/tool_tracker/install/tool_tracker/lib/pkgconfig/tool_tracker.pc'
[1.527s] Level 1:colcon.colcon_core.environment:checking '/home/zuhurouf/ros2_ws/tool_tracker/install/tool_tracker/lib/python3.10/site-packages'
[1.527s] Level 1:colcon.colcon_core.shell:create_environment_hook('tool_tracker', 'pythonpath')
[1.527s] INFO:colcon.colcon_core.shell:Creating environment hook '/home/zuhurouf/ros2_ws/tool_tracker/install/tool_tracker/share/tool_tracker/hook/pythonpath.ps1'
[1.527s] INFO:colcon.colcon_core.shell:Creating environment descriptor '/home/zuhurouf/ros2_ws/tool_tracker/install/tool_tracker/share/tool_tracker/hook/pythonpath.dsv'
[1.527s] INFO:colcon.colcon_core.shell:Creating environment hook '/home/zuhurouf/ros2_ws/tool_tracker/install/tool_tracker/share/tool_tracker/hook/pythonpath.sh'
[1.528s] Level 1:colcon.colcon_core.environment:checking '/home/zuhurouf/ros2_ws/tool_tracker/install/tool_tracker/bin'
[1.528s] Level 1:colcon.colcon_core.environment:create_environment_scripts_only(tool_tracker)
[1.528s] INFO:colcon.colcon_core.shell:Creating package script '/home/zuhurouf/ros2_ws/tool_tracker/install/tool_tracker/share/tool_tracker/package.ps1'
[1.529s] INFO:colcon.colcon_core.shell:Creating package descriptor '/home/zuhurouf/ros2_ws/tool_tracker/install/tool_tracker/share/tool_tracker/package.dsv'
[1.529s] INFO:colcon.colcon_core.shell:Creating package script '/home/zuhurouf/ros2_ws/tool_tracker/install/tool_tracker/share/tool_tracker/package.sh'
[1.529s] INFO:colcon.colcon_core.shell:Creating package script '/home/zuhurouf/ros2_ws/tool_tracker/install/tool_tracker/share/tool_tracker/package.bash'
[1.529s] INFO:colcon.colcon_core.shell:Creating package script '/home/zuhurouf/ros2_ws/tool_tracker/install/tool_tracker/share/tool_tracker/package.zsh'
[1.530s] Level 1:colcon.colcon_core.environment:create_file_with_runtime_dependencies(/home/zuhurouf/ros2_ws/tool_tracker/install/tool_tracker/share/colcon-core/packages/tool_tracker)
[1.530s] DEBUG:colcon.colcon_parallel_executor.executor.parallel:closing loop
[1.530s] DEBUG:colcon.colcon_parallel_executor.executor.parallel:loop closed
[1.530s] DEBUG:colcon.colcon_parallel_executor.executor.parallel:run_until_complete finished with '0'
[1.530s] DEBUG:colcon.colcon_core.event_reactor:joining thread
[1.534s] INFO:colcon.colcon_core.plugin_system:Skipping extension 'colcon_notification.desktop_notification.terminal_notifier': Not used on non-Darwin systems
[1.534s] INFO:colcon.colcon_core.plugin_system:Skipping extension 'colcon_notification.desktop_notification.win32': Not used on non-Windows systems
[1.534s] INFO:colcon.colcon_notification.desktop_notification:Sending desktop notification using 'notify2'
[1.541s] DEBUG:colcon.colcon_core.event_reactor:joined thread
[1.541s] INFO:colcon.colcon_core.shell:Creating prefix script '/home/zuhurouf/ros2_ws/tool_tracker/install/local_setup.ps1'
[1.542s] INFO:colcon.colcon_core.shell:Creating prefix util module '/home/zuhurouf/ros2_ws/tool_tracker/install/_local_setup_util_ps1.py'
[1.543s] INFO:colcon.colcon_core.shell:Creating prefix chain script '/home/zuhurouf/ros2_ws/tool_tracker/install/setup.ps1'
[1.544s] INFO:colcon.colcon_core.shell:Creating prefix script '/home/zuhurouf/ros2_ws/tool_tracker/install/local_setup.sh'
[1.544s] INFO:colcon.colcon_core.shell:Creating prefix util module '/home/zuhurouf/ros2_ws/tool_tracker/install/_local_setup_util_sh.py'
[1.545s] INFO:colcon.colcon_core.shell:Creating prefix chain script '/home/zuhurouf/ros2_ws/tool_tracker/install/setup.sh'
[1.546s] INFO:colcon.colcon_core.shell:Creating prefix script '/home/zuhurouf/ros2_ws/tool_tracker/install/local_setup.bash'
[1.546s] INFO:colcon.colcon_core.shell:Creating prefix chain script '/home/zuhurouf/ros2_ws/tool_tracker/install/setup.bash'
[1.548s] INFO:colcon.colcon_core.shell:Creating prefix script '/home/zuhurouf/ros2_ws/tool_tracker/install/local_setup.zsh'
[1.548s] INFO:colcon.colcon_core.shell:Creating prefix chain script '/home/zuhurouf/ros2_ws/tool_tracker/install/setup.zsh'
