[0.076s] DEBUG:colcon:Command line arguments: ['/usr/bin/colcon', 'build', '--symlink-install']
[0.076s] DEBUG:colcon:Parsed command line arguments: Namespace(log_base=None, log_level=None, verb_name='build', build_base='build', install_base='install', merge_install=False, symlink_install=True, test_result_base=None, continue_on_error=False, executor='parallel', parallel_workers=12, event_handlers=None, ignore_user_meta=False, metas=['./colcon.meta'], base_paths=['.'], packages_ignore=None, packages_ignore_regex=None, paths=None, packages_up_to=None, packages_up_to_regex=None, packages_above=None, packages_above_and_dependencies=None, packages_above_depth=None, packages_select_by_dep=None, packages_skip_by_dep=None, packages_skip_up_to=None, packages_select_build_failed=False, packages_skip_build_finished=False, packages_select_test_failures=False, packages_skip_test_passed=False, packages_select=None, packages_skip=None, packages_select_regex=None, packages_skip_regex=None, packages_start=None, packages_end=None, allow_overriding=[], cmake_args=None, cmake_target=None, cmake_target_skip_unavailable=False, cmake_clean_cache=False, cmake_clean_first=False, cmake_force_configure=False, ament_cmake_args=None, catkin_cmake_args=None, catkin_skip_building_tests=False, verb_parser=<colcon_defaults.argument_parser.defaults.DefaultArgumentsDecorator object at 0x7d83fd260430>, verb_extension=<colcon_core.verb.build.BuildVerb object at 0x7d83fd22bee0>, main=<bound method BuildVerb.main of <colcon_core.verb.build.BuildVerb object at 0x7d83fd22bee0>>)
[0.257s] Level 1:colcon.colcon_core.package_discovery:discover_packages(colcon_meta) check parameters
[0.258s] Level 1:colcon.colcon_core.package_discovery:discover_packages(recursive) check parameters
[0.258s] Level 1:colcon.colcon_core.package_discovery:discover_packages(ignore) check parameters
[0.258s] Level 1:colcon.colcon_core.package_discovery:discover_packages(path) check parameters
[0.258s] Level 1:colcon.colcon_core.package_discovery:discover_packages(colcon_meta) discover
[0.258s] Level 1:colcon.colcon_core.package_discovery:discover_packages(recursive) discover
[0.258s] INFO:colcon.colcon_core.package_discovery:Crawling recursively for packages in '/home/zuhurouf/ros2_ws/tool_tracker'
[0.258s] Level 1:colcon.colcon_core.package_identification:_identify(.) by extensions ['ignore', 'ignore_ament_install']
[0.258s] Level 1:colcon.colcon_core.package_identification:_identify(.) by extension 'ignore'
[0.258s] Level 1:colcon.colcon_core.package_identification:_identify(.) by extension 'ignore_ament_install'
[0.258s] Level 1:colcon.colcon_core.package_identification:_identify(.) by extensions ['colcon_pkg']
[0.258s] Level 1:colcon.colcon_core.package_identification:_identify(.) by extension 'colcon_pkg'
[0.258s] Level 1:colcon.colcon_core.package_identification:_identify(.) by extensions ['colcon_meta']
[0.258s] Level 1:colcon.colcon_core.package_identification:_identify(.) by extension 'colcon_meta'
[0.258s] Level 1:colcon.colcon_core.package_identification:_identify(.) by extensions ['ros']
[0.258s] Level 1:colcon.colcon_core.package_identification:_identify(.) by extension 'ros'
[0.279s] Level 1:colcon.colcon_core.package_identification:_identify(.) by extensions ['cmake', 'python']
[0.279s] Level 1:colcon.colcon_core.package_identification:_identify(.) by extension 'cmake'
[0.279s] Level 1:colcon.colcon_core.package_identification:_identify(.) by extension 'python'
[0.279s] Level 1:colcon.colcon_core.package_identification:_identify(.) by extensions ['python_setup_py']
[0.279s] Level 1:colcon.colcon_core.package_identification:_identify(.) by extension 'python_setup_py'
[0.279s] Level 1:colcon.colcon_core.package_identification:_identify(build) by extensions ['ignore', 'ignore_ament_install']
[0.279s] Level 1:colcon.colcon_core.package_identification:_identify(build) by extension 'ignore'
[0.279s] Level 1:colcon.colcon_core.package_identification:_identify(build) ignored
[0.279s] Level 1:colcon.colcon_core.package_identification:_identify(install) by extensions ['ignore', 'ignore_ament_install']
[0.279s] Level 1:colcon.colcon_core.package_identification:_identify(install) by extension 'ignore'
[0.279s] Level 1:colcon.colcon_core.package_identification:_identify(install) ignored
[0.279s] Level 1:colcon.colcon_core.package_identification:_identify(log) by extensions ['ignore', 'ignore_ament_install']
[0.279s] Level 1:colcon.colcon_core.package_identification:_identify(log) by extension 'ignore'
[0.279s] Level 1:colcon.colcon_core.package_identification:_identify(log) ignored
[0.279s] Level 1:colcon.colcon_core.package_identification:_identify(src) by extensions ['ignore', 'ignore_ament_install']
[0.279s] Level 1:colcon.colcon_core.package_identification:_identify(src) by extension 'ignore'
[0.279s] Level 1:colcon.colcon_core.package_identification:_identify(src) by extension 'ignore_ament_install'
[0.279s] Level 1:colcon.colcon_core.package_identification:_identify(src) by extensions ['colcon_pkg']
[0.279s] Level 1:colcon.colcon_core.package_identification:_identify(src) by extension 'colcon_pkg'
[0.279s] Level 1:colcon.colcon_core.package_identification:_identify(src) by extensions ['colcon_meta']
[0.279s] Level 1:colcon.colcon_core.package_identification:_identify(src) by extension 'colcon_meta'
[0.279s] Level 1:colcon.colcon_core.package_identification:_identify(src) by extensions ['ros']
[0.279s] Level 1:colcon.colcon_core.package_identification:_identify(src) by extension 'ros'
[0.279s] Level 1:colcon.colcon_core.package_identification:_identify(src) by extensions ['cmake', 'python']
[0.280s] Level 1:colcon.colcon_core.package_identification:_identify(src) by extension 'cmake'
[0.280s] Level 1:colcon.colcon_core.package_identification:_identify(src) by extension 'python'
[0.280s] Level 1:colcon.colcon_core.package_identification:_identify(src) by extensions ['python_setup_py']
[0.280s] Level 1:colcon.colcon_core.package_identification:_identify(src) by extension 'python_setup_py'
[0.280s] Level 1:colcon.colcon_core.package_identification:_identify(src/external) by extensions ['ignore', 'ignore_ament_install']
[0.280s] Level 1:colcon.colcon_core.package_identification:_identify(src/external) by extension 'ignore'
[0.280s] Level 1:colcon.colcon_core.package_identification:_identify(src/external) by extension 'ignore_ament_install'
[0.280s] Level 1:colcon.colcon_core.package_identification:_identify(src/external) by extensions ['colcon_pkg']
[0.280s] Level 1:colcon.colcon_core.package_identification:_identify(src/external) by extension 'colcon_pkg'
[0.280s] Level 1:colcon.colcon_core.package_identification:_identify(src/external) by extensions ['colcon_meta']
[0.280s] Level 1:colcon.colcon_core.package_identification:_identify(src/external) by extension 'colcon_meta'
[0.280s] Level 1:colcon.colcon_core.package_identification:_identify(src/external) by extensions ['ros']
[0.280s] Level 1:colcon.colcon_core.package_identification:_identify(src/external) by extension 'ros'
[0.280s] Level 1:colcon.colcon_core.package_identification:_identify(src/external) by extensions ['cmake', 'python']
[0.280s] Level 1:colcon.colcon_core.package_identification:_identify(src/external) by extension 'cmake'
[0.280s] Level 1:colcon.colcon_core.package_identification:_identify(src/external) by extension 'python'
[0.280s] Level 1:colcon.colcon_core.package_identification:_identify(src/external) by extensions ['python_setup_py']
[0.280s] Level 1:colcon.colcon_core.package_identification:_identify(src/external) by extension 'python_setup_py'
[0.280s] Level 1:colcon.colcon_core.package_identification:_identify(src/external/open_manipulator) by extensions ['ignore', 'ignore_ament_install']
[0.280s] Level 1:colcon.colcon_core.package_identification:_identify(src/external/open_manipulator) by extension 'ignore'
[0.280s] Level 1:colcon.colcon_core.package_identification:_identify(src/external/open_manipulator) by extension 'ignore_ament_install'
[0.280s] Level 1:colcon.colcon_core.package_identification:_identify(src/external/open_manipulator) by extensions ['colcon_pkg']
[0.280s] Level 1:colcon.colcon_core.package_identification:_identify(src/external/open_manipulator) by extension 'colcon_pkg'
[0.280s] Level 1:colcon.colcon_core.package_identification:_identify(src/external/open_manipulator) by extensions ['colcon_meta']
[0.280s] Level 1:colcon.colcon_core.package_identification:_identify(src/external/open_manipulator) by extension 'colcon_meta'
[0.280s] Level 1:colcon.colcon_core.package_identification:_identify(src/external/open_manipulator) by extensions ['ros']
[0.280s] Level 1:colcon.colcon_core.package_identification:_identify(src/external/open_manipulator) by extension 'ros'
[0.280s] Level 1:colcon.colcon_core.package_identification:_identify(src/external/open_manipulator) by extensions ['cmake', 'python']
[0.280s] Level 1:colcon.colcon_core.package_identification:_identify(src/external/open_manipulator) by extension 'cmake'
[0.280s] Level 1:colcon.colcon_core.package_identification:_identify(src/external/open_manipulator) by extension 'python'
[0.280s] Level 1:colcon.colcon_core.package_identification:_identify(src/external/open_manipulator) by extensions ['python_setup_py']
[0.280s] Level 1:colcon.colcon_core.package_identification:_identify(src/external/open_manipulator) by extension 'python_setup_py'
[0.280s] Level 1:colcon.colcon_core.package_identification:_identify(src/external/open_manipulator/open_manipulator) by extensions ['ignore', 'ignore_ament_install']
[0.281s] Level 1:colcon.colcon_core.package_identification:_identify(src/external/open_manipulator/open_manipulator) by extension 'ignore'
[0.281s] Level 1:colcon.colcon_core.package_identification:_identify(src/external/open_manipulator/open_manipulator) by extension 'ignore_ament_install'
[0.281s] Level 1:colcon.colcon_core.package_identification:_identify(src/external/open_manipulator/open_manipulator) by extensions ['colcon_pkg']
[0.281s] Level 1:colcon.colcon_core.package_identification:_identify(src/external/open_manipulator/open_manipulator) by extension 'colcon_pkg'
[0.281s] Level 1:colcon.colcon_core.package_identification:_identify(src/external/open_manipulator/open_manipulator) by extensions ['colcon_meta']
[0.281s] Level 1:colcon.colcon_core.package_identification:_identify(src/external/open_manipulator/open_manipulator) by extension 'colcon_meta'
[0.281s] Level 1:colcon.colcon_core.package_identification:_identify(src/external/open_manipulator/open_manipulator) by extensions ['ros']
[0.281s] Level 1:colcon.colcon_core.package_identification:_identify(src/external/open_manipulator/open_manipulator) by extension 'ros'
[0.283s] DEBUG:colcon.colcon_core.package_identification:Package 'src/external/open_manipulator/open_manipulator' with type 'ros.ament_cmake' and name 'open_manipulator'
[0.283s] Level 1:colcon.colcon_core.package_identification:_identify(src/external/open_manipulator/open_manipulator_x_bringup) by extensions ['ignore', 'ignore_ament_install']
[0.283s] Level 1:colcon.colcon_core.package_identification:_identify(src/external/open_manipulator/open_manipulator_x_bringup) by extension 'ignore'
[0.283s] Level 1:colcon.colcon_core.package_identification:_identify(src/external/open_manipulator/open_manipulator_x_bringup) by extension 'ignore_ament_install'
[0.283s] Level 1:colcon.colcon_core.package_identification:_identify(src/external/open_manipulator/open_manipulator_x_bringup) by extensions ['colcon_pkg']
[0.283s] Level 1:colcon.colcon_core.package_identification:_identify(src/external/open_manipulator/open_manipulator_x_bringup) by extension 'colcon_pkg'
[0.283s] Level 1:colcon.colcon_core.package_identification:_identify(src/external/open_manipulator/open_manipulator_x_bringup) by extensions ['colcon_meta']
[0.283s] Level 1:colcon.colcon_core.package_identification:_identify(src/external/open_manipulator/open_manipulator_x_bringup) by extension 'colcon_meta'
[0.283s] Level 1:colcon.colcon_core.package_identification:_identify(src/external/open_manipulator/open_manipulator_x_bringup) by extensions ['ros']
[0.283s] Level 1:colcon.colcon_core.package_identification:_identify(src/external/open_manipulator/open_manipulator_x_bringup) by extension 'ros'
[0.283s] DEBUG:colcon.colcon_core.package_identification:Package 'src/external/open_manipulator/open_manipulator_x_bringup' with type 'ros.ament_cmake' and name 'open_manipulator_x_bringup'
[0.283s] Level 1:colcon.colcon_core.package_identification:_identify(src/external/open_manipulator/open_manipulator_x_description) by extensions ['ignore', 'ignore_ament_install']
[0.283s] Level 1:colcon.colcon_core.package_identification:_identify(src/external/open_manipulator/open_manipulator_x_description) by extension 'ignore'
[0.284s] Level 1:colcon.colcon_core.package_identification:_identify(src/external/open_manipulator/open_manipulator_x_description) by extension 'ignore_ament_install'
[0.284s] Level 1:colcon.colcon_core.package_identification:_identify(src/external/open_manipulator/open_manipulator_x_description) by extensions ['colcon_pkg']
[0.284s] Level 1:colcon.colcon_core.package_identification:_identify(src/external/open_manipulator/open_manipulator_x_description) by extension 'colcon_pkg'
[0.284s] Level 1:colcon.colcon_core.package_identification:_identify(src/external/open_manipulator/open_manipulator_x_description) by extensions ['colcon_meta']
[0.284s] Level 1:colcon.colcon_core.package_identification:_identify(src/external/open_manipulator/open_manipulator_x_description) by extension 'colcon_meta'
[0.284s] Level 1:colcon.colcon_core.package_identification:_identify(src/external/open_manipulator/open_manipulator_x_description) by extensions ['ros']
[0.284s] Level 1:colcon.colcon_core.package_identification:_identify(src/external/open_manipulator/open_manipulator_x_description) by extension 'ros'
[0.284s] DEBUG:colcon.colcon_core.package_identification:Package 'src/external/open_manipulator/open_manipulator_x_description' with type 'ros.ament_cmake' and name 'open_manipulator_x_description'
[0.284s] Level 1:colcon.colcon_core.package_identification:_identify(src/external/open_manipulator/open_manipulator_x_gui) by extensions ['ignore', 'ignore_ament_install']
[0.284s] Level 1:colcon.colcon_core.package_identification:_identify(src/external/open_manipulator/open_manipulator_x_gui) by extension 'ignore'
[0.284s] Level 1:colcon.colcon_core.package_identification:_identify(src/external/open_manipulator/open_manipulator_x_gui) by extension 'ignore_ament_install'
[0.284s] Level 1:colcon.colcon_core.package_identification:_identify(src/external/open_manipulator/open_manipulator_x_gui) by extensions ['colcon_pkg']
[0.284s] Level 1:colcon.colcon_core.package_identification:_identify(src/external/open_manipulator/open_manipulator_x_gui) by extension 'colcon_pkg'
[0.284s] Level 1:colcon.colcon_core.package_identification:_identify(src/external/open_manipulator/open_manipulator_x_gui) by extensions ['colcon_meta']
[0.284s] Level 1:colcon.colcon_core.package_identification:_identify(src/external/open_manipulator/open_manipulator_x_gui) by extension 'colcon_meta'
[0.284s] Level 1:colcon.colcon_core.package_identification:_identify(src/external/open_manipulator/open_manipulator_x_gui) by extensions ['ros']
[0.284s] Level 1:colcon.colcon_core.package_identification:_identify(src/external/open_manipulator/open_manipulator_x_gui) by extension 'ros'
[0.285s] DEBUG:colcon.colcon_core.package_identification:Package 'src/external/open_manipulator/open_manipulator_x_gui' with type 'ros.ament_cmake' and name 'open_manipulator_x_gui'
[0.285s] Level 1:colcon.colcon_core.package_identification:_identify(src/external/open_manipulator/open_manipulator_x_moveit_config) by extensions ['ignore', 'ignore_ament_install']
[0.286s] Level 1:colcon.colcon_core.package_identification:_identify(src/external/open_manipulator/open_manipulator_x_moveit_config) by extension 'ignore'
[0.286s] Level 1:colcon.colcon_core.package_identification:_identify(src/external/open_manipulator/open_manipulator_x_moveit_config) by extension 'ignore_ament_install'
[0.286s] Level 1:colcon.colcon_core.package_identification:_identify(src/external/open_manipulator/open_manipulator_x_moveit_config) by extensions ['colcon_pkg']
[0.286s] Level 1:colcon.colcon_core.package_identification:_identify(src/external/open_manipulator/open_manipulator_x_moveit_config) by extension 'colcon_pkg'
[0.286s] Level 1:colcon.colcon_core.package_identification:_identify(src/external/open_manipulator/open_manipulator_x_moveit_config) by extensions ['colcon_meta']
[0.286s] Level 1:colcon.colcon_core.package_identification:_identify(src/external/open_manipulator/open_manipulator_x_moveit_config) by extension 'colcon_meta'
[0.286s] Level 1:colcon.colcon_core.package_identification:_identify(src/external/open_manipulator/open_manipulator_x_moveit_config) by extensions ['ros']
[0.286s] Level 1:colcon.colcon_core.package_identification:_identify(src/external/open_manipulator/open_manipulator_x_moveit_config) by extension 'ros'
[0.286s] DEBUG:colcon.colcon_core.package_identification:Package 'src/external/open_manipulator/open_manipulator_x_moveit_config' with type 'ros.ament_cmake' and name 'open_manipulator_x_moveit_config'
[0.286s] Level 1:colcon.colcon_core.package_identification:_identify(src/external/open_manipulator/open_manipulator_x_playground) by extensions ['ignore', 'ignore_ament_install']
[0.286s] Level 1:colcon.colcon_core.package_identification:_identify(src/external/open_manipulator/open_manipulator_x_playground) by extension 'ignore'
[0.286s] Level 1:colcon.colcon_core.package_identification:_identify(src/external/open_manipulator/open_manipulator_x_playground) by extension 'ignore_ament_install'
[0.286s] Level 1:colcon.colcon_core.package_identification:_identify(src/external/open_manipulator/open_manipulator_x_playground) by extensions ['colcon_pkg']
[0.286s] Level 1:colcon.colcon_core.package_identification:_identify(src/external/open_manipulator/open_manipulator_x_playground) by extension 'colcon_pkg'
[0.286s] Level 1:colcon.colcon_core.package_identification:_identify(src/external/open_manipulator/open_manipulator_x_playground) by extensions ['colcon_meta']
[0.286s] Level 1:colcon.colcon_core.package_identification:_identify(src/external/open_manipulator/open_manipulator_x_playground) by extension 'colcon_meta'
[0.287s] Level 1:colcon.colcon_core.package_identification:_identify(src/external/open_manipulator/open_manipulator_x_playground) by extensions ['ros']
[0.287s] Level 1:colcon.colcon_core.package_identification:_identify(src/external/open_manipulator/open_manipulator_x_playground) by extension 'ros'
[0.287s] DEBUG:colcon.colcon_core.package_identification:Package 'src/external/open_manipulator/open_manipulator_x_playground' with type 'ros.ament_cmake' and name 'open_manipulator_x_playground'
[0.287s] Level 1:colcon.colcon_core.package_identification:_identify(src/external/open_manipulator/open_manipulator_x_teleop) by extensions ['ignore', 'ignore_ament_install']
[0.287s] Level 1:colcon.colcon_core.package_identification:_identify(src/external/open_manipulator/open_manipulator_x_teleop) by extension 'ignore'
[0.287s] Level 1:colcon.colcon_core.package_identification:_identify(src/external/open_manipulator/open_manipulator_x_teleop) by extension 'ignore_ament_install'
[0.287s] Level 1:colcon.colcon_core.package_identification:_identify(src/external/open_manipulator/open_manipulator_x_teleop) by extensions ['colcon_pkg']
[0.287s] Level 1:colcon.colcon_core.package_identification:_identify(src/external/open_manipulator/open_manipulator_x_teleop) by extension 'colcon_pkg'
[0.287s] Level 1:colcon.colcon_core.package_identification:_identify(src/external/open_manipulator/open_manipulator_x_teleop) by extensions ['colcon_meta']
[0.287s] Level 1:colcon.colcon_core.package_identification:_identify(src/external/open_manipulator/open_manipulator_x_teleop) by extension 'colcon_meta'
[0.287s] Level 1:colcon.colcon_core.package_identification:_identify(src/external/open_manipulator/open_manipulator_x_teleop) by extensions ['ros']
[0.287s] Level 1:colcon.colcon_core.package_identification:_identify(src/external/open_manipulator/open_manipulator_x_teleop) by extension 'ros'
[0.288s] DEBUG:colcon.colcon_core.package_identification:Package 'src/external/open_manipulator/open_manipulator_x_teleop' with type 'ros.ament_cmake' and name 'open_manipulator_x_teleop'
[0.288s] Level 1:colcon.colcon_core.package_identification:_identify(src/external/zed-ros2-description) by extensions ['ignore', 'ignore_ament_install']
[0.288s] Level 1:colcon.colcon_core.package_identification:_identify(src/external/zed-ros2-description) by extension 'ignore'
[0.288s] Level 1:colcon.colcon_core.package_identification:_identify(src/external/zed-ros2-description) by extension 'ignore_ament_install'
[0.288s] Level 1:colcon.colcon_core.package_identification:_identify(src/external/zed-ros2-description) by extensions ['colcon_pkg']
[0.288s] Level 1:colcon.colcon_core.package_identification:_identify(src/external/zed-ros2-description) by extension 'colcon_pkg'
[0.288s] Level 1:colcon.colcon_core.package_identification:_identify(src/external/zed-ros2-description) by extensions ['colcon_meta']
[0.288s] Level 1:colcon.colcon_core.package_identification:_identify(src/external/zed-ros2-description) by extension 'colcon_meta'
[0.288s] Level 1:colcon.colcon_core.package_identification:_identify(src/external/zed-ros2-description) by extensions ['ros']
[0.288s] Level 1:colcon.colcon_core.package_identification:_identify(src/external/zed-ros2-description) by extension 'ros'
[0.289s] DEBUG:colcon.colcon_core.package_identification:Package 'src/external/zed-ros2-description' with type 'ros.ament_cmake' and name 'zed_description'
[0.289s] Level 1:colcon.colcon_core.package_identification:_identify(src/tool_tracker) by extensions ['ignore', 'ignore_ament_install']
[0.289s] Level 1:colcon.colcon_core.package_identification:_identify(src/tool_tracker) by extension 'ignore'
[0.289s] Level 1:colcon.colcon_core.package_identification:_identify(src/tool_tracker) by extension 'ignore_ament_install'
[0.289s] Level 1:colcon.colcon_core.package_identification:_identify(src/tool_tracker) by extensions ['colcon_pkg']
[0.289s] Level 1:colcon.colcon_core.package_identification:_identify(src/tool_tracker) by extension 'colcon_pkg'
[0.289s] Level 1:colcon.colcon_core.package_identification:_identify(src/tool_tracker) by extensions ['colcon_meta']
[0.289s] Level 1:colcon.colcon_core.package_identification:_identify(src/tool_tracker) by extension 'colcon_meta'
[0.289s] Level 1:colcon.colcon_core.package_identification:_identify(src/tool_tracker) by extensions ['ros']
[0.289s] Level 1:colcon.colcon_core.package_identification:_identify(src/tool_tracker) by extension 'ros'
[0.290s] DEBUG:colcon.colcon_core.package_identification:Package 'src/tool_tracker' with type 'ros.ament_python' and name 'tool_tracker'
[0.290s] Level 1:colcon.colcon_core.package_discovery:discover_packages(recursive) using defaults
[0.290s] Level 1:colcon.colcon_core.package_discovery:discover_packages(ignore) discover
[0.290s] Level 1:colcon.colcon_core.package_discovery:discover_packages(ignore) using defaults
[0.290s] Level 1:colcon.colcon_core.package_discovery:discover_packages(path) discover
[0.290s] Level 1:colcon.colcon_core.package_discovery:discover_packages(path) using defaults
[0.306s] Level 1:colcon.colcon_core.package_discovery:discover_packages(prefix_path) check parameters
[0.306s] Level 1:colcon.colcon_core.package_discovery:discover_packages(prefix_path) discover
[0.307s] WARNING:colcon.colcon_ros.prefix_path.ament:The path '/home/zuhurouf/ros2_ws/tool_tracker/install/zed_description' in the environment variable AMENT_PREFIX_PATH doesn't exist
[0.307s] WARNING:colcon.colcon_ros.prefix_path.ament:The path '/home/zuhurouf/ros2_ws/tool_tracker/install/tool_tracker' in the environment variable AMENT_PREFIX_PATH doesn't exist
[0.307s] WARNING:colcon.colcon_ros.prefix_path.ament:The path '/home/zuhurouf/ros2_ws/tool_tracker/install/open_manipulator' in the environment variable AMENT_PREFIX_PATH doesn't exist
[0.307s] WARNING:colcon.colcon_ros.prefix_path.ament:The path '/home/zuhurouf/ros2_ws/tool_tracker/install/open_manipulator_x_teleop' in the environment variable AMENT_PREFIX_PATH doesn't exist
[0.307s] WARNING:colcon.colcon_ros.prefix_path.ament:The path '/home/zuhurouf/ros2_ws/tool_tracker/install/open_manipulator_x_playground' in the environment variable AMENT_PREFIX_PATH doesn't exist
[0.307s] WARNING:colcon.colcon_ros.prefix_path.ament:The path '/home/zuhurouf/ros2_ws/tool_tracker/install/open_manipulator_x_moveit_config' in the environment variable AMENT_PREFIX_PATH doesn't exist
[0.307s] WARNING:colcon.colcon_ros.prefix_path.ament:The path '/home/zuhurouf/ros2_ws/tool_tracker/install/open_manipulator_x_gui' in the environment variable AMENT_PREFIX_PATH doesn't exist
[0.307s] WARNING:colcon.colcon_ros.prefix_path.ament:The path '/home/zuhurouf/ros2_ws/tool_tracker/install/open_manipulator_x_bringup' in the environment variable AMENT_PREFIX_PATH doesn't exist
[0.307s] WARNING:colcon.colcon_ros.prefix_path.ament:The path '/home/zuhurouf/ros2_ws/tool_tracker/install/open_manipulator_x_description' in the environment variable AMENT_PREFIX_PATH doesn't exist
[0.307s] WARNING:colcon.colcon_ros.prefix_path.catkin:The path '/home/zuhurouf/ros2_ws/tool_tracker/install/zed_description' in the environment variable CMAKE_PREFIX_PATH doesn't exist
[0.307s] WARNING:colcon.colcon_ros.prefix_path.catkin:The path '/home/zuhurouf/ros2_ws/tool_tracker/install/open_manipulator' in the environment variable CMAKE_PREFIX_PATH doesn't exist
[0.307s] WARNING:colcon.colcon_ros.prefix_path.catkin:The path '/home/zuhurouf/ros2_ws/tool_tracker/install/open_manipulator_x_teleop' in the environment variable CMAKE_PREFIX_PATH doesn't exist
[0.307s] WARNING:colcon.colcon_ros.prefix_path.catkin:The path '/home/zuhurouf/ros2_ws/tool_tracker/install/open_manipulator_x_playground' in the environment variable CMAKE_PREFIX_PATH doesn't exist
[0.307s] WARNING:colcon.colcon_ros.prefix_path.catkin:The path '/home/zuhurouf/ros2_ws/tool_tracker/install/open_manipulator_x_moveit_config' in the environment variable CMAKE_PREFIX_PATH doesn't exist
[0.307s] WARNING:colcon.colcon_ros.prefix_path.catkin:The path '/home/zuhurouf/ros2_ws/tool_tracker/install/open_manipulator_x_gui' in the environment variable CMAKE_PREFIX_PATH doesn't exist
[0.307s] WARNING:colcon.colcon_ros.prefix_path.catkin:The path '/home/zuhurouf/ros2_ws/tool_tracker/install/open_manipulator_x_bringup' in the environment variable CMAKE_PREFIX_PATH doesn't exist
[0.307s] WARNING:colcon.colcon_ros.prefix_path.catkin:The path '/home/zuhurouf/ros2_ws/tool_tracker/install/open_manipulator_x_description' in the environment variable CMAKE_PREFIX_PATH doesn't exist
[0.308s] DEBUG:colcon.colcon_installed_package_information.package_discovery:Found 0 installed packages in /home/zuhurouf/ros2_ws/tool_tracker/install
[0.309s] DEBUG:colcon.colcon_installed_package_information.package_discovery:Found 463 installed packages in /opt/ros/humble
[0.310s] Level 1:colcon.colcon_core.package_discovery:discover_packages(prefix_path) using defaults
[0.349s] Level 5:colcon.colcon_core.verb:set package 'open_manipulator_x_description' build argument 'cmake_args' from command line to 'None'
[0.349s] Level 5:colcon.colcon_core.verb:set package 'open_manipulator_x_description' build argument 'cmake_target' from command line to 'None'
[0.349s] Level 5:colcon.colcon_core.verb:set package 'open_manipulator_x_description' build argument 'cmake_target_skip_unavailable' from command line to 'False'
[0.349s] Level 5:colcon.colcon_core.verb:set package 'open_manipulator_x_description' build argument 'cmake_clean_cache' from command line to 'False'
[0.349s] Level 5:colcon.colcon_core.verb:set package 'open_manipulator_x_description' build argument 'cmake_clean_first' from command line to 'False'
[0.349s] Level 5:colcon.colcon_core.verb:set package 'open_manipulator_x_description' build argument 'cmake_force_configure' from command line to 'False'
[0.349s] Level 5:colcon.colcon_core.verb:set package 'open_manipulator_x_description' build argument 'ament_cmake_args' from command line to 'None'
[0.349s] Level 5:colcon.colcon_core.verb:set package 'open_manipulator_x_description' build argument 'catkin_cmake_args' from command line to 'None'
[0.349s] Level 5:colcon.colcon_core.verb:set package 'open_manipulator_x_description' build argument 'catkin_skip_building_tests' from command line to 'False'
[0.349s] DEBUG:colcon.colcon_core.verb:Building package 'open_manipulator_x_description' with the following arguments: {'ament_cmake_args': None, 'build_base': '/home/zuhurouf/ros2_ws/tool_tracker/build/open_manipulator_x_description', 'catkin_cmake_args': None, 'catkin_skip_building_tests': False, 'cmake_args': None, 'cmake_clean_cache': False, 'cmake_clean_first': False, 'cmake_force_configure': False, 'cmake_target': None, 'cmake_target_skip_unavailable': False, 'install_base': '/home/zuhurouf/ros2_ws/tool_tracker/install/open_manipulator_x_description', 'merge_install': False, 'path': '/home/zuhurouf/ros2_ws/tool_tracker/src/external/open_manipulator/open_manipulator_x_description', 'symlink_install': True, 'test_result_base': None}
[0.349s] Level 5:colcon.colcon_core.verb:set package 'open_manipulator_x_gui' build argument 'cmake_args' from command line to 'None'
[0.349s] Level 5:colcon.colcon_core.verb:set package 'open_manipulator_x_gui' build argument 'cmake_target' from command line to 'None'
[0.349s] Level 5:colcon.colcon_core.verb:set package 'open_manipulator_x_gui' build argument 'cmake_target_skip_unavailable' from command line to 'False'
[0.349s] Level 5:colcon.colcon_core.verb:set package 'open_manipulator_x_gui' build argument 'cmake_clean_cache' from command line to 'False'
[0.349s] Level 5:colcon.colcon_core.verb:set package 'open_manipulator_x_gui' build argument 'cmake_clean_first' from command line to 'False'
[0.349s] Level 5:colcon.colcon_core.verb:set package 'open_manipulator_x_gui' build argument 'cmake_force_configure' from command line to 'False'
[0.349s] Level 5:colcon.colcon_core.verb:set package 'open_manipulator_x_gui' build argument 'ament_cmake_args' from command line to 'None'
[0.349s] Level 5:colcon.colcon_core.verb:set package 'open_manipulator_x_gui' build argument 'catkin_cmake_args' from command line to 'None'
[0.349s] Level 5:colcon.colcon_core.verb:set package 'open_manipulator_x_gui' build argument 'catkin_skip_building_tests' from command line to 'False'
[0.349s] DEBUG:colcon.colcon_core.verb:Building package 'open_manipulator_x_gui' with the following arguments: {'ament_cmake_args': None, 'build_base': '/home/zuhurouf/ros2_ws/tool_tracker/build/open_manipulator_x_gui', 'catkin_cmake_args': None, 'catkin_skip_building_tests': False, 'cmake_args': None, 'cmake_clean_cache': False, 'cmake_clean_first': False, 'cmake_force_configure': False, 'cmake_target': None, 'cmake_target_skip_unavailable': False, 'install_base': '/home/zuhurouf/ros2_ws/tool_tracker/install/open_manipulator_x_gui', 'merge_install': False, 'path': '/home/zuhurouf/ros2_ws/tool_tracker/src/external/open_manipulator/open_manipulator_x_gui', 'symlink_install': True, 'test_result_base': None}
[0.350s] Level 5:colcon.colcon_core.verb:set package 'open_manipulator_x_playground' build argument 'cmake_args' from command line to 'None'
[0.350s] Level 5:colcon.colcon_core.verb:set package 'open_manipulator_x_playground' build argument 'cmake_target' from command line to 'None'
[0.350s] Level 5:colcon.colcon_core.verb:set package 'open_manipulator_x_playground' build argument 'cmake_target_skip_unavailable' from command line to 'False'
[0.350s] Level 5:colcon.colcon_core.verb:set package 'open_manipulator_x_playground' build argument 'cmake_clean_cache' from command line to 'False'
[0.350s] Level 5:colcon.colcon_core.verb:set package 'open_manipulator_x_playground' build argument 'cmake_clean_first' from command line to 'False'
[0.350s] Level 5:colcon.colcon_core.verb:set package 'open_manipulator_x_playground' build argument 'cmake_force_configure' from command line to 'False'
[0.350s] Level 5:colcon.colcon_core.verb:set package 'open_manipulator_x_playground' build argument 'ament_cmake_args' from command line to 'None'
[0.350s] Level 5:colcon.colcon_core.verb:set package 'open_manipulator_x_playground' build argument 'catkin_cmake_args' from command line to 'None'
[0.350s] Level 5:colcon.colcon_core.verb:set package 'open_manipulator_x_playground' build argument 'catkin_skip_building_tests' from command line to 'False'
[0.350s] DEBUG:colcon.colcon_core.verb:Building package 'open_manipulator_x_playground' with the following arguments: {'ament_cmake_args': None, 'build_base': '/home/zuhurouf/ros2_ws/tool_tracker/build/open_manipulator_x_playground', 'catkin_cmake_args': None, 'catkin_skip_building_tests': False, 'cmake_args': None, 'cmake_clean_cache': False, 'cmake_clean_first': False, 'cmake_force_configure': False, 'cmake_target': None, 'cmake_target_skip_unavailable': False, 'install_base': '/home/zuhurouf/ros2_ws/tool_tracker/install/open_manipulator_x_playground', 'merge_install': False, 'path': '/home/zuhurouf/ros2_ws/tool_tracker/src/external/open_manipulator/open_manipulator_x_playground', 'symlink_install': True, 'test_result_base': None}
[0.350s] Level 5:colcon.colcon_core.verb:set package 'zed_description' build argument 'cmake_args' from command line to 'None'
[0.350s] Level 5:colcon.colcon_core.verb:set package 'zed_description' build argument 'cmake_target' from command line to 'None'
[0.350s] Level 5:colcon.colcon_core.verb:set package 'zed_description' build argument 'cmake_target_skip_unavailable' from command line to 'False'
[0.350s] Level 5:colcon.colcon_core.verb:set package 'zed_description' build argument 'cmake_clean_cache' from command line to 'False'
[0.350s] Level 5:colcon.colcon_core.verb:set package 'zed_description' build argument 'cmake_clean_first' from command line to 'False'
[0.350s] Level 5:colcon.colcon_core.verb:set package 'zed_description' build argument 'cmake_force_configure' from command line to 'False'
[0.350s] Level 5:colcon.colcon_core.verb:set package 'zed_description' build argument 'ament_cmake_args' from command line to 'None'
[0.350s] Level 5:colcon.colcon_core.verb:set package 'zed_description' build argument 'catkin_cmake_args' from command line to 'None'
[0.350s] Level 5:colcon.colcon_core.verb:set package 'zed_description' build argument 'catkin_skip_building_tests' from command line to 'False'
[0.350s] DEBUG:colcon.colcon_core.verb:Building package 'zed_description' with the following arguments: {'ament_cmake_args': None, 'build_base': '/home/zuhurouf/ros2_ws/tool_tracker/build/zed_description', 'catkin_cmake_args': None, 'catkin_skip_building_tests': False, 'cmake_args': None, 'cmake_clean_cache': False, 'cmake_clean_first': False, 'cmake_force_configure': False, 'cmake_target': None, 'cmake_target_skip_unavailable': False, 'install_base': '/home/zuhurouf/ros2_ws/tool_tracker/install/zed_description', 'merge_install': False, 'path': '/home/zuhurouf/ros2_ws/tool_tracker/src/external/zed-ros2-description', 'symlink_install': True, 'test_result_base': None}
[0.350s] Level 5:colcon.colcon_core.verb:set package 'open_manipulator_x_bringup' build argument 'cmake_args' from command line to 'None'
[0.350s] Level 5:colcon.colcon_core.verb:set package 'open_manipulator_x_bringup' build argument 'cmake_target' from command line to 'None'
[0.350s] Level 5:colcon.colcon_core.verb:set package 'open_manipulator_x_bringup' build argument 'cmake_target_skip_unavailable' from command line to 'False'
[0.350s] Level 5:colcon.colcon_core.verb:set package 'open_manipulator_x_bringup' build argument 'cmake_clean_cache' from command line to 'False'
[0.350s] Level 5:colcon.colcon_core.verb:set package 'open_manipulator_x_bringup' build argument 'cmake_clean_first' from command line to 'False'
[0.350s] Level 5:colcon.colcon_core.verb:set package 'open_manipulator_x_bringup' build argument 'cmake_force_configure' from command line to 'False'
[0.350s] Level 5:colcon.colcon_core.verb:set package 'open_manipulator_x_bringup' build argument 'ament_cmake_args' from command line to 'None'
[0.350s] Level 5:colcon.colcon_core.verb:set package 'open_manipulator_x_bringup' build argument 'catkin_cmake_args' from command line to 'None'
[0.350s] Level 5:colcon.colcon_core.verb:set package 'open_manipulator_x_bringup' build argument 'catkin_skip_building_tests' from command line to 'False'
[0.350s] DEBUG:colcon.colcon_core.verb:Building package 'open_manipulator_x_bringup' with the following arguments: {'ament_cmake_args': None, 'build_base': '/home/zuhurouf/ros2_ws/tool_tracker/build/open_manipulator_x_bringup', 'catkin_cmake_args': None, 'catkin_skip_building_tests': False, 'cmake_args': None, 'cmake_clean_cache': False, 'cmake_clean_first': False, 'cmake_force_configure': False, 'cmake_target': None, 'cmake_target_skip_unavailable': False, 'install_base': '/home/zuhurouf/ros2_ws/tool_tracker/install/open_manipulator_x_bringup', 'merge_install': False, 'path': '/home/zuhurouf/ros2_ws/tool_tracker/src/external/open_manipulator/open_manipulator_x_bringup', 'symlink_install': True, 'test_result_base': None}
[0.350s] Level 5:colcon.colcon_core.verb:set package 'open_manipulator_x_moveit_config' build argument 'cmake_args' from command line to 'None'
[0.351s] Level 5:colcon.colcon_core.verb:set package 'open_manipulator_x_moveit_config' build argument 'cmake_target' from command line to 'None'
[0.351s] Level 5:colcon.colcon_core.verb:set package 'open_manipulator_x_moveit_config' build argument 'cmake_target_skip_unavailable' from command line to 'False'
[0.351s] Level 5:colcon.colcon_core.verb:set package 'open_manipulator_x_moveit_config' build argument 'cmake_clean_cache' from command line to 'False'
[0.351s] Level 5:colcon.colcon_core.verb:set package 'open_manipulator_x_moveit_config' build argument 'cmake_clean_first' from command line to 'False'
[0.351s] Level 5:colcon.colcon_core.verb:set package 'open_manipulator_x_moveit_config' build argument 'cmake_force_configure' from command line to 'False'
[0.351s] Level 5:colcon.colcon_core.verb:set package 'open_manipulator_x_moveit_config' build argument 'ament_cmake_args' from command line to 'None'
[0.351s] Level 5:colcon.colcon_core.verb:set package 'open_manipulator_x_moveit_config' build argument 'catkin_cmake_args' from command line to 'None'
[0.351s] Level 5:colcon.colcon_core.verb:set package 'open_manipulator_x_moveit_config' build argument 'catkin_skip_building_tests' from command line to 'False'
[0.351s] DEBUG:colcon.colcon_core.verb:Building package 'open_manipulator_x_moveit_config' with the following arguments: {'ament_cmake_args': None, 'build_base': '/home/zuhurouf/ros2_ws/tool_tracker/build/open_manipulator_x_moveit_config', 'catkin_cmake_args': None, 'catkin_skip_building_tests': False, 'cmake_args': None, 'cmake_clean_cache': False, 'cmake_clean_first': False, 'cmake_force_configure': False, 'cmake_target': None, 'cmake_target_skip_unavailable': False, 'install_base': '/home/zuhurouf/ros2_ws/tool_tracker/install/open_manipulator_x_moveit_config', 'merge_install': False, 'path': '/home/zuhurouf/ros2_ws/tool_tracker/src/external/open_manipulator/open_manipulator_x_moveit_config', 'symlink_install': True, 'test_result_base': None}
[0.351s] Level 5:colcon.colcon_core.verb:set package 'tool_tracker' build argument 'cmake_args' from command line to 'None'
[0.351s] Level 5:colcon.colcon_core.verb:set package 'tool_tracker' build argument 'cmake_target' from command line to 'None'
[0.351s] Level 5:colcon.colcon_core.verb:set package 'tool_tracker' build argument 'cmake_target_skip_unavailable' from command line to 'False'
[0.351s] Level 5:colcon.colcon_core.verb:set package 'tool_tracker' build argument 'cmake_clean_cache' from command line to 'False'
[0.351s] Level 5:colcon.colcon_core.verb:set package 'tool_tracker' build argument 'cmake_clean_first' from command line to 'False'
[0.351s] Level 5:colcon.colcon_core.verb:set package 'tool_tracker' build argument 'cmake_force_configure' from command line to 'False'
[0.351s] Level 5:colcon.colcon_core.verb:set package 'tool_tracker' build argument 'ament_cmake_args' from command line to 'None'
[0.351s] Level 5:colcon.colcon_core.verb:set package 'tool_tracker' build argument 'catkin_cmake_args' from command line to 'None'
[0.351s] Level 5:colcon.colcon_core.verb:set package 'tool_tracker' build argument 'catkin_skip_building_tests' from command line to 'False'
[0.351s] DEBUG:colcon.colcon_core.verb:Building package 'tool_tracker' with the following arguments: {'ament_cmake_args': None, 'build_base': '/home/zuhurouf/ros2_ws/tool_tracker/build/tool_tracker', 'catkin_cmake_args': None, 'catkin_skip_building_tests': False, 'cmake_args': None, 'cmake_clean_cache': False, 'cmake_clean_first': False, 'cmake_force_configure': False, 'cmake_target': None, 'cmake_target_skip_unavailable': False, 'install_base': '/home/zuhurouf/ros2_ws/tool_tracker/install/tool_tracker', 'merge_install': False, 'path': '/home/zuhurouf/ros2_ws/tool_tracker/src/tool_tracker', 'symlink_install': True, 'test_result_base': None}
[0.351s] Level 5:colcon.colcon_core.verb:set package 'open_manipulator_x_teleop' build argument 'cmake_args' from command line to 'None'
[0.351s] Level 5:colcon.colcon_core.verb:set package 'open_manipulator_x_teleop' build argument 'cmake_target' from command line to 'None'
[0.351s] Level 5:colcon.colcon_core.verb:set package 'open_manipulator_x_teleop' build argument 'cmake_target_skip_unavailable' from command line to 'False'
[0.351s] Level 5:colcon.colcon_core.verb:set package 'open_manipulator_x_teleop' build argument 'cmake_clean_cache' from command line to 'False'
[0.351s] Level 5:colcon.colcon_core.verb:set package 'open_manipulator_x_teleop' build argument 'cmake_clean_first' from command line to 'False'
[0.351s] Level 5:colcon.colcon_core.verb:set package 'open_manipulator_x_teleop' build argument 'cmake_force_configure' from command line to 'False'
[0.351s] Level 5:colcon.colcon_core.verb:set package 'open_manipulator_x_teleop' build argument 'ament_cmake_args' from command line to 'None'
[0.351s] Level 5:colcon.colcon_core.verb:set package 'open_manipulator_x_teleop' build argument 'catkin_cmake_args' from command line to 'None'
[0.351s] Level 5:colcon.colcon_core.verb:set package 'open_manipulator_x_teleop' build argument 'catkin_skip_building_tests' from command line to 'False'
[0.351s] DEBUG:colcon.colcon_core.verb:Building package 'open_manipulator_x_teleop' with the following arguments: {'ament_cmake_args': None, 'build_base': '/home/zuhurouf/ros2_ws/tool_tracker/build/open_manipulator_x_teleop', 'catkin_cmake_args': None, 'catkin_skip_building_tests': False, 'cmake_args': None, 'cmake_clean_cache': False, 'cmake_clean_first': False, 'cmake_force_configure': False, 'cmake_target': None, 'cmake_target_skip_unavailable': False, 'install_base': '/home/zuhurouf/ros2_ws/tool_tracker/install/open_manipulator_x_teleop', 'merge_install': False, 'path': '/home/zuhurouf/ros2_ws/tool_tracker/src/external/open_manipulator/open_manipulator_x_teleop', 'symlink_install': True, 'test_result_base': None}
[0.351s] Level 5:colcon.colcon_core.verb:set package 'open_manipulator' build argument 'cmake_args' from command line to 'None'
[0.351s] Level 5:colcon.colcon_core.verb:set package 'open_manipulator' build argument 'cmake_target' from command line to 'None'
[0.351s] Level 5:colcon.colcon_core.verb:set package 'open_manipulator' build argument 'cmake_target_skip_unavailable' from command line to 'False'
[0.352s] Level 5:colcon.colcon_core.verb:set package 'open_manipulator' build argument 'cmake_clean_cache' from command line to 'False'
[0.352s] Level 5:colcon.colcon_core.verb:set package 'open_manipulator' build argument 'cmake_clean_first' from command line to 'False'
[0.352s] Level 5:colcon.colcon_core.verb:set package 'open_manipulator' build argument 'cmake_force_configure' from command line to 'False'
[0.352s] Level 5:colcon.colcon_core.verb:set package 'open_manipulator' build argument 'ament_cmake_args' from command line to 'None'
[0.352s] Level 5:colcon.colcon_core.verb:set package 'open_manipulator' build argument 'catkin_cmake_args' from command line to 'None'
[0.352s] Level 5:colcon.colcon_core.verb:set package 'open_manipulator' build argument 'catkin_skip_building_tests' from command line to 'False'
[0.352s] DEBUG:colcon.colcon_core.verb:Building package 'open_manipulator' with the following arguments: {'ament_cmake_args': None, 'build_base': '/home/zuhurouf/ros2_ws/tool_tracker/build/open_manipulator', 'catkin_cmake_args': None, 'catkin_skip_building_tests': False, 'cmake_args': None, 'cmake_clean_cache': False, 'cmake_clean_first': False, 'cmake_force_configure': False, 'cmake_target': None, 'cmake_target_skip_unavailable': False, 'install_base': '/home/zuhurouf/ros2_ws/tool_tracker/install/open_manipulator', 'merge_install': False, 'path': '/home/zuhurouf/ros2_ws/tool_tracker/src/external/open_manipulator/open_manipulator', 'symlink_install': True, 'test_result_base': None}
[0.352s] INFO:colcon.colcon_core.executor:Executing jobs using 'parallel' executor
[0.353s] DEBUG:colcon.colcon_parallel_executor.executor.parallel:run_until_complete
[0.353s] INFO:colcon.colcon_ros.task.ament_cmake.build:Building ROS package in '/home/zuhurouf/ros2_ws/tool_tracker/src/external/open_manipulator/open_manipulator_x_description' with build type 'ament_cmake'
[0.353s] INFO:colcon.colcon_cmake.task.cmake.build:Building CMake package in '/home/zuhurouf/ros2_ws/tool_tracker/src/external/open_manipulator/open_manipulator_x_description'
[0.354s] INFO:colcon.colcon_core.plugin_system:Skipping extension 'colcon_core.shell.bat': Not used on non-Windows systems
[0.354s] INFO:colcon.colcon_core.shell:Skip shell extension 'powershell' for command environment: Not usable outside of PowerShell
[0.354s] DEBUG:colcon.colcon_core.shell:Skip shell extension 'dsv' for command environment
[0.357s] INFO:colcon.colcon_ros.task.ament_cmake.build:Building ROS package in '/home/zuhurouf/ros2_ws/tool_tracker/src/external/open_manipulator/open_manipulator_x_gui' with build type 'ament_cmake'
[0.357s] INFO:colcon.colcon_cmake.task.cmake.build:Building CMake package in '/home/zuhurouf/ros2_ws/tool_tracker/src/external/open_manipulator/open_manipulator_x_gui'
[0.357s] INFO:colcon.colcon_core.shell:Skip shell extension 'powershell' for command environment: Not usable outside of PowerShell
[0.357s] DEBUG:colcon.colcon_core.shell:Skip shell extension 'dsv' for command environment
[0.360s] INFO:colcon.colcon_ros.task.ament_cmake.build:Building ROS package in '/home/zuhurouf/ros2_ws/tool_tracker/src/external/open_manipulator/open_manipulator_x_playground' with build type 'ament_cmake'
[0.360s] INFO:colcon.colcon_cmake.task.cmake.build:Building CMake package in '/home/zuhurouf/ros2_ws/tool_tracker/src/external/open_manipulator/open_manipulator_x_playground'
[0.360s] INFO:colcon.colcon_core.shell:Skip shell extension 'powershell' for command environment: Not usable outside of PowerShell
[0.360s] DEBUG:colcon.colcon_core.shell:Skip shell extension 'dsv' for command environment
[0.362s] INFO:colcon.colcon_ros.task.ament_cmake.build:Building ROS package in '/home/zuhurouf/ros2_ws/tool_tracker/src/external/zed-ros2-description' with build type 'ament_cmake'
[0.363s] INFO:colcon.colcon_cmake.task.cmake.build:Building CMake package in '/home/zuhurouf/ros2_ws/tool_tracker/src/external/zed-ros2-description'
[0.363s] INFO:colcon.colcon_core.shell:Skip shell extension 'powershell' for command environment: Not usable outside of PowerShell
[0.363s] DEBUG:colcon.colcon_core.shell:Skip shell extension 'dsv' for command environment
[0.368s] DEBUG:colcon.colcon_core.event_handler.log_command:Invoking command in '/home/zuhurouf/ros2_ws/tool_tracker/build/open_manipulator_x_description': CMAKE_PREFIX_PATH=${CMAKE_PREFIX_PATH}:/home/zuhurouf/ros2_ws/tool_tracker/install/tool_tracker:/opt/ros/humble /usr/bin/cmake /home/zuhurouf/ros2_ws/tool_tracker/src/external/open_manipulator/open_manipulator_x_description -DAMENT_CMAKE_SYMLINK_INSTALL=1 -DCMAKE_INSTALL_PREFIX=/home/zuhurouf/ros2_ws/tool_tracker/install/open_manipulator_x_description
[0.369s] DEBUG:colcon.colcon_core.event_handler.log_command:Invoking command in '/home/zuhurouf/ros2_ws/tool_tracker/build/open_manipulator_x_gui': CMAKE_PREFIX_PATH=${CMAKE_PREFIX_PATH}:/home/zuhurouf/ros2_ws/tool_tracker/install/tool_tracker:/opt/ros/humble /usr/bin/cmake /home/zuhurouf/ros2_ws/tool_tracker/src/external/open_manipulator/open_manipulator_x_gui -DAMENT_CMAKE_SYMLINK_INSTALL=1 -DCMAKE_INSTALL_PREFIX=/home/zuhurouf/ros2_ws/tool_tracker/install/open_manipulator_x_gui
[0.371s] DEBUG:colcon.colcon_core.event_handler.log_command:Invoking command in '/home/zuhurouf/ros2_ws/tool_tracker/build/open_manipulator_x_playground': CMAKE_PREFIX_PATH=${CMAKE_PREFIX_PATH}:/home/zuhurouf/ros2_ws/tool_tracker/install/tool_tracker:/opt/ros/humble /usr/bin/cmake /home/zuhurouf/ros2_ws/tool_tracker/src/external/open_manipulator/open_manipulator_x_playground -DAMENT_CMAKE_SYMLINK_INSTALL=1 -DCMAKE_INSTALL_PREFIX=/home/zuhurouf/ros2_ws/tool_tracker/install/open_manipulator_x_playground
[0.374s] DEBUG:colcon.colcon_core.event_handler.log_command:Invoking command in '/home/zuhurouf/ros2_ws/tool_tracker/build/zed_description': CMAKE_PREFIX_PATH=${CMAKE_PREFIX_PATH}:/home/zuhurouf/ros2_ws/tool_tracker/install/tool_tracker:/opt/ros/humble /usr/bin/cmake /home/zuhurouf/ros2_ws/tool_tracker/src/external/zed-ros2-description -DAMENT_CMAKE_SYMLINK_INSTALL=1 -DCMAKE_INSTALL_PREFIX=/home/zuhurouf/ros2_ws/tool_tracker/install/zed_description
[0.933s] DEBUG:colcon.colcon_core.event_handler.log_command:Invoked command in '/home/zuhurouf/ros2_ws/tool_tracker/build/open_manipulator_x_description' returned '0': CMAKE_PREFIX_PATH=${CMAKE_PREFIX_PATH}:/home/zuhurouf/ros2_ws/tool_tracker/install/tool_tracker:/opt/ros/humble /usr/bin/cmake /home/zuhurouf/ros2_ws/tool_tracker/src/external/open_manipulator/open_manipulator_x_description -DAMENT_CMAKE_SYMLINK_INSTALL=1 -DCMAKE_INSTALL_PREFIX=/home/zuhurouf/ros2_ws/tool_tracker/install/open_manipulator_x_description
[0.935s] DEBUG:colcon.colcon_core.event_handler.log_command:Invoking command in '/home/zuhurouf/ros2_ws/tool_tracker/build/open_manipulator_x_description': CMAKE_PREFIX_PATH=${CMAKE_PREFIX_PATH}:/home/zuhurouf/ros2_ws/tool_tracker/install/tool_tracker:/opt/ros/humble /usr/bin/cmake --build /home/zuhurouf/ros2_ws/tool_tracker/build/open_manipulator_x_description -- -j12 -l12
[0.963s] DEBUG:colcon.colcon_core.event_handler.log_command:Invoked command in '/home/zuhurouf/ros2_ws/tool_tracker/build/open_manipulator_x_description' returned '0': CMAKE_PREFIX_PATH=${CMAKE_PREFIX_PATH}:/home/zuhurouf/ros2_ws/tool_tracker/install/tool_tracker:/opt/ros/humble /usr/bin/cmake --build /home/zuhurouf/ros2_ws/tool_tracker/build/open_manipulator_x_description -- -j12 -l12
[0.970s] DEBUG:colcon.colcon_core.event_handler.log_command:Invoking command in '/home/zuhurouf/ros2_ws/tool_tracker/build/open_manipulator_x_description': CMAKE_PREFIX_PATH=${CMAKE_PREFIX_PATH}:/home/zuhurouf/ros2_ws/tool_tracker/install/tool_tracker:/opt/ros/humble /usr/bin/cmake --install /home/zuhurouf/ros2_ws/tool_tracker/build/open_manipulator_x_description
[0.979s] DEBUG:colcon.colcon_core.event_handler.log_command:Invoked command in '/home/zuhurouf/ros2_ws/tool_tracker/build/zed_description' returned '0': CMAKE_PREFIX_PATH=${CMAKE_PREFIX_PATH}:/home/zuhurouf/ros2_ws/tool_tracker/install/tool_tracker:/opt/ros/humble /usr/bin/cmake /home/zuhurouf/ros2_ws/tool_tracker/src/external/zed-ros2-description -DAMENT_CMAKE_SYMLINK_INSTALL=1 -DCMAKE_INSTALL_PREFIX=/home/zuhurouf/ros2_ws/tool_tracker/install/zed_description
[0.981s] DEBUG:colcon.colcon_core.event_handler.log_command:Invoking command in '/home/zuhurouf/ros2_ws/tool_tracker/build/zed_description': CMAKE_PREFIX_PATH=${CMAKE_PREFIX_PATH}:/home/zuhurouf/ros2_ws/tool_tracker/install/tool_tracker:/opt/ros/humble /usr/bin/cmake --build /home/zuhurouf/ros2_ws/tool_tracker/build/zed_description -- -j12 -l12
[1.012s] DEBUG:colcon.colcon_core.event_handler.log_command:Invoked command in '/home/zuhurouf/ros2_ws/tool_tracker/build/zed_description' returned '0': CMAKE_PREFIX_PATH=${CMAKE_PREFIX_PATH}:/home/zuhurouf/ros2_ws/tool_tracker/install/tool_tracker:/opt/ros/humble /usr/bin/cmake --build /home/zuhurouf/ros2_ws/tool_tracker/build/zed_description -- -j12 -l12
[1.014s] DEBUG:colcon.colcon_core.event_handler.log_command:Invoking command in '/home/zuhurouf/ros2_ws/tool_tracker/build/zed_description': CMAKE_PREFIX_PATH=${CMAKE_PREFIX_PATH}:/home/zuhurouf/ros2_ws/tool_tracker/install/tool_tracker:/opt/ros/humble /usr/bin/cmake --install /home/zuhurouf/ros2_ws/tool_tracker/build/zed_description
[1.194s] Level 1:colcon.colcon_core.environment:create_environment_scripts_only(open_manipulator_x_description)
[1.195s] DEBUG:colcon.colcon_core.event_handler.log_command:Invoked command in '/home/zuhurouf/ros2_ws/tool_tracker/build/open_manipulator_x_description' returned '0': CMAKE_PREFIX_PATH=${CMAKE_PREFIX_PATH}:/home/zuhurouf/ros2_ws/tool_tracker/install/tool_tracker:/opt/ros/humble /usr/bin/cmake --install /home/zuhurouf/ros2_ws/tool_tracker/build/open_manipulator_x_description
[1.197s] Level 1:colcon.colcon_core.environment:checking '/home/zuhurouf/ros2_ws/tool_tracker/install/open_manipulator_x_description' for CMake module files
[1.197s] Level 1:colcon.colcon_core.environment:checking '/home/zuhurouf/ros2_ws/tool_tracker/install/open_manipulator_x_description' for CMake config files
[1.198s] Level 1:colcon.colcon_core.shell:create_environment_hook('open_manipulator_x_description', 'cmake_prefix_path')
[1.198s] INFO:colcon.colcon_core.shell:Creating environment hook '/home/zuhurouf/ros2_ws/tool_tracker/install/open_manipulator_x_description/share/open_manipulator_x_description/hook/cmake_prefix_path.ps1'
[1.199s] INFO:colcon.colcon_core.shell:Creating environment descriptor '/home/zuhurouf/ros2_ws/tool_tracker/install/open_manipulator_x_description/share/open_manipulator_x_description/hook/cmake_prefix_path.dsv'
[1.199s] INFO:colcon.colcon_core.shell:Creating environment hook '/home/zuhurouf/ros2_ws/tool_tracker/install/open_manipulator_x_description/share/open_manipulator_x_description/hook/cmake_prefix_path.sh'
[1.200s] Level 1:colcon.colcon_core.environment:checking '/home/zuhurouf/ros2_ws/tool_tracker/install/open_manipulator_x_description/bin'
[1.200s] Level 1:colcon.colcon_core.environment:checking '/home/zuhurouf/ros2_ws/tool_tracker/install/open_manipulator_x_description/lib/pkgconfig/open_manipulator_x_description.pc'
[1.201s] Level 1:colcon.colcon_core.environment:checking '/home/zuhurouf/ros2_ws/tool_tracker/install/open_manipulator_x_description/lib/python3.10/site-packages'
[1.201s] Level 1:colcon.colcon_core.environment:checking '/home/zuhurouf/ros2_ws/tool_tracker/install/open_manipulator_x_description/bin'
[1.202s] INFO:colcon.colcon_core.shell:Creating package script '/home/zuhurouf/ros2_ws/tool_tracker/install/open_manipulator_x_description/share/open_manipulator_x_description/package.ps1'
[1.203s] INFO:colcon.colcon_core.shell:Creating package descriptor '/home/zuhurouf/ros2_ws/tool_tracker/install/open_manipulator_x_description/share/open_manipulator_x_description/package.dsv'
[1.204s] INFO:colcon.colcon_core.shell:Creating package script '/home/zuhurouf/ros2_ws/tool_tracker/install/open_manipulator_x_description/share/open_manipulator_x_description/package.sh'
[1.204s] INFO:colcon.colcon_core.shell:Creating package script '/home/zuhurouf/ros2_ws/tool_tracker/install/open_manipulator_x_description/share/open_manipulator_x_description/package.bash'
[1.205s] INFO:colcon.colcon_core.shell:Creating package script '/home/zuhurouf/ros2_ws/tool_tracker/install/open_manipulator_x_description/share/open_manipulator_x_description/package.zsh'
[1.206s] Level 1:colcon.colcon_core.environment:create_file_with_runtime_dependencies(/home/zuhurouf/ros2_ws/tool_tracker/install/open_manipulator_x_description/share/colcon-core/packages/open_manipulator_x_description)
[1.207s] Level 1:colcon.colcon_core.environment:create_environment_scripts_only(open_manipulator_x_description)
[1.207s] Level 1:colcon.colcon_core.environment:checking '/home/zuhurouf/ros2_ws/tool_tracker/install/open_manipulator_x_description' for CMake module files
[1.208s] Level 1:colcon.colcon_core.environment:checking '/home/zuhurouf/ros2_ws/tool_tracker/install/open_manipulator_x_description' for CMake config files
[1.208s] Level 1:colcon.colcon_core.shell:create_environment_hook('open_manipulator_x_description', 'cmake_prefix_path')
[1.208s] INFO:colcon.colcon_core.shell:Creating environment hook '/home/zuhurouf/ros2_ws/tool_tracker/install/open_manipulator_x_description/share/open_manipulator_x_description/hook/cmake_prefix_path.ps1'
[1.209s] INFO:colcon.colcon_core.shell:Creating environment descriptor '/home/zuhurouf/ros2_ws/tool_tracker/install/open_manipulator_x_description/share/open_manipulator_x_description/hook/cmake_prefix_path.dsv'
[1.209s] INFO:colcon.colcon_core.shell:Creating environment hook '/home/zuhurouf/ros2_ws/tool_tracker/install/open_manipulator_x_description/share/open_manipulator_x_description/hook/cmake_prefix_path.sh'
[1.210s] Level 1:colcon.colcon_core.environment:checking '/home/zuhurouf/ros2_ws/tool_tracker/install/open_manipulator_x_description/bin'
[1.210s] Level 1:colcon.colcon_core.environment:checking '/home/zuhurouf/ros2_ws/tool_tracker/install/open_manipulator_x_description/lib/pkgconfig/open_manipulator_x_description.pc'
[1.210s] Level 1:colcon.colcon_core.environment:checking '/home/zuhurouf/ros2_ws/tool_tracker/install/open_manipulator_x_description/lib/python3.10/site-packages'
[1.210s] Level 1:colcon.colcon_core.environment:checking '/home/zuhurouf/ros2_ws/tool_tracker/install/open_manipulator_x_description/bin'
[1.211s] INFO:colcon.colcon_core.shell:Creating package script '/home/zuhurouf/ros2_ws/tool_tracker/install/open_manipulator_x_description/share/open_manipulator_x_description/package.ps1'
[1.211s] INFO:colcon.colcon_core.shell:Creating package descriptor '/home/zuhurouf/ros2_ws/tool_tracker/install/open_manipulator_x_description/share/open_manipulator_x_description/package.dsv'
[1.212s] INFO:colcon.colcon_core.shell:Creating package script '/home/zuhurouf/ros2_ws/tool_tracker/install/open_manipulator_x_description/share/open_manipulator_x_description/package.sh'
[1.212s] INFO:colcon.colcon_core.shell:Creating package script '/home/zuhurouf/ros2_ws/tool_tracker/install/open_manipulator_x_description/share/open_manipulator_x_description/package.bash'
[1.213s] INFO:colcon.colcon_core.shell:Creating package script '/home/zuhurouf/ros2_ws/tool_tracker/install/open_manipulator_x_description/share/open_manipulator_x_description/package.zsh'
[1.213s] Level 1:colcon.colcon_core.environment:create_file_with_runtime_dependencies(/home/zuhurouf/ros2_ws/tool_tracker/install/open_manipulator_x_description/share/colcon-core/packages/open_manipulator_x_description)
[1.214s] INFO:colcon.colcon_ros.task.ament_cmake.build:Building ROS package in '/home/zuhurouf/ros2_ws/tool_tracker/src/external/open_manipulator/open_manipulator_x_bringup' with build type 'ament_cmake'
[1.214s] INFO:colcon.colcon_cmake.task.cmake.build:Building CMake package in '/home/zuhurouf/ros2_ws/tool_tracker/src/external/open_manipulator/open_manipulator_x_bringup'
[1.214s] INFO:colcon.colcon_core.shell:Skip shell extension 'powershell' for command environment: Not usable outside of PowerShell
[1.214s] DEBUG:colcon.colcon_core.shell:Skip shell extension 'dsv' for command environment
[1.219s] INFO:colcon.colcon_ros.task.ament_cmake.build:Building ROS package in '/home/zuhurouf/ros2_ws/tool_tracker/src/external/open_manipulator/open_manipulator_x_moveit_config' with build type 'ament_cmake'
[1.219s] INFO:colcon.colcon_cmake.task.cmake.build:Building CMake package in '/home/zuhurouf/ros2_ws/tool_tracker/src/external/open_manipulator/open_manipulator_x_moveit_config'
[1.220s] INFO:colcon.colcon_core.shell:Skip shell extension 'powershell' for command environment: Not usable outside of PowerShell
[1.220s] DEBUG:colcon.colcon_core.shell:Skip shell extension 'dsv' for command environment
[1.228s] DEBUG:colcon.colcon_core.event_handler.log_command:Invoking command in '/home/zuhurouf/ros2_ws/tool_tracker/build/open_manipulator_x_bringup': CMAKE_PREFIX_PATH=/home/zuhurouf/ros2_ws/tool_tracker/install/open_manipulator_x_description:/home/zuhurouf/ros2_ws/tool_tracker/install/zed_description:/home/zuhurouf/ros2_ws/tool_tracker/install/open_manipulator:/home/zuhurouf/ros2_ws/tool_tracker/install/open_manipulator_x_teleop:/home/zuhurouf/ros2_ws/tool_tracker/install/open_manipulator_x_playground:/home/zuhurouf/ros2_ws/tool_tracker/install/open_manipulator_x_moveit_config:/home/zuhurouf/ros2_ws/tool_tracker/install/open_manipulator_x_gui:/home/zuhurouf/ros2_ws/tool_tracker/install/open_manipulator_x_bringup:/home/zuhurouf/ros2_ws/tool_tracker/install/tool_tracker:/opt/ros/humble /usr/bin/cmake /home/zuhurouf/ros2_ws/tool_tracker/src/external/open_manipulator/open_manipulator_x_bringup -DAMENT_CMAKE_SYMLINK_INSTALL=1 -DCMAKE_INSTALL_PREFIX=/home/zuhurouf/ros2_ws/tool_tracker/install/open_manipulator_x_bringup
[1.231s] DEBUG:colcon.colcon_core.event_handler.log_command:Invoking command in '/home/zuhurouf/ros2_ws/tool_tracker/build/open_manipulator_x_moveit_config': CMAKE_PREFIX_PATH=/home/zuhurouf/ros2_ws/tool_tracker/install/open_manipulator_x_description:/home/zuhurouf/ros2_ws/tool_tracker/install/zed_description:/home/zuhurouf/ros2_ws/tool_tracker/install/open_manipulator:/home/zuhurouf/ros2_ws/tool_tracker/install/open_manipulator_x_teleop:/home/zuhurouf/ros2_ws/tool_tracker/install/open_manipulator_x_playground:/home/zuhurouf/ros2_ws/tool_tracker/install/open_manipulator_x_moveit_config:/home/zuhurouf/ros2_ws/tool_tracker/install/open_manipulator_x_gui:/home/zuhurouf/ros2_ws/tool_tracker/install/open_manipulator_x_bringup:/home/zuhurouf/ros2_ws/tool_tracker/install/tool_tracker:/opt/ros/humble /usr/bin/cmake /home/zuhurouf/ros2_ws/tool_tracker/src/external/open_manipulator/open_manipulator_x_moveit_config -DAMENT_CMAKE_SYMLINK_INSTALL=1 -DCMAKE_INSTALL_PREFIX=/home/zuhurouf/ros2_ws/tool_tracker/install/open_manipulator_x_moveit_config
[1.268s] Level 1:colcon.colcon_core.environment:create_environment_scripts_only(zed_description)
[1.268s] Level 1:colcon.colcon_core.environment:checking '/home/zuhurouf/ros2_ws/tool_tracker/install/zed_description' for CMake module files
[1.269s] DEBUG:colcon.colcon_core.event_handler.log_command:Invoked command in '/home/zuhurouf/ros2_ws/tool_tracker/build/zed_description' returned '0': CMAKE_PREFIX_PATH=${CMAKE_PREFIX_PATH}:/home/zuhurouf/ros2_ws/tool_tracker/install/tool_tracker:/opt/ros/humble /usr/bin/cmake --install /home/zuhurouf/ros2_ws/tool_tracker/build/zed_description
[1.269s] Level 1:colcon.colcon_core.environment:checking '/home/zuhurouf/ros2_ws/tool_tracker/install/zed_description' for CMake config files
[1.269s] Level 1:colcon.colcon_core.shell:create_environment_hook('zed_description', 'cmake_prefix_path')
[1.270s] INFO:colcon.colcon_core.shell:Creating environment hook '/home/zuhurouf/ros2_ws/tool_tracker/install/zed_description/share/zed_description/hook/cmake_prefix_path.ps1'
[1.270s] INFO:colcon.colcon_core.shell:Creating environment descriptor '/home/zuhurouf/ros2_ws/tool_tracker/install/zed_description/share/zed_description/hook/cmake_prefix_path.dsv'
[1.271s] INFO:colcon.colcon_core.shell:Creating environment hook '/home/zuhurouf/ros2_ws/tool_tracker/install/zed_description/share/zed_description/hook/cmake_prefix_path.sh'
[1.271s] Level 1:colcon.colcon_core.environment:checking '/home/zuhurouf/ros2_ws/tool_tracker/install/zed_description/bin'
[1.271s] Level 1:colcon.colcon_core.environment:checking '/home/zuhurouf/ros2_ws/tool_tracker/install/zed_description/lib/pkgconfig/zed_description.pc'
[1.272s] Level 1:colcon.colcon_core.environment:checking '/home/zuhurouf/ros2_ws/tool_tracker/install/zed_description/lib/python3.10/site-packages'
[1.272s] Level 1:colcon.colcon_core.environment:checking '/home/zuhurouf/ros2_ws/tool_tracker/install/zed_description/bin'
[1.273s] INFO:colcon.colcon_core.shell:Creating package script '/home/zuhurouf/ros2_ws/tool_tracker/install/zed_description/share/zed_description/package.ps1'
[1.273s] INFO:colcon.colcon_core.shell:Creating package descriptor '/home/zuhurouf/ros2_ws/tool_tracker/install/zed_description/share/zed_description/package.dsv'
[1.274s] INFO:colcon.colcon_core.shell:Creating package script '/home/zuhurouf/ros2_ws/tool_tracker/install/zed_description/share/zed_description/package.sh'
[1.274s] INFO:colcon.colcon_core.shell:Creating package script '/home/zuhurouf/ros2_ws/tool_tracker/install/zed_description/share/zed_description/package.bash'
[1.274s] INFO:colcon.colcon_core.shell:Creating package script '/home/zuhurouf/ros2_ws/tool_tracker/install/zed_description/share/zed_description/package.zsh'
[1.274s] Level 1:colcon.colcon_core.environment:create_file_with_runtime_dependencies(/home/zuhurouf/ros2_ws/tool_tracker/install/zed_description/share/colcon-core/packages/zed_description)
[1.276s] Level 1:colcon.colcon_core.environment:create_environment_scripts_only(zed_description)
[1.276s] Level 1:colcon.colcon_core.environment:checking '/home/zuhurouf/ros2_ws/tool_tracker/install/zed_description' for CMake module files
[1.276s] Level 1:colcon.colcon_core.environment:checking '/home/zuhurouf/ros2_ws/tool_tracker/install/zed_description' for CMake config files
[1.277s] Level 1:colcon.colcon_core.shell:create_environment_hook('zed_description', 'cmake_prefix_path')
[1.277s] INFO:colcon.colcon_core.shell:Creating environment hook '/home/zuhurouf/ros2_ws/tool_tracker/install/zed_description/share/zed_description/hook/cmake_prefix_path.ps1'
[1.278s] INFO:colcon.colcon_core.shell:Creating environment descriptor '/home/zuhurouf/ros2_ws/tool_tracker/install/zed_description/share/zed_description/hook/cmake_prefix_path.dsv'
[1.278s] INFO:colcon.colcon_core.shell:Creating environment hook '/home/zuhurouf/ros2_ws/tool_tracker/install/zed_description/share/zed_description/hook/cmake_prefix_path.sh'
[1.279s] Level 1:colcon.colcon_core.environment:checking '/home/zuhurouf/ros2_ws/tool_tracker/install/zed_description/bin'
[1.280s] Level 1:colcon.colcon_core.environment:checking '/home/zuhurouf/ros2_ws/tool_tracker/install/zed_description/lib/pkgconfig/zed_description.pc'
[1.280s] Level 1:colcon.colcon_core.environment:checking '/home/zuhurouf/ros2_ws/tool_tracker/install/zed_description/lib/python3.10/site-packages'
[1.280s] Level 1:colcon.colcon_core.environment:checking '/home/zuhurouf/ros2_ws/tool_tracker/install/zed_description/bin'
[1.280s] INFO:colcon.colcon_core.shell:Creating package script '/home/zuhurouf/ros2_ws/tool_tracker/install/zed_description/share/zed_description/package.ps1'
[1.281s] INFO:colcon.colcon_core.shell:Creating package descriptor '/home/zuhurouf/ros2_ws/tool_tracker/install/zed_description/share/zed_description/package.dsv'
[1.282s] INFO:colcon.colcon_core.shell:Creating package script '/home/zuhurouf/ros2_ws/tool_tracker/install/zed_description/share/zed_description/package.sh'
[1.283s] INFO:colcon.colcon_core.shell:Creating package script '/home/zuhurouf/ros2_ws/tool_tracker/install/zed_description/share/zed_description/package.bash'
[1.284s] INFO:colcon.colcon_core.shell:Creating package script '/home/zuhurouf/ros2_ws/tool_tracker/install/zed_description/share/zed_description/package.zsh'
[1.284s] Level 1:colcon.colcon_core.environment:create_file_with_runtime_dependencies(/home/zuhurouf/ros2_ws/tool_tracker/install/zed_description/share/colcon-core/packages/zed_description)
[1.284s] INFO:colcon.colcon_ros.task.ament_python.build:Building ROS package in '/home/zuhurouf/ros2_ws/tool_tracker/src/tool_tracker' with build type 'ament_python'
[1.285s] Level 1:colcon.colcon_core.shell:create_environment_hook('tool_tracker', 'ament_prefix_path')
[1.285s] INFO:colcon.colcon_core.shell:Creating environment hook '/home/zuhurouf/ros2_ws/tool_tracker/install/tool_tracker/share/tool_tracker/hook/ament_prefix_path.ps1'
[1.286s] INFO:colcon.colcon_core.shell:Creating environment descriptor '/home/zuhurouf/ros2_ws/tool_tracker/install/tool_tracker/share/tool_tracker/hook/ament_prefix_path.dsv'
[1.287s] INFO:colcon.colcon_core.shell:Creating environment hook '/home/zuhurouf/ros2_ws/tool_tracker/install/tool_tracker/share/tool_tracker/hook/ament_prefix_path.sh'
[1.288s] INFO:colcon.colcon_core.shell:Skip shell extension 'powershell' for command environment: Not usable outside of PowerShell
[1.288s] DEBUG:colcon.colcon_core.shell:Skip shell extension 'dsv' for command environment
[1.641s] INFO:colcon.colcon_core.task.python.build:Building Python package in '/home/zuhurouf/ros2_ws/tool_tracker/src/tool_tracker'
[1.642s] INFO:colcon.colcon_core.shell:Skip shell extension 'powershell' for command environment: Not usable outside of PowerShell
[1.642s] DEBUG:colcon.colcon_core.shell:Skip shell extension 'dsv' for command environment
[1.954s] DEBUG:colcon.colcon_core.event_handler.log_command:Invoked command in '/home/zuhurouf/ros2_ws/tool_tracker/build/open_manipulator_x_bringup' returned '0': CMAKE_PREFIX_PATH=/home/zuhurouf/ros2_ws/tool_tracker/install/open_manipulator_x_description:/home/zuhurouf/ros2_ws/tool_tracker/install/zed_description:/home/zuhurouf/ros2_ws/tool_tracker/install/open_manipulator:/home/zuhurouf/ros2_ws/tool_tracker/install/open_manipulator_x_teleop:/home/zuhurouf/ros2_ws/tool_tracker/install/open_manipulator_x_playground:/home/zuhurouf/ros2_ws/tool_tracker/install/open_manipulator_x_moveit_config:/home/zuhurouf/ros2_ws/tool_tracker/install/open_manipulator_x_gui:/home/zuhurouf/ros2_ws/tool_tracker/install/open_manipulator_x_bringup:/home/zuhurouf/ros2_ws/tool_tracker/install/tool_tracker:/opt/ros/humble /usr/bin/cmake /home/zuhurouf/ros2_ws/tool_tracker/src/external/open_manipulator/open_manipulator_x_bringup -DAMENT_CMAKE_SYMLINK_INSTALL=1 -DCMAKE_INSTALL_PREFIX=/home/zuhurouf/ros2_ws/tool_tracker/install/open_manipulator_x_bringup
[1.956s] DEBUG:colcon.colcon_core.event_handler.log_command:Invoking command in '/home/zuhurouf/ros2_ws/tool_tracker/build/open_manipulator_x_bringup': CMAKE_PREFIX_PATH=/home/zuhurouf/ros2_ws/tool_tracker/install/open_manipulator_x_description:/home/zuhurouf/ros2_ws/tool_tracker/install/zed_description:/home/zuhurouf/ros2_ws/tool_tracker/install/open_manipulator:/home/zuhurouf/ros2_ws/tool_tracker/install/open_manipulator_x_teleop:/home/zuhurouf/ros2_ws/tool_tracker/install/open_manipulator_x_playground:/home/zuhurouf/ros2_ws/tool_tracker/install/open_manipulator_x_moveit_config:/home/zuhurouf/ros2_ws/tool_tracker/install/open_manipulator_x_gui:/home/zuhurouf/ros2_ws/tool_tracker/install/open_manipulator_x_bringup:/home/zuhurouf/ros2_ws/tool_tracker/install/tool_tracker:/opt/ros/humble /usr/bin/cmake --build /home/zuhurouf/ros2_ws/tool_tracker/build/open_manipulator_x_bringup -- -j12 -l12
[1.957s] DEBUG:colcon.colcon_core.event_handler.log_command:Invoked command in '/home/zuhurouf/ros2_ws/tool_tracker/build/open_manipulator_x_moveit_config' returned '0': CMAKE_PREFIX_PATH=/home/zuhurouf/ros2_ws/tool_tracker/install/open_manipulator_x_description:/home/zuhurouf/ros2_ws/tool_tracker/install/zed_description:/home/zuhurouf/ros2_ws/tool_tracker/install/open_manipulator:/home/zuhurouf/ros2_ws/tool_tracker/install/open_manipulator_x_teleop:/home/zuhurouf/ros2_ws/tool_tracker/install/open_manipulator_x_playground:/home/zuhurouf/ros2_ws/tool_tracker/install/open_manipulator_x_moveit_config:/home/zuhurouf/ros2_ws/tool_tracker/install/open_manipulator_x_gui:/home/zuhurouf/ros2_ws/tool_tracker/install/open_manipulator_x_bringup:/home/zuhurouf/ros2_ws/tool_tracker/install/tool_tracker:/opt/ros/humble /usr/bin/cmake /home/zuhurouf/ros2_ws/tool_tracker/src/external/open_manipulator/open_manipulator_x_moveit_config -DAMENT_CMAKE_SYMLINK_INSTALL=1 -DCMAKE_INSTALL_PREFIX=/home/zuhurouf/ros2_ws/tool_tracker/install/open_manipulator_x_moveit_config
[1.958s] DEBUG:colcon.colcon_core.event_handler.log_command:Invoking command in '/home/zuhurouf/ros2_ws/tool_tracker/build/open_manipulator_x_moveit_config': CMAKE_PREFIX_PATH=/home/zuhurouf/ros2_ws/tool_tracker/install/open_manipulator_x_description:/home/zuhurouf/ros2_ws/tool_tracker/install/zed_description:/home/zuhurouf/ros2_ws/tool_tracker/install/open_manipulator:/home/zuhurouf/ros2_ws/tool_tracker/install/open_manipulator_x_teleop:/home/zuhurouf/ros2_ws/tool_tracker/install/open_manipulator_x_playground:/home/zuhurouf/ros2_ws/tool_tracker/install/open_manipulator_x_moveit_config:/home/zuhurouf/ros2_ws/tool_tracker/install/open_manipulator_x_gui:/home/zuhurouf/ros2_ws/tool_tracker/install/open_manipulator_x_bringup:/home/zuhurouf/ros2_ws/tool_tracker/install/tool_tracker:/opt/ros/humble /usr/bin/cmake --build /home/zuhurouf/ros2_ws/tool_tracker/build/open_manipulator_x_moveit_config -- -j12 -l12
[1.995s] DEBUG:colcon.colcon_core.event_handler.log_command:Invoked command in '/home/zuhurouf/ros2_ws/tool_tracker/build/open_manipulator_x_moveit_config' returned '0': CMAKE_PREFIX_PATH=/home/zuhurouf/ros2_ws/tool_tracker/install/open_manipulator_x_description:/home/zuhurouf/ros2_ws/tool_tracker/install/zed_description:/home/zuhurouf/ros2_ws/tool_tracker/install/open_manipulator:/home/zuhurouf/ros2_ws/tool_tracker/install/open_manipulator_x_teleop:/home/zuhurouf/ros2_ws/tool_tracker/install/open_manipulator_x_playground:/home/zuhurouf/ros2_ws/tool_tracker/install/open_manipulator_x_moveit_config:/home/zuhurouf/ros2_ws/tool_tracker/install/open_manipulator_x_gui:/home/zuhurouf/ros2_ws/tool_tracker/install/open_manipulator_x_bringup:/home/zuhurouf/ros2_ws/tool_tracker/install/tool_tracker:/opt/ros/humble /usr/bin/cmake --build /home/zuhurouf/ros2_ws/tool_tracker/build/open_manipulator_x_moveit_config -- -j12 -l12
[1.996s] DEBUG:colcon.colcon_core.event_handler.log_command:Invoking command in '/home/zuhurouf/ros2_ws/tool_tracker/build/open_manipulator_x_moveit_config': CMAKE_PREFIX_PATH=/home/zuhurouf/ros2_ws/tool_tracker/install/open_manipulator_x_description:/home/zuhurouf/ros2_ws/tool_tracker/install/zed_description:/home/zuhurouf/ros2_ws/tool_tracker/install/open_manipulator:/home/zuhurouf/ros2_ws/tool_tracker/install/open_manipulator_x_teleop:/home/zuhurouf/ros2_ws/tool_tracker/install/open_manipulator_x_playground:/home/zuhurouf/ros2_ws/tool_tracker/install/open_manipulator_x_moveit_config:/home/zuhurouf/ros2_ws/tool_tracker/install/open_manipulator_x_gui:/home/zuhurouf/ros2_ws/tool_tracker/install/open_manipulator_x_bringup:/home/zuhurouf/ros2_ws/tool_tracker/install/tool_tracker:/opt/ros/humble /usr/bin/cmake --install /home/zuhurouf/ros2_ws/tool_tracker/build/open_manipulator_x_moveit_config
[1.997s] DEBUG:colcon.colcon_core.event_handler.log_command:Invoked command in '/home/zuhurouf/ros2_ws/tool_tracker/build/open_manipulator_x_bringup' returned '0': CMAKE_PREFIX_PATH=/home/zuhurouf/ros2_ws/tool_tracker/install/open_manipulator_x_description:/home/zuhurouf/ros2_ws/tool_tracker/install/zed_description:/home/zuhurouf/ros2_ws/tool_tracker/install/open_manipulator:/home/zuhurouf/ros2_ws/tool_tracker/install/open_manipulator_x_teleop:/home/zuhurouf/ros2_ws/tool_tracker/install/open_manipulator_x_playground:/home/zuhurouf/ros2_ws/tool_tracker/install/open_manipulator_x_moveit_config:/home/zuhurouf/ros2_ws/tool_tracker/install/open_manipulator_x_gui:/home/zuhurouf/ros2_ws/tool_tracker/install/open_manipulator_x_bringup:/home/zuhurouf/ros2_ws/tool_tracker/install/tool_tracker:/opt/ros/humble /usr/bin/cmake --build /home/zuhurouf/ros2_ws/tool_tracker/build/open_manipulator_x_bringup -- -j12 -l12
[1.999s] DEBUG:colcon.colcon_core.event_handler.log_command:Invoking command in '/home/zuhurouf/ros2_ws/tool_tracker/build/open_manipulator_x_bringup': CMAKE_PREFIX_PATH=/home/zuhurouf/ros2_ws/tool_tracker/install/open_manipulator_x_description:/home/zuhurouf/ros2_ws/tool_tracker/install/zed_description:/home/zuhurouf/ros2_ws/tool_tracker/install/open_manipulator:/home/zuhurouf/ros2_ws/tool_tracker/install/open_manipulator_x_teleop:/home/zuhurouf/ros2_ws/tool_tracker/install/open_manipulator_x_playground:/home/zuhurouf/ros2_ws/tool_tracker/install/open_manipulator_x_moveit_config:/home/zuhurouf/ros2_ws/tool_tracker/install/open_manipulator_x_gui:/home/zuhurouf/ros2_ws/tool_tracker/install/open_manipulator_x_bringup:/home/zuhurouf/ros2_ws/tool_tracker/install/tool_tracker:/opt/ros/humble /usr/bin/cmake --install /home/zuhurouf/ros2_ws/tool_tracker/build/open_manipulator_x_bringup
[2.142s] DEBUG:colcon.colcon_core.task.python.build:Available setuptools commands: test, symlink_data, extract_messages, install_data, bdist, install_egg_info, build_clib, dist_info, install_lib, build_scripts, build_py, setopt, nosetests, saveopts, install_scripts, bdist_dumb, alias, bdist_rpm, bdist_wheel, rotate, upload, register, develop, build_ext, egg_info, check, update_catalog, compile_catalog, easy_install, bdist_egg, clean, install, install_headers, init_catalog, upload_docs, sdist, build
[2.169s] DEBUG:colcon.colcon_core.event_handler.log_command:Invoked command in '/home/zuhurouf/ros2_ws/tool_tracker/build/open_manipulator_x_playground' returned '0': CMAKE_PREFIX_PATH=${CMAKE_PREFIX_PATH}:/home/zuhurouf/ros2_ws/tool_tracker/install/tool_tracker:/opt/ros/humble /usr/bin/cmake /home/zuhurouf/ros2_ws/tool_tracker/src/external/open_manipulator/open_manipulator_x_playground -DAMENT_CMAKE_SYMLINK_INSTALL=1 -DCMAKE_INSTALL_PREFIX=/home/zuhurouf/ros2_ws/tool_tracker/install/open_manipulator_x_playground
[2.171s] DEBUG:colcon.colcon_core.event_handler.log_command:Invoking command in '/home/zuhurouf/ros2_ws/tool_tracker/build/open_manipulator_x_playground': CMAKE_PREFIX_PATH=${CMAKE_PREFIX_PATH}:/home/zuhurouf/ros2_ws/tool_tracker/install/tool_tracker:/opt/ros/humble /usr/bin/cmake --build /home/zuhurouf/ros2_ws/tool_tracker/build/open_manipulator_x_playground -- -j12 -l12
[2.234s] Level 1:colcon.colcon_core.environment:create_environment_scripts_only(open_manipulator_x_bringup)
[2.235s] Level 1:colcon.colcon_core.environment:checking '/home/zuhurouf/ros2_ws/tool_tracker/install/open_manipulator_x_bringup' for CMake module files
[2.236s] Level 1:colcon.colcon_core.environment:checking '/home/zuhurouf/ros2_ws/tool_tracker/install/open_manipulator_x_bringup' for CMake config files
[2.236s] Level 1:colcon.colcon_core.shell:create_environment_hook('open_manipulator_x_bringup', 'cmake_prefix_path')
[2.237s] INFO:colcon.colcon_core.shell:Creating environment hook '/home/zuhurouf/ros2_ws/tool_tracker/install/open_manipulator_x_bringup/share/open_manipulator_x_bringup/hook/cmake_prefix_path.ps1'
[2.240s] DEBUG:colcon.colcon_core.event_handler.log_command:Invoked command in '/home/zuhurouf/ros2_ws/tool_tracker/build/open_manipulator_x_bringup' returned '0': CMAKE_PREFIX_PATH=/home/zuhurouf/ros2_ws/tool_tracker/install/open_manipulator_x_description:/home/zuhurouf/ros2_ws/tool_tracker/install/zed_description:/home/zuhurouf/ros2_ws/tool_tracker/install/open_manipulator:/home/zuhurouf/ros2_ws/tool_tracker/install/open_manipulator_x_teleop:/home/zuhurouf/ros2_ws/tool_tracker/install/open_manipulator_x_playground:/home/zuhurouf/ros2_ws/tool_tracker/install/open_manipulator_x_moveit_config:/home/zuhurouf/ros2_ws/tool_tracker/install/open_manipulator_x_gui:/home/zuhurouf/ros2_ws/tool_tracker/install/open_manipulator_x_bringup:/home/zuhurouf/ros2_ws/tool_tracker/install/tool_tracker:/opt/ros/humble /usr/bin/cmake --install /home/zuhurouf/ros2_ws/tool_tracker/build/open_manipulator_x_bringup
[2.241s] INFO:colcon.colcon_core.shell:Creating environment descriptor '/home/zuhurouf/ros2_ws/tool_tracker/install/open_manipulator_x_bringup/share/open_manipulator_x_bringup/hook/cmake_prefix_path.dsv'
[2.241s] INFO:colcon.colcon_core.shell:Creating environment hook '/home/zuhurouf/ros2_ws/tool_tracker/install/open_manipulator_x_bringup/share/open_manipulator_x_bringup/hook/cmake_prefix_path.sh'
[2.242s] Level 1:colcon.colcon_core.environment:checking '/home/zuhurouf/ros2_ws/tool_tracker/install/open_manipulator_x_bringup/lib'
[2.242s] Level 1:colcon.colcon_core.environment:checking '/home/zuhurouf/ros2_ws/tool_tracker/install/open_manipulator_x_bringup/bin'
[2.242s] Level 1:colcon.colcon_core.environment:checking '/home/zuhurouf/ros2_ws/tool_tracker/install/open_manipulator_x_bringup/lib/pkgconfig/open_manipulator_x_bringup.pc'
[2.243s] Level 1:colcon.colcon_core.environment:checking '/home/zuhurouf/ros2_ws/tool_tracker/install/open_manipulator_x_bringup/lib/python3.10/site-packages'
[2.243s] Level 1:colcon.colcon_core.environment:checking '/home/zuhurouf/ros2_ws/tool_tracker/install/open_manipulator_x_bringup/bin'
[2.244s] INFO:colcon.colcon_core.shell:Creating package script '/home/zuhurouf/ros2_ws/tool_tracker/install/open_manipulator_x_bringup/share/open_manipulator_x_bringup/package.ps1'
[2.247s] INFO:colcon.colcon_core.shell:Creating package descriptor '/home/zuhurouf/ros2_ws/tool_tracker/install/open_manipulator_x_bringup/share/open_manipulator_x_bringup/package.dsv'
[2.247s] INFO:colcon.colcon_core.shell:Creating package script '/home/zuhurouf/ros2_ws/tool_tracker/install/open_manipulator_x_bringup/share/open_manipulator_x_bringup/package.sh'
[2.248s] INFO:colcon.colcon_core.shell:Creating package script '/home/zuhurouf/ros2_ws/tool_tracker/install/open_manipulator_x_bringup/share/open_manipulator_x_bringup/package.bash'
[2.248s] INFO:colcon.colcon_core.shell:Creating package script '/home/zuhurouf/ros2_ws/tool_tracker/install/open_manipulator_x_bringup/share/open_manipulator_x_bringup/package.zsh'
[2.248s] Level 1:colcon.colcon_core.environment:create_file_with_runtime_dependencies(/home/zuhurouf/ros2_ws/tool_tracker/install/open_manipulator_x_bringup/share/colcon-core/packages/open_manipulator_x_bringup)
[2.250s] Level 1:colcon.colcon_core.environment:create_environment_scripts_only(open_manipulator_x_bringup)
[2.250s] Level 1:colcon.colcon_core.environment:checking '/home/zuhurouf/ros2_ws/tool_tracker/install/open_manipulator_x_bringup' for CMake module files
[2.251s] Level 1:colcon.colcon_core.environment:checking '/home/zuhurouf/ros2_ws/tool_tracker/install/open_manipulator_x_bringup' for CMake config files
[2.251s] Level 1:colcon.colcon_core.shell:create_environment_hook('open_manipulator_x_bringup', 'cmake_prefix_path')
[2.252s] INFO:colcon.colcon_core.shell:Creating environment hook '/home/zuhurouf/ros2_ws/tool_tracker/install/open_manipulator_x_bringup/share/open_manipulator_x_bringup/hook/cmake_prefix_path.ps1'
[2.252s] INFO:colcon.colcon_core.shell:Creating environment descriptor '/home/zuhurouf/ros2_ws/tool_tracker/install/open_manipulator_x_bringup/share/open_manipulator_x_bringup/hook/cmake_prefix_path.dsv'
[2.253s] INFO:colcon.colcon_core.shell:Creating environment hook '/home/zuhurouf/ros2_ws/tool_tracker/install/open_manipulator_x_bringup/share/open_manipulator_x_bringup/hook/cmake_prefix_path.sh'
[2.253s] Level 1:colcon.colcon_core.environment:checking '/home/zuhurouf/ros2_ws/tool_tracker/install/open_manipulator_x_bringup/lib'
[2.253s] Level 1:colcon.colcon_core.environment:checking '/home/zuhurouf/ros2_ws/tool_tracker/install/open_manipulator_x_bringup/bin'
[2.253s] Level 1:colcon.colcon_core.environment:checking '/home/zuhurouf/ros2_ws/tool_tracker/install/open_manipulator_x_bringup/lib/pkgconfig/open_manipulator_x_bringup.pc'
[2.253s] Level 1:colcon.colcon_core.environment:checking '/home/zuhurouf/ros2_ws/tool_tracker/install/open_manipulator_x_bringup/lib/python3.10/site-packages'
[2.254s] Level 1:colcon.colcon_core.environment:checking '/home/zuhurouf/ros2_ws/tool_tracker/install/open_manipulator_x_bringup/bin'
[2.255s] INFO:colcon.colcon_core.shell:Creating package script '/home/zuhurouf/ros2_ws/tool_tracker/install/open_manipulator_x_bringup/share/open_manipulator_x_bringup/package.ps1'
[2.256s] INFO:colcon.colcon_core.shell:Creating package descriptor '/home/zuhurouf/ros2_ws/tool_tracker/install/open_manipulator_x_bringup/share/open_manipulator_x_bringup/package.dsv'
[2.257s] INFO:colcon.colcon_core.shell:Creating package script '/home/zuhurouf/ros2_ws/tool_tracker/install/open_manipulator_x_bringup/share/open_manipulator_x_bringup/package.sh'
[2.257s] INFO:colcon.colcon_core.shell:Creating package script '/home/zuhurouf/ros2_ws/tool_tracker/install/open_manipulator_x_bringup/share/open_manipulator_x_bringup/package.bash'
[2.258s] INFO:colcon.colcon_core.shell:Creating package script '/home/zuhurouf/ros2_ws/tool_tracker/install/open_manipulator_x_bringup/share/open_manipulator_x_bringup/package.zsh'
[2.259s] Level 1:colcon.colcon_core.environment:create_file_with_runtime_dependencies(/home/zuhurouf/ros2_ws/tool_tracker/install/open_manipulator_x_bringup/share/colcon-core/packages/open_manipulator_x_bringup)
[2.260s] DEBUG:colcon.colcon_core.event_handler.log_command:Invoked command in '/home/zuhurouf/ros2_ws/tool_tracker/build/open_manipulator_x_gui' returned '0': CMAKE_PREFIX_PATH=${CMAKE_PREFIX_PATH}:/home/zuhurouf/ros2_ws/tool_tracker/install/tool_tracker:/opt/ros/humble /usr/bin/cmake /home/zuhurouf/ros2_ws/tool_tracker/src/external/open_manipulator/open_manipulator_x_gui -DAMENT_CMAKE_SYMLINK_INSTALL=1 -DCMAKE_INSTALL_PREFIX=/home/zuhurouf/ros2_ws/tool_tracker/install/open_manipulator_x_gui
[2.262s] DEBUG:colcon.colcon_core.event_handler.log_command:Invoking command in '/home/zuhurouf/ros2_ws/tool_tracker/build/open_manipulator_x_gui': CMAKE_PREFIX_PATH=${CMAKE_PREFIX_PATH}:/home/zuhurouf/ros2_ws/tool_tracker/install/tool_tracker:/opt/ros/humble /usr/bin/cmake --build /home/zuhurouf/ros2_ws/tool_tracker/build/open_manipulator_x_gui -- -j12 -l12
[2.446s] Level 1:colcon.colcon_core.environment:create_environment_scripts_only(open_manipulator_x_moveit_config)
[2.447s] Level 1:colcon.colcon_core.environment:checking '/home/zuhurouf/ros2_ws/tool_tracker/install/open_manipulator_x_moveit_config' for CMake module files
[2.448s] Level 1:colcon.colcon_core.environment:checking '/home/zuhurouf/ros2_ws/tool_tracker/install/open_manipulator_x_moveit_config' for CMake config files
[2.449s] DEBUG:colcon.colcon_core.event_handler.log_command:Invoked command in '/home/zuhurouf/ros2_ws/tool_tracker/build/open_manipulator_x_moveit_config' returned '0': CMAKE_PREFIX_PATH=/home/zuhurouf/ros2_ws/tool_tracker/install/open_manipulator_x_description:/home/zuhurouf/ros2_ws/tool_tracker/install/zed_description:/home/zuhurouf/ros2_ws/tool_tracker/install/open_manipulator:/home/zuhurouf/ros2_ws/tool_tracker/install/open_manipulator_x_teleop:/home/zuhurouf/ros2_ws/tool_tracker/install/open_manipulator_x_playground:/home/zuhurouf/ros2_ws/tool_tracker/install/open_manipulator_x_moveit_config:/home/zuhurouf/ros2_ws/tool_tracker/install/open_manipulator_x_gui:/home/zuhurouf/ros2_ws/tool_tracker/install/open_manipulator_x_bringup:/home/zuhurouf/ros2_ws/tool_tracker/install/tool_tracker:/opt/ros/humble /usr/bin/cmake --install /home/zuhurouf/ros2_ws/tool_tracker/build/open_manipulator_x_moveit_config
[2.450s] Level 1:colcon.colcon_core.shell:create_environment_hook('open_manipulator_x_moveit_config', 'cmake_prefix_path')
[2.450s] INFO:colcon.colcon_core.shell:Creating environment hook '/home/zuhurouf/ros2_ws/tool_tracker/install/open_manipulator_x_moveit_config/share/open_manipulator_x_moveit_config/hook/cmake_prefix_path.ps1'
[2.450s] INFO:colcon.colcon_core.shell:Creating environment descriptor '/home/zuhurouf/ros2_ws/tool_tracker/install/open_manipulator_x_moveit_config/share/open_manipulator_x_moveit_config/hook/cmake_prefix_path.dsv'
[2.451s] INFO:colcon.colcon_core.shell:Creating environment hook '/home/zuhurouf/ros2_ws/tool_tracker/install/open_manipulator_x_moveit_config/share/open_manipulator_x_moveit_config/hook/cmake_prefix_path.sh'
[2.456s] Level 1:colcon.colcon_core.environment:checking '/home/zuhurouf/ros2_ws/tool_tracker/install/open_manipulator_x_moveit_config/bin'
[2.456s] Level 1:colcon.colcon_core.environment:checking '/home/zuhurouf/ros2_ws/tool_tracker/install/open_manipulator_x_moveit_config/lib/pkgconfig/open_manipulator_x_moveit_config.pc'
[2.456s] Level 1:colcon.colcon_core.environment:checking '/home/zuhurouf/ros2_ws/tool_tracker/install/open_manipulator_x_moveit_config/lib/python3.10/site-packages'
[2.457s] Level 1:colcon.colcon_core.environment:checking '/home/zuhurouf/ros2_ws/tool_tracker/install/open_manipulator_x_moveit_config/bin'
[2.457s] INFO:colcon.colcon_core.shell:Creating package script '/home/zuhurouf/ros2_ws/tool_tracker/install/open_manipulator_x_moveit_config/share/open_manipulator_x_moveit_config/package.ps1'
[2.462s] INFO:colcon.colcon_core.shell:Creating package descriptor '/home/zuhurouf/ros2_ws/tool_tracker/install/open_manipulator_x_moveit_config/share/open_manipulator_x_moveit_config/package.dsv'
[2.463s] INFO:colcon.colcon_core.shell:Creating package script '/home/zuhurouf/ros2_ws/tool_tracker/install/open_manipulator_x_moveit_config/share/open_manipulator_x_moveit_config/package.sh'
[2.464s] INFO:colcon.colcon_core.shell:Creating package script '/home/zuhurouf/ros2_ws/tool_tracker/install/open_manipulator_x_moveit_config/share/open_manipulator_x_moveit_config/package.bash'
[2.464s] INFO:colcon.colcon_core.shell:Creating package script '/home/zuhurouf/ros2_ws/tool_tracker/install/open_manipulator_x_moveit_config/share/open_manipulator_x_moveit_config/package.zsh'
[2.464s] Level 1:colcon.colcon_core.environment:create_file_with_runtime_dependencies(/home/zuhurouf/ros2_ws/tool_tracker/install/open_manipulator_x_moveit_config/share/colcon-core/packages/open_manipulator_x_moveit_config)
[2.465s] Level 1:colcon.colcon_core.environment:create_environment_scripts_only(open_manipulator_x_moveit_config)
[2.466s] Level 1:colcon.colcon_core.environment:checking '/home/zuhurouf/ros2_ws/tool_tracker/install/open_manipulator_x_moveit_config' for CMake module files
[2.467s] Level 1:colcon.colcon_core.environment:checking '/home/zuhurouf/ros2_ws/tool_tracker/install/open_manipulator_x_moveit_config' for CMake config files
[2.470s] Level 1:colcon.colcon_core.shell:create_environment_hook('open_manipulator_x_moveit_config', 'cmake_prefix_path')
[2.470s] INFO:colcon.colcon_core.shell:Creating environment hook '/home/zuhurouf/ros2_ws/tool_tracker/install/open_manipulator_x_moveit_config/share/open_manipulator_x_moveit_config/hook/cmake_prefix_path.ps1'
[2.471s] INFO:colcon.colcon_core.shell:Creating environment descriptor '/home/zuhurouf/ros2_ws/tool_tracker/install/open_manipulator_x_moveit_config/share/open_manipulator_x_moveit_config/hook/cmake_prefix_path.dsv'
[2.472s] INFO:colcon.colcon_core.shell:Creating environment hook '/home/zuhurouf/ros2_ws/tool_tracker/install/open_manipulator_x_moveit_config/share/open_manipulator_x_moveit_config/hook/cmake_prefix_path.sh'
[2.473s] Level 1:colcon.colcon_core.environment:checking '/home/zuhurouf/ros2_ws/tool_tracker/install/open_manipulator_x_moveit_config/bin'
[2.473s] Level 1:colcon.colcon_core.environment:checking '/home/zuhurouf/ros2_ws/tool_tracker/install/open_manipulator_x_moveit_config/lib/pkgconfig/open_manipulator_x_moveit_config.pc'
[2.474s] Level 1:colcon.colcon_core.environment:checking '/home/zuhurouf/ros2_ws/tool_tracker/install/open_manipulator_x_moveit_config/lib/python3.10/site-packages'
[2.475s] Level 1:colcon.colcon_core.environment:checking '/home/zuhurouf/ros2_ws/tool_tracker/install/open_manipulator_x_moveit_config/bin'
[2.475s] INFO:colcon.colcon_core.shell:Creating package script '/home/zuhurouf/ros2_ws/tool_tracker/install/open_manipulator_x_moveit_config/share/open_manipulator_x_moveit_config/package.ps1'
[2.477s] INFO:colcon.colcon_core.shell:Creating package descriptor '/home/zuhurouf/ros2_ws/tool_tracker/install/open_manipulator_x_moveit_config/share/open_manipulator_x_moveit_config/package.dsv'
[2.479s] INFO:colcon.colcon_core.shell:Creating package script '/home/zuhurouf/ros2_ws/tool_tracker/install/open_manipulator_x_moveit_config/share/open_manipulator_x_moveit_config/package.sh'
[2.480s] INFO:colcon.colcon_core.shell:Creating package script '/home/zuhurouf/ros2_ws/tool_tracker/install/open_manipulator_x_moveit_config/share/open_manipulator_x_moveit_config/package.bash'
[2.484s] INFO:colcon.colcon_core.shell:Creating package script '/home/zuhurouf/ros2_ws/tool_tracker/install/open_manipulator_x_moveit_config/share/open_manipulator_x_moveit_config/package.zsh'
[2.485s] Level 1:colcon.colcon_core.environment:create_file_with_runtime_dependencies(/home/zuhurouf/ros2_ws/tool_tracker/install/open_manipulator_x_moveit_config/share/colcon-core/packages/open_manipulator_x_moveit_config)
[2.486s] INFO:colcon.colcon_ros.task.ament_cmake.build:Building ROS package in '/home/zuhurouf/ros2_ws/tool_tracker/src/external/open_manipulator/open_manipulator_x_teleop' with build type 'ament_cmake'
[2.486s] INFO:colcon.colcon_cmake.task.cmake.build:Building CMake package in '/home/zuhurouf/ros2_ws/tool_tracker/src/external/open_manipulator/open_manipulator_x_teleop'
[2.486s] INFO:colcon.colcon_core.shell:Skip shell extension 'powershell' for command environment: Not usable outside of PowerShell
[2.486s] DEBUG:colcon.colcon_core.shell:Skip shell extension 'dsv' for command environment
[2.524s] DEBUG:colcon.colcon_core.event_handler.log_command:Invoking command in '/home/zuhurouf/ros2_ws/tool_tracker/build/open_manipulator_x_teleop': CMAKE_PREFIX_PATH=/home/zuhurouf/ros2_ws/tool_tracker/install/open_manipulator_x_moveit_config:/home/zuhurouf/ros2_ws/tool_tracker/install/open_manipulator_x_bringup:/home/zuhurouf/ros2_ws/tool_tracker/install/open_manipulator_x_description:/home/zuhurouf/ros2_ws/tool_tracker/install/zed_description:/home/zuhurouf/ros2_ws/tool_tracker/install/open_manipulator:/home/zuhurouf/ros2_ws/tool_tracker/install/open_manipulator_x_teleop:/home/zuhurouf/ros2_ws/tool_tracker/install/open_manipulator_x_playground:/home/zuhurouf/ros2_ws/tool_tracker/install/open_manipulator_x_gui:/home/zuhurouf/ros2_ws/tool_tracker/install/tool_tracker:/opt/ros/humble /usr/bin/cmake /home/zuhurouf/ros2_ws/tool_tracker/src/external/open_manipulator/open_manipulator_x_teleop -DAMENT_CMAKE_SYMLINK_INSTALL=1 -DCMAKE_INSTALL_PREFIX=/home/zuhurouf/ros2_ws/tool_tracker/install/open_manipulator_x_teleop
[2.770s] DEBUG:colcon.colcon_core.task.python.build:Available setuptools 'develop' options: --no-user-cfg, --install-dir, --index-url, --version, --optimize, --exclude-scripts, --prefix, --zip-ok, --site-dirs, --uninstall, --user, --dry-run, --always-unzip, --install-layout, --script-dir, --quiet, --upgrade, --force-installation-into-system-dir, --always-copy, --local-snapshots-ok, --help, --no-deps, --build-directory, --egg-path, --find-links, --no-find-links, --multi-version, --verbose, --allow-hosts, --record, --editable
[2.773s] DEBUG:colcon.colcon_core.event_handler.log_command:Invoking command in '/home/zuhurouf/ros2_ws/tool_tracker/build/tool_tracker': CMAKE_PREFIX_PATH=/home/zuhurouf/ros2_ws/tool_tracker/install/zed_description:/home/zuhurouf/ros2_ws/tool_tracker/install/open_manipulator_x_description:/home/zuhurouf/ros2_ws/tool_tracker/install/open_manipulator:/home/zuhurouf/ros2_ws/tool_tracker/install/open_manipulator_x_teleop:/home/zuhurouf/ros2_ws/tool_tracker/install/open_manipulator_x_playground:/home/zuhurouf/ros2_ws/tool_tracker/install/open_manipulator_x_moveit_config:/home/zuhurouf/ros2_ws/tool_tracker/install/open_manipulator_x_gui:/home/zuhurouf/ros2_ws/tool_tracker/install/open_manipulator_x_bringup PYTHONPATH=/home/zuhurouf/ros2_ws/tool_tracker/build/tool_tracker/prefix_override:/usr/lib/python3/dist-packages/colcon_core/task/python/colcon_distutils_commands:/home/zuhurouf/ros2_ws/tool_tracker/install/tool_tracker/lib/python3.10/site-packages:${PYTHONPATH} /usr/bin/python3 -W ignore:setup.py install is deprecated -W ignore:easy_install command is deprecated setup.py develop --editable --build-directory /home/zuhurouf/ros2_ws/tool_tracker/build/tool_tracker/build --no-deps symlink_data
[3.843s] Level 1:colcon.colcon_core.shell:create_environment_hook('tool_tracker', 'pythonpath_develop')
[3.843s] INFO:colcon.colcon_core.shell:Creating environment hook '/home/zuhurouf/ros2_ws/tool_tracker/build/tool_tracker/share/tool_tracker/hook/pythonpath_develop.ps1'
[3.844s] DEBUG:colcon.colcon_core.event_handler.log_command:Invoked command in '/home/zuhurouf/ros2_ws/tool_tracker/build/tool_tracker' returned '0': CMAKE_PREFIX_PATH=/home/zuhurouf/ros2_ws/tool_tracker/install/zed_description:/home/zuhurouf/ros2_ws/tool_tracker/install/open_manipulator_x_description:/home/zuhurouf/ros2_ws/tool_tracker/install/open_manipulator:/home/zuhurouf/ros2_ws/tool_tracker/install/open_manipulator_x_teleop:/home/zuhurouf/ros2_ws/tool_tracker/install/open_manipulator_x_playground:/home/zuhurouf/ros2_ws/tool_tracker/install/open_manipulator_x_moveit_config:/home/zuhurouf/ros2_ws/tool_tracker/install/open_manipulator_x_gui:/home/zuhurouf/ros2_ws/tool_tracker/install/open_manipulator_x_bringup PYTHONPATH=/home/zuhurouf/ros2_ws/tool_tracker/build/tool_tracker/prefix_override:/usr/lib/python3/dist-packages/colcon_core/task/python/colcon_distutils_commands:/home/zuhurouf/ros2_ws/tool_tracker/install/tool_tracker/lib/python3.10/site-packages:${PYTHONPATH} /usr/bin/python3 -W ignore:setup.py install is deprecated -W ignore:easy_install command is deprecated setup.py develop --editable --build-directory /home/zuhurouf/ros2_ws/tool_tracker/build/tool_tracker/build --no-deps symlink_data
[3.844s] INFO:colcon.colcon_core.shell:Creating environment descriptor '/home/zuhurouf/ros2_ws/tool_tracker/build/tool_tracker/share/tool_tracker/hook/pythonpath_develop.dsv'
[3.845s] INFO:colcon.colcon_core.shell:Creating environment hook '/home/zuhurouf/ros2_ws/tool_tracker/build/tool_tracker/share/tool_tracker/hook/pythonpath_develop.sh'
[3.846s] Level 1:colcon.colcon_core.environment:checking '/home/zuhurouf/ros2_ws/tool_tracker/install/tool_tracker' for CMake module files
[3.847s] Level 1:colcon.colcon_core.environment:checking '/home/zuhurouf/ros2_ws/tool_tracker/install/tool_tracker' for CMake config files
[3.851s] Level 1:colcon.colcon_core.environment:checking '/home/zuhurouf/ros2_ws/tool_tracker/install/tool_tracker/lib'
[3.851s] Level 1:colcon.colcon_core.environment:checking '/home/zuhurouf/ros2_ws/tool_tracker/install/tool_tracker/bin'
[3.852s] Level 1:colcon.colcon_core.environment:checking '/home/zuhurouf/ros2_ws/tool_tracker/install/tool_tracker/lib/pkgconfig/tool_tracker.pc'
[3.853s] Level 1:colcon.colcon_core.environment:checking '/home/zuhurouf/ros2_ws/tool_tracker/install/tool_tracker/lib/python3.10/site-packages'
[3.853s] Level 1:colcon.colcon_core.shell:create_environment_hook('tool_tracker', 'pythonpath')
[3.853s] INFO:colcon.colcon_core.shell:Creating environment hook '/home/zuhurouf/ros2_ws/tool_tracker/install/tool_tracker/share/tool_tracker/hook/pythonpath.ps1'
[3.854s] INFO:colcon.colcon_core.shell:Creating environment descriptor '/home/zuhurouf/ros2_ws/tool_tracker/install/tool_tracker/share/tool_tracker/hook/pythonpath.dsv'
[3.854s] INFO:colcon.colcon_core.shell:Creating environment hook '/home/zuhurouf/ros2_ws/tool_tracker/install/tool_tracker/share/tool_tracker/hook/pythonpath.sh'
[3.856s] Level 1:colcon.colcon_core.environment:checking '/home/zuhurouf/ros2_ws/tool_tracker/install/tool_tracker/bin'
[3.856s] Level 1:colcon.colcon_core.environment:create_environment_scripts_only(tool_tracker)
[3.856s] INFO:colcon.colcon_core.shell:Creating package script '/home/zuhurouf/ros2_ws/tool_tracker/install/tool_tracker/share/tool_tracker/package.ps1'
[3.858s] INFO:colcon.colcon_core.shell:Creating package descriptor '/home/zuhurouf/ros2_ws/tool_tracker/install/tool_tracker/share/tool_tracker/package.dsv'
[3.858s] INFO:colcon.colcon_core.shell:Creating package script '/home/zuhurouf/ros2_ws/tool_tracker/install/tool_tracker/share/tool_tracker/package.sh'
[3.859s] INFO:colcon.colcon_core.shell:Creating package script '/home/zuhurouf/ros2_ws/tool_tracker/install/tool_tracker/share/tool_tracker/package.bash'
[3.859s] INFO:colcon.colcon_core.shell:Creating package script '/home/zuhurouf/ros2_ws/tool_tracker/install/tool_tracker/share/tool_tracker/package.zsh'
[3.859s] Level 1:colcon.colcon_core.environment:create_file_with_runtime_dependencies(/home/zuhurouf/ros2_ws/tool_tracker/install/tool_tracker/share/colcon-core/packages/tool_tracker)
[4.477s] DEBUG:colcon.colcon_core.event_handler.log_command:Invoked command in '/home/zuhurouf/ros2_ws/tool_tracker/build/open_manipulator_x_teleop' returned '0': CMAKE_PREFIX_PATH=/home/zuhurouf/ros2_ws/tool_tracker/install/open_manipulator_x_moveit_config:/home/zuhurouf/ros2_ws/tool_tracker/install/open_manipulator_x_bringup:/home/zuhurouf/ros2_ws/tool_tracker/install/open_manipulator_x_description:/home/zuhurouf/ros2_ws/tool_tracker/install/zed_description:/home/zuhurouf/ros2_ws/tool_tracker/install/open_manipulator:/home/zuhurouf/ros2_ws/tool_tracker/install/open_manipulator_x_teleop:/home/zuhurouf/ros2_ws/tool_tracker/install/open_manipulator_x_playground:/home/zuhurouf/ros2_ws/tool_tracker/install/open_manipulator_x_gui:/home/zuhurouf/ros2_ws/tool_tracker/install/tool_tracker:/opt/ros/humble /usr/bin/cmake /home/zuhurouf/ros2_ws/tool_tracker/src/external/open_manipulator/open_manipulator_x_teleop -DAMENT_CMAKE_SYMLINK_INSTALL=1 -DCMAKE_INSTALL_PREFIX=/home/zuhurouf/ros2_ws/tool_tracker/install/open_manipulator_x_teleop
[4.479s] DEBUG:colcon.colcon_core.event_handler.log_command:Invoking command in '/home/zuhurouf/ros2_ws/tool_tracker/build/open_manipulator_x_teleop': CMAKE_PREFIX_PATH=/home/zuhurouf/ros2_ws/tool_tracker/install/open_manipulator_x_moveit_config:/home/zuhurouf/ros2_ws/tool_tracker/install/open_manipulator_x_bringup:/home/zuhurouf/ros2_ws/tool_tracker/install/open_manipulator_x_description:/home/zuhurouf/ros2_ws/tool_tracker/install/zed_description:/home/zuhurouf/ros2_ws/tool_tracker/install/open_manipulator:/home/zuhurouf/ros2_ws/tool_tracker/install/open_manipulator_x_teleop:/home/zuhurouf/ros2_ws/tool_tracker/install/open_manipulator_x_playground:/home/zuhurouf/ros2_ws/tool_tracker/install/open_manipulator_x_gui:/home/zuhurouf/ros2_ws/tool_tracker/install/tool_tracker:/opt/ros/humble /usr/bin/cmake --build /home/zuhurouf/ros2_ws/tool_tracker/build/open_manipulator_x_teleop -- -j12 -l12
[12.795s] DEBUG:colcon.colcon_core.event_handler.log_command:Invoked command in '/home/zuhurouf/ros2_ws/tool_tracker/build/open_manipulator_x_teleop' returned '0': CMAKE_PREFIX_PATH=/home/zuhurouf/ros2_ws/tool_tracker/install/open_manipulator_x_moveit_config:/home/zuhurouf/ros2_ws/tool_tracker/install/open_manipulator_x_bringup:/home/zuhurouf/ros2_ws/tool_tracker/install/open_manipulator_x_description:/home/zuhurouf/ros2_ws/tool_tracker/install/zed_description:/home/zuhurouf/ros2_ws/tool_tracker/install/open_manipulator:/home/zuhurouf/ros2_ws/tool_tracker/install/open_manipulator_x_teleop:/home/zuhurouf/ros2_ws/tool_tracker/install/open_manipulator_x_playground:/home/zuhurouf/ros2_ws/tool_tracker/install/open_manipulator_x_gui:/home/zuhurouf/ros2_ws/tool_tracker/install/tool_tracker:/opt/ros/humble /usr/bin/cmake --build /home/zuhurouf/ros2_ws/tool_tracker/build/open_manipulator_x_teleop -- -j12 -l12
[12.798s] DEBUG:colcon.colcon_core.event_handler.log_command:Invoking command in '/home/zuhurouf/ros2_ws/tool_tracker/build/open_manipulator_x_teleop': CMAKE_PREFIX_PATH=/home/zuhurouf/ros2_ws/tool_tracker/install/open_manipulator_x_moveit_config:/home/zuhurouf/ros2_ws/tool_tracker/install/open_manipulator_x_bringup:/home/zuhurouf/ros2_ws/tool_tracker/install/open_manipulator_x_description:/home/zuhurouf/ros2_ws/tool_tracker/install/zed_description:/home/zuhurouf/ros2_ws/tool_tracker/install/open_manipulator:/home/zuhurouf/ros2_ws/tool_tracker/install/open_manipulator_x_teleop:/home/zuhurouf/ros2_ws/tool_tracker/install/open_manipulator_x_playground:/home/zuhurouf/ros2_ws/tool_tracker/install/open_manipulator_x_gui:/home/zuhurouf/ros2_ws/tool_tracker/install/tool_tracker:/opt/ros/humble /usr/bin/cmake --install /home/zuhurouf/ros2_ws/tool_tracker/build/open_manipulator_x_teleop
[12.977s] Level 1:colcon.colcon_core.environment:create_environment_scripts_only(open_manipulator_x_teleop)
[12.977s] Level 1:colcon.colcon_core.environment:checking '/home/zuhurouf/ros2_ws/tool_tracker/install/open_manipulator_x_teleop' for CMake module files
[12.978s] DEBUG:colcon.colcon_core.event_handler.log_command:Invoked command in '/home/zuhurouf/ros2_ws/tool_tracker/build/open_manipulator_x_teleop' returned '0': CMAKE_PREFIX_PATH=/home/zuhurouf/ros2_ws/tool_tracker/install/open_manipulator_x_moveit_config:/home/zuhurouf/ros2_ws/tool_tracker/install/open_manipulator_x_bringup:/home/zuhurouf/ros2_ws/tool_tracker/install/open_manipulator_x_description:/home/zuhurouf/ros2_ws/tool_tracker/install/zed_description:/home/zuhurouf/ros2_ws/tool_tracker/install/open_manipulator:/home/zuhurouf/ros2_ws/tool_tracker/install/open_manipulator_x_teleop:/home/zuhurouf/ros2_ws/tool_tracker/install/open_manipulator_x_playground:/home/zuhurouf/ros2_ws/tool_tracker/install/open_manipulator_x_gui:/home/zuhurouf/ros2_ws/tool_tracker/install/tool_tracker:/opt/ros/humble /usr/bin/cmake --install /home/zuhurouf/ros2_ws/tool_tracker/build/open_manipulator_x_teleop
[12.979s] Level 1:colcon.colcon_core.environment:checking '/home/zuhurouf/ros2_ws/tool_tracker/install/open_manipulator_x_teleop' for CMake config files
[12.979s] Level 1:colcon.colcon_core.shell:create_environment_hook('open_manipulator_x_teleop', 'cmake_prefix_path')
[12.980s] INFO:colcon.colcon_core.shell:Creating environment hook '/home/zuhurouf/ros2_ws/tool_tracker/install/open_manipulator_x_teleop/share/open_manipulator_x_teleop/hook/cmake_prefix_path.ps1'
[12.981s] INFO:colcon.colcon_core.shell:Creating environment descriptor '/home/zuhurouf/ros2_ws/tool_tracker/install/open_manipulator_x_teleop/share/open_manipulator_x_teleop/hook/cmake_prefix_path.dsv'
[12.981s] INFO:colcon.colcon_core.shell:Creating environment hook '/home/zuhurouf/ros2_ws/tool_tracker/install/open_manipulator_x_teleop/share/open_manipulator_x_teleop/hook/cmake_prefix_path.sh'
[12.982s] Level 1:colcon.colcon_core.environment:checking '/home/zuhurouf/ros2_ws/tool_tracker/install/open_manipulator_x_teleop/lib'
[12.983s] Level 1:colcon.colcon_core.environment:checking '/home/zuhurouf/ros2_ws/tool_tracker/install/open_manipulator_x_teleop/bin'
[12.983s] Level 1:colcon.colcon_core.environment:checking '/home/zuhurouf/ros2_ws/tool_tracker/install/open_manipulator_x_teleop/lib/pkgconfig/open_manipulator_x_teleop.pc'
[12.983s] Level 1:colcon.colcon_core.environment:checking '/home/zuhurouf/ros2_ws/tool_tracker/install/open_manipulator_x_teleop/lib/python3.10/site-packages'
[12.984s] Level 1:colcon.colcon_core.environment:checking '/home/zuhurouf/ros2_ws/tool_tracker/install/open_manipulator_x_teleop/bin'
[12.984s] INFO:colcon.colcon_core.shell:Creating package script '/home/zuhurouf/ros2_ws/tool_tracker/install/open_manipulator_x_teleop/share/open_manipulator_x_teleop/package.ps1'
[12.985s] INFO:colcon.colcon_core.shell:Creating package descriptor '/home/zuhurouf/ros2_ws/tool_tracker/install/open_manipulator_x_teleop/share/open_manipulator_x_teleop/package.dsv'
[12.986s] INFO:colcon.colcon_core.shell:Creating package script '/home/zuhurouf/ros2_ws/tool_tracker/install/open_manipulator_x_teleop/share/open_manipulator_x_teleop/package.sh'
[12.987s] INFO:colcon.colcon_core.shell:Creating package script '/home/zuhurouf/ros2_ws/tool_tracker/install/open_manipulator_x_teleop/share/open_manipulator_x_teleop/package.bash'
[12.987s] INFO:colcon.colcon_core.shell:Creating package script '/home/zuhurouf/ros2_ws/tool_tracker/install/open_manipulator_x_teleop/share/open_manipulator_x_teleop/package.zsh'
[12.988s] Level 1:colcon.colcon_core.environment:create_file_with_runtime_dependencies(/home/zuhurouf/ros2_ws/tool_tracker/install/open_manipulator_x_teleop/share/colcon-core/packages/open_manipulator_x_teleop)
[12.989s] Level 1:colcon.colcon_core.environment:create_environment_scripts_only(open_manipulator_x_teleop)
[12.990s] Level 1:colcon.colcon_core.environment:checking '/home/zuhurouf/ros2_ws/tool_tracker/install/open_manipulator_x_teleop' for CMake module files
[12.990s] Level 1:colcon.colcon_core.environment:checking '/home/zuhurouf/ros2_ws/tool_tracker/install/open_manipulator_x_teleop' for CMake config files
[12.991s] Level 1:colcon.colcon_core.shell:create_environment_hook('open_manipulator_x_teleop', 'cmake_prefix_path')
[12.991s] INFO:colcon.colcon_core.shell:Creating environment hook '/home/zuhurouf/ros2_ws/tool_tracker/install/open_manipulator_x_teleop/share/open_manipulator_x_teleop/hook/cmake_prefix_path.ps1'
[12.992s] INFO:colcon.colcon_core.shell:Creating environment descriptor '/home/zuhurouf/ros2_ws/tool_tracker/install/open_manipulator_x_teleop/share/open_manipulator_x_teleop/hook/cmake_prefix_path.dsv'
[12.993s] INFO:colcon.colcon_core.shell:Creating environment hook '/home/zuhurouf/ros2_ws/tool_tracker/install/open_manipulator_x_teleop/share/open_manipulator_x_teleop/hook/cmake_prefix_path.sh'
[12.994s] Level 1:colcon.colcon_core.environment:checking '/home/zuhurouf/ros2_ws/tool_tracker/install/open_manipulator_x_teleop/lib'
[12.994s] Level 1:colcon.colcon_core.environment:checking '/home/zuhurouf/ros2_ws/tool_tracker/install/open_manipulator_x_teleop/bin'
[12.994s] Level 1:colcon.colcon_core.environment:checking '/home/zuhurouf/ros2_ws/tool_tracker/install/open_manipulator_x_teleop/lib/pkgconfig/open_manipulator_x_teleop.pc'
[12.994s] Level 1:colcon.colcon_core.environment:checking '/home/zuhurouf/ros2_ws/tool_tracker/install/open_manipulator_x_teleop/lib/python3.10/site-packages'
[12.995s] Level 1:colcon.colcon_core.environment:checking '/home/zuhurouf/ros2_ws/tool_tracker/install/open_manipulator_x_teleop/bin'
[12.996s] INFO:colcon.colcon_core.shell:Creating package script '/home/zuhurouf/ros2_ws/tool_tracker/install/open_manipulator_x_teleop/share/open_manipulator_x_teleop/package.ps1'
[12.997s] INFO:colcon.colcon_core.shell:Creating package descriptor '/home/zuhurouf/ros2_ws/tool_tracker/install/open_manipulator_x_teleop/share/open_manipulator_x_teleop/package.dsv'
[12.998s] INFO:colcon.colcon_core.shell:Creating package script '/home/zuhurouf/ros2_ws/tool_tracker/install/open_manipulator_x_teleop/share/open_manipulator_x_teleop/package.sh'
[12.998s] INFO:colcon.colcon_core.shell:Creating package script '/home/zuhurouf/ros2_ws/tool_tracker/install/open_manipulator_x_teleop/share/open_manipulator_x_teleop/package.bash'
[12.999s] INFO:colcon.colcon_core.shell:Creating package script '/home/zuhurouf/ros2_ws/tool_tracker/install/open_manipulator_x_teleop/share/open_manipulator_x_teleop/package.zsh'
[13.000s] Level 1:colcon.colcon_core.environment:create_file_with_runtime_dependencies(/home/zuhurouf/ros2_ws/tool_tracker/install/open_manipulator_x_teleop/share/colcon-core/packages/open_manipulator_x_teleop)
[15.082s] DEBUG:colcon.colcon_core.event_handler.log_command:Invoked command in '/home/zuhurouf/ros2_ws/tool_tracker/build/open_manipulator_x_playground' returned '0': CMAKE_PREFIX_PATH=${CMAKE_PREFIX_PATH}:/home/zuhurouf/ros2_ws/tool_tracker/install/tool_tracker:/opt/ros/humble /usr/bin/cmake --build /home/zuhurouf/ros2_ws/tool_tracker/build/open_manipulator_x_playground -- -j12 -l12
[15.084s] DEBUG:colcon.colcon_core.event_handler.log_command:Invoking command in '/home/zuhurouf/ros2_ws/tool_tracker/build/open_manipulator_x_playground': CMAKE_PREFIX_PATH=${CMAKE_PREFIX_PATH}:/home/zuhurouf/ros2_ws/tool_tracker/install/tool_tracker:/opt/ros/humble /usr/bin/cmake --install /home/zuhurouf/ros2_ws/tool_tracker/build/open_manipulator_x_playground
[15.258s] Level 1:colcon.colcon_core.environment:create_environment_scripts_only(open_manipulator_x_playground)
[15.259s] Level 1:colcon.colcon_core.environment:checking '/home/zuhurouf/ros2_ws/tool_tracker/install/open_manipulator_x_playground' for CMake module files
[15.259s] DEBUG:colcon.colcon_core.event_handler.log_command:Invoked command in '/home/zuhurouf/ros2_ws/tool_tracker/build/open_manipulator_x_playground' returned '0': CMAKE_PREFIX_PATH=${CMAKE_PREFIX_PATH}:/home/zuhurouf/ros2_ws/tool_tracker/install/tool_tracker:/opt/ros/humble /usr/bin/cmake --install /home/zuhurouf/ros2_ws/tool_tracker/build/open_manipulator_x_playground
[15.260s] Level 1:colcon.colcon_core.environment:checking '/home/zuhurouf/ros2_ws/tool_tracker/install/open_manipulator_x_playground' for CMake config files
[15.260s] Level 1:colcon.colcon_core.shell:create_environment_hook('open_manipulator_x_playground', 'cmake_prefix_path')
[15.261s] INFO:colcon.colcon_core.shell:Creating environment hook '/home/zuhurouf/ros2_ws/tool_tracker/install/open_manipulator_x_playground/share/open_manipulator_x_playground/hook/cmake_prefix_path.ps1'
[15.262s] INFO:colcon.colcon_core.shell:Creating environment descriptor '/home/zuhurouf/ros2_ws/tool_tracker/install/open_manipulator_x_playground/share/open_manipulator_x_playground/hook/cmake_prefix_path.dsv'
[15.262s] INFO:colcon.colcon_core.shell:Creating environment hook '/home/zuhurouf/ros2_ws/tool_tracker/install/open_manipulator_x_playground/share/open_manipulator_x_playground/hook/cmake_prefix_path.sh'
[15.263s] Level 1:colcon.colcon_core.environment:checking '/home/zuhurouf/ros2_ws/tool_tracker/install/open_manipulator_x_playground/lib'
[15.264s] Level 1:colcon.colcon_core.environment:checking '/home/zuhurouf/ros2_ws/tool_tracker/install/open_manipulator_x_playground/bin'
[15.264s] Level 1:colcon.colcon_core.environment:checking '/home/zuhurouf/ros2_ws/tool_tracker/install/open_manipulator_x_playground/lib/pkgconfig/open_manipulator_x_playground.pc'
[15.264s] Level 1:colcon.colcon_core.environment:checking '/home/zuhurouf/ros2_ws/tool_tracker/install/open_manipulator_x_playground/lib/python3.10/site-packages'
[15.265s] Level 1:colcon.colcon_core.environment:checking '/home/zuhurouf/ros2_ws/tool_tracker/install/open_manipulator_x_playground/bin'
[15.265s] INFO:colcon.colcon_core.shell:Creating package script '/home/zuhurouf/ros2_ws/tool_tracker/install/open_manipulator_x_playground/share/open_manipulator_x_playground/package.ps1'
[15.266s] INFO:colcon.colcon_core.shell:Creating package descriptor '/home/zuhurouf/ros2_ws/tool_tracker/install/open_manipulator_x_playground/share/open_manipulator_x_playground/package.dsv'
[15.267s] INFO:colcon.colcon_core.shell:Creating package script '/home/zuhurouf/ros2_ws/tool_tracker/install/open_manipulator_x_playground/share/open_manipulator_x_playground/package.sh'
[15.268s] INFO:colcon.colcon_core.shell:Creating package script '/home/zuhurouf/ros2_ws/tool_tracker/install/open_manipulator_x_playground/share/open_manipulator_x_playground/package.bash'
[15.268s] INFO:colcon.colcon_core.shell:Creating package script '/home/zuhurouf/ros2_ws/tool_tracker/install/open_manipulator_x_playground/share/open_manipulator_x_playground/package.zsh'
[15.269s] Level 1:colcon.colcon_core.environment:create_file_with_runtime_dependencies(/home/zuhurouf/ros2_ws/tool_tracker/install/open_manipulator_x_playground/share/colcon-core/packages/open_manipulator_x_playground)
[15.270s] Level 1:colcon.colcon_core.environment:create_environment_scripts_only(open_manipulator_x_playground)
[15.270s] Level 1:colcon.colcon_core.environment:checking '/home/zuhurouf/ros2_ws/tool_tracker/install/open_manipulator_x_playground' for CMake module files
[15.271s] Level 1:colcon.colcon_core.environment:checking '/home/zuhurouf/ros2_ws/tool_tracker/install/open_manipulator_x_playground' for CMake config files
[15.271s] Level 1:colcon.colcon_core.shell:create_environment_hook('open_manipulator_x_playground', 'cmake_prefix_path')
[15.272s] INFO:colcon.colcon_core.shell:Creating environment hook '/home/zuhurouf/ros2_ws/tool_tracker/install/open_manipulator_x_playground/share/open_manipulator_x_playground/hook/cmake_prefix_path.ps1'
[15.273s] INFO:colcon.colcon_core.shell:Creating environment descriptor '/home/zuhurouf/ros2_ws/tool_tracker/install/open_manipulator_x_playground/share/open_manipulator_x_playground/hook/cmake_prefix_path.dsv'
[15.273s] INFO:colcon.colcon_core.shell:Creating environment hook '/home/zuhurouf/ros2_ws/tool_tracker/install/open_manipulator_x_playground/share/open_manipulator_x_playground/hook/cmake_prefix_path.sh'
[15.274s] Level 1:colcon.colcon_core.environment:checking '/home/zuhurouf/ros2_ws/tool_tracker/install/open_manipulator_x_playground/lib'
[15.274s] Level 1:colcon.colcon_core.environment:checking '/home/zuhurouf/ros2_ws/tool_tracker/install/open_manipulator_x_playground/bin'
[15.274s] Level 1:colcon.colcon_core.environment:checking '/home/zuhurouf/ros2_ws/tool_tracker/install/open_manipulator_x_playground/lib/pkgconfig/open_manipulator_x_playground.pc'
[15.275s] Level 1:colcon.colcon_core.environment:checking '/home/zuhurouf/ros2_ws/tool_tracker/install/open_manipulator_x_playground/lib/python3.10/site-packages'
[15.275s] Level 1:colcon.colcon_core.environment:checking '/home/zuhurouf/ros2_ws/tool_tracker/install/open_manipulator_x_playground/bin'
[15.276s] INFO:colcon.colcon_core.shell:Creating package script '/home/zuhurouf/ros2_ws/tool_tracker/install/open_manipulator_x_playground/share/open_manipulator_x_playground/package.ps1'
[15.277s] INFO:colcon.colcon_core.shell:Creating package descriptor '/home/zuhurouf/ros2_ws/tool_tracker/install/open_manipulator_x_playground/share/open_manipulator_x_playground/package.dsv'
[15.278s] INFO:colcon.colcon_core.shell:Creating package script '/home/zuhurouf/ros2_ws/tool_tracker/install/open_manipulator_x_playground/share/open_manipulator_x_playground/package.sh'
[15.279s] INFO:colcon.colcon_core.shell:Creating package script '/home/zuhurouf/ros2_ws/tool_tracker/install/open_manipulator_x_playground/share/open_manipulator_x_playground/package.bash'
[15.280s] INFO:colcon.colcon_core.shell:Creating package script '/home/zuhurouf/ros2_ws/tool_tracker/install/open_manipulator_x_playground/share/open_manipulator_x_playground/package.zsh'
[15.280s] Level 1:colcon.colcon_core.environment:create_file_with_runtime_dependencies(/home/zuhurouf/ros2_ws/tool_tracker/install/open_manipulator_x_playground/share/colcon-core/packages/open_manipulator_x_playground)
[18.200s] DEBUG:colcon.colcon_core.event_handler.log_command:Invoked command in '/home/zuhurouf/ros2_ws/tool_tracker/build/open_manipulator_x_gui' returned '0': CMAKE_PREFIX_PATH=${CMAKE_PREFIX_PATH}:/home/zuhurouf/ros2_ws/tool_tracker/install/tool_tracker:/opt/ros/humble /usr/bin/cmake --build /home/zuhurouf/ros2_ws/tool_tracker/build/open_manipulator_x_gui -- -j12 -l12
[18.201s] DEBUG:colcon.colcon_core.event_handler.log_command:Invoking command in '/home/zuhurouf/ros2_ws/tool_tracker/build/open_manipulator_x_gui': CMAKE_PREFIX_PATH=${CMAKE_PREFIX_PATH}:/home/zuhurouf/ros2_ws/tool_tracker/install/tool_tracker:/opt/ros/humble /usr/bin/cmake --install /home/zuhurouf/ros2_ws/tool_tracker/build/open_manipulator_x_gui
[18.376s] Level 1:colcon.colcon_core.environment:create_environment_scripts_only(open_manipulator_x_gui)
[18.376s] Level 1:colcon.colcon_core.environment:checking '/home/zuhurouf/ros2_ws/tool_tracker/install/open_manipulator_x_gui' for CMake module files
[18.376s] DEBUG:colcon.colcon_core.event_handler.log_command:Invoked command in '/home/zuhurouf/ros2_ws/tool_tracker/build/open_manipulator_x_gui' returned '0': CMAKE_PREFIX_PATH=${CMAKE_PREFIX_PATH}:/home/zuhurouf/ros2_ws/tool_tracker/install/tool_tracker:/opt/ros/humble /usr/bin/cmake --install /home/zuhurouf/ros2_ws/tool_tracker/build/open_manipulator_x_gui
[18.377s] Level 1:colcon.colcon_core.environment:checking '/home/zuhurouf/ros2_ws/tool_tracker/install/open_manipulator_x_gui' for CMake config files
[18.377s] Level 1:colcon.colcon_core.shell:create_environment_hook('open_manipulator_x_gui', 'cmake_prefix_path')
[18.377s] INFO:colcon.colcon_core.shell:Creating environment hook '/home/zuhurouf/ros2_ws/tool_tracker/install/open_manipulator_x_gui/share/open_manipulator_x_gui/hook/cmake_prefix_path.ps1'
[18.377s] INFO:colcon.colcon_core.shell:Creating environment descriptor '/home/zuhurouf/ros2_ws/tool_tracker/install/open_manipulator_x_gui/share/open_manipulator_x_gui/hook/cmake_prefix_path.dsv'
[18.378s] INFO:colcon.colcon_core.shell:Creating environment hook '/home/zuhurouf/ros2_ws/tool_tracker/install/open_manipulator_x_gui/share/open_manipulator_x_gui/hook/cmake_prefix_path.sh'
[18.378s] Level 1:colcon.colcon_core.environment:checking '/home/zuhurouf/ros2_ws/tool_tracker/install/open_manipulator_x_gui/lib'
[18.378s] Level 1:colcon.colcon_core.environment:checking '/home/zuhurouf/ros2_ws/tool_tracker/install/open_manipulator_x_gui/bin'
[18.378s] Level 1:colcon.colcon_core.environment:checking '/home/zuhurouf/ros2_ws/tool_tracker/install/open_manipulator_x_gui/lib/pkgconfig/open_manipulator_x_gui.pc'
[18.378s] Level 1:colcon.colcon_core.environment:checking '/home/zuhurouf/ros2_ws/tool_tracker/install/open_manipulator_x_gui/lib/python3.10/site-packages'
[18.379s] Level 1:colcon.colcon_core.environment:checking '/home/zuhurouf/ros2_ws/tool_tracker/install/open_manipulator_x_gui/bin'
[18.379s] INFO:colcon.colcon_core.shell:Creating package script '/home/zuhurouf/ros2_ws/tool_tracker/install/open_manipulator_x_gui/share/open_manipulator_x_gui/package.ps1'
[18.379s] INFO:colcon.colcon_core.shell:Creating package descriptor '/home/zuhurouf/ros2_ws/tool_tracker/install/open_manipulator_x_gui/share/open_manipulator_x_gui/package.dsv'
[18.379s] INFO:colcon.colcon_core.shell:Creating package script '/home/zuhurouf/ros2_ws/tool_tracker/install/open_manipulator_x_gui/share/open_manipulator_x_gui/package.sh'
[18.380s] INFO:colcon.colcon_core.shell:Creating package script '/home/zuhurouf/ros2_ws/tool_tracker/install/open_manipulator_x_gui/share/open_manipulator_x_gui/package.bash'
[18.380s] INFO:colcon.colcon_core.shell:Creating package script '/home/zuhurouf/ros2_ws/tool_tracker/install/open_manipulator_x_gui/share/open_manipulator_x_gui/package.zsh'
[18.380s] Level 1:colcon.colcon_core.environment:create_file_with_runtime_dependencies(/home/zuhurouf/ros2_ws/tool_tracker/install/open_manipulator_x_gui/share/colcon-core/packages/open_manipulator_x_gui)
[18.381s] Level 1:colcon.colcon_core.environment:create_environment_scripts_only(open_manipulator_x_gui)
[18.381s] Level 1:colcon.colcon_core.environment:checking '/home/zuhurouf/ros2_ws/tool_tracker/install/open_manipulator_x_gui' for CMake module files
[18.381s] Level 1:colcon.colcon_core.environment:checking '/home/zuhurouf/ros2_ws/tool_tracker/install/open_manipulator_x_gui' for CMake config files
[18.381s] Level 1:colcon.colcon_core.shell:create_environment_hook('open_manipulator_x_gui', 'cmake_prefix_path')
[18.381s] INFO:colcon.colcon_core.shell:Creating environment hook '/home/zuhurouf/ros2_ws/tool_tracker/install/open_manipulator_x_gui/share/open_manipulator_x_gui/hook/cmake_prefix_path.ps1'
[18.382s] INFO:colcon.colcon_core.shell:Creating environment descriptor '/home/zuhurouf/ros2_ws/tool_tracker/install/open_manipulator_x_gui/share/open_manipulator_x_gui/hook/cmake_prefix_path.dsv'
[18.382s] INFO:colcon.colcon_core.shell:Creating environment hook '/home/zuhurouf/ros2_ws/tool_tracker/install/open_manipulator_x_gui/share/open_manipulator_x_gui/hook/cmake_prefix_path.sh'
[18.382s] Level 1:colcon.colcon_core.environment:checking '/home/zuhurouf/ros2_ws/tool_tracker/install/open_manipulator_x_gui/lib'
[18.382s] Level 1:colcon.colcon_core.environment:checking '/home/zuhurouf/ros2_ws/tool_tracker/install/open_manipulator_x_gui/bin'
[18.382s] Level 1:colcon.colcon_core.environment:checking '/home/zuhurouf/ros2_ws/tool_tracker/install/open_manipulator_x_gui/lib/pkgconfig/open_manipulator_x_gui.pc'
[18.383s] Level 1:colcon.colcon_core.environment:checking '/home/zuhurouf/ros2_ws/tool_tracker/install/open_manipulator_x_gui/lib/python3.10/site-packages'
[18.383s] Level 1:colcon.colcon_core.environment:checking '/home/zuhurouf/ros2_ws/tool_tracker/install/open_manipulator_x_gui/bin'
[18.383s] INFO:colcon.colcon_core.shell:Creating package script '/home/zuhurouf/ros2_ws/tool_tracker/install/open_manipulator_x_gui/share/open_manipulator_x_gui/package.ps1'
[18.384s] INFO:colcon.colcon_core.shell:Creating package descriptor '/home/zuhurouf/ros2_ws/tool_tracker/install/open_manipulator_x_gui/share/open_manipulator_x_gui/package.dsv'
[18.384s] INFO:colcon.colcon_core.shell:Creating package script '/home/zuhurouf/ros2_ws/tool_tracker/install/open_manipulator_x_gui/share/open_manipulator_x_gui/package.sh'
[18.384s] INFO:colcon.colcon_core.shell:Creating package script '/home/zuhurouf/ros2_ws/tool_tracker/install/open_manipulator_x_gui/share/open_manipulator_x_gui/package.bash'
[18.384s] INFO:colcon.colcon_core.shell:Creating package script '/home/zuhurouf/ros2_ws/tool_tracker/install/open_manipulator_x_gui/share/open_manipulator_x_gui/package.zsh'
[18.385s] Level 1:colcon.colcon_core.environment:create_file_with_runtime_dependencies(/home/zuhurouf/ros2_ws/tool_tracker/install/open_manipulator_x_gui/share/colcon-core/packages/open_manipulator_x_gui)
[18.385s] INFO:colcon.colcon_ros.task.ament_cmake.build:Building ROS package in '/home/zuhurouf/ros2_ws/tool_tracker/src/external/open_manipulator/open_manipulator' with build type 'ament_cmake'
[18.385s] INFO:colcon.colcon_cmake.task.cmake.build:Building CMake package in '/home/zuhurouf/ros2_ws/tool_tracker/src/external/open_manipulator/open_manipulator'
[18.385s] INFO:colcon.colcon_core.shell:Skip shell extension 'powershell' for command environment: Not usable outside of PowerShell
[18.385s] DEBUG:colcon.colcon_core.shell:Skip shell extension 'dsv' for command environment
[18.396s] DEBUG:colcon.colcon_core.event_handler.log_command:Invoking command in '/home/zuhurouf/ros2_ws/tool_tracker/build/open_manipulator': CMAKE_PREFIX_PATH=/home/zuhurouf/ros2_ws/tool_tracker/install/open_manipulator_x_teleop:/home/zuhurouf/ros2_ws/tool_tracker/install/open_manipulator_x_moveit_config:/home/zuhurouf/ros2_ws/tool_tracker/install/open_manipulator_x_bringup:/home/zuhurouf/ros2_ws/tool_tracker/install/open_manipulator_x_playground:/home/zuhurouf/ros2_ws/tool_tracker/install/open_manipulator_x_gui:/home/zuhurouf/ros2_ws/tool_tracker/install/open_manipulator_x_description:/home/zuhurouf/ros2_ws/tool_tracker/install/zed_description:/home/zuhurouf/ros2_ws/tool_tracker/install/open_manipulator:/home/zuhurouf/ros2_ws/tool_tracker/install/tool_tracker:/opt/ros/humble /usr/bin/cmake /home/zuhurouf/ros2_ws/tool_tracker/src/external/open_manipulator/open_manipulator -DAMENT_CMAKE_SYMLINK_INSTALL=1 -DCMAKE_INSTALL_PREFIX=/home/zuhurouf/ros2_ws/tool_tracker/install/open_manipulator
[18.892s] DEBUG:colcon.colcon_core.event_handler.log_command:Invoked command in '/home/zuhurouf/ros2_ws/tool_tracker/build/open_manipulator' returned '0': CMAKE_PREFIX_PATH=/home/zuhurouf/ros2_ws/tool_tracker/install/open_manipulator_x_teleop:/home/zuhurouf/ros2_ws/tool_tracker/install/open_manipulator_x_moveit_config:/home/zuhurouf/ros2_ws/tool_tracker/install/open_manipulator_x_bringup:/home/zuhurouf/ros2_ws/tool_tracker/install/open_manipulator_x_playground:/home/zuhurouf/ros2_ws/tool_tracker/install/open_manipulator_x_gui:/home/zuhurouf/ros2_ws/tool_tracker/install/open_manipulator_x_description:/home/zuhurouf/ros2_ws/tool_tracker/install/zed_description:/home/zuhurouf/ros2_ws/tool_tracker/install/open_manipulator:/home/zuhurouf/ros2_ws/tool_tracker/install/tool_tracker:/opt/ros/humble /usr/bin/cmake /home/zuhurouf/ros2_ws/tool_tracker/src/external/open_manipulator/open_manipulator -DAMENT_CMAKE_SYMLINK_INSTALL=1 -DCMAKE_INSTALL_PREFIX=/home/zuhurouf/ros2_ws/tool_tracker/install/open_manipulator
[18.893s] DEBUG:colcon.colcon_core.event_handler.log_command:Invoking command in '/home/zuhurouf/ros2_ws/tool_tracker/build/open_manipulator': CMAKE_PREFIX_PATH=/home/zuhurouf/ros2_ws/tool_tracker/install/open_manipulator_x_teleop:/home/zuhurouf/ros2_ws/tool_tracker/install/open_manipulator_x_moveit_config:/home/zuhurouf/ros2_ws/tool_tracker/install/open_manipulator_x_bringup:/home/zuhurouf/ros2_ws/tool_tracker/install/open_manipulator_x_playground:/home/zuhurouf/ros2_ws/tool_tracker/install/open_manipulator_x_gui:/home/zuhurouf/ros2_ws/tool_tracker/install/open_manipulator_x_description:/home/zuhurouf/ros2_ws/tool_tracker/install/zed_description:/home/zuhurouf/ros2_ws/tool_tracker/install/open_manipulator:/home/zuhurouf/ros2_ws/tool_tracker/install/tool_tracker:/opt/ros/humble /usr/bin/cmake --build /home/zuhurouf/ros2_ws/tool_tracker/build/open_manipulator -- -j12 -l12
[18.918s] DEBUG:colcon.colcon_core.event_handler.log_command:Invoked command in '/home/zuhurouf/ros2_ws/tool_tracker/build/open_manipulator' returned '0': CMAKE_PREFIX_PATH=/home/zuhurouf/ros2_ws/tool_tracker/install/open_manipulator_x_teleop:/home/zuhurouf/ros2_ws/tool_tracker/install/open_manipulator_x_moveit_config:/home/zuhurouf/ros2_ws/tool_tracker/install/open_manipulator_x_bringup:/home/zuhurouf/ros2_ws/tool_tracker/install/open_manipulator_x_playground:/home/zuhurouf/ros2_ws/tool_tracker/install/open_manipulator_x_gui:/home/zuhurouf/ros2_ws/tool_tracker/install/open_manipulator_x_description:/home/zuhurouf/ros2_ws/tool_tracker/install/zed_description:/home/zuhurouf/ros2_ws/tool_tracker/install/open_manipulator:/home/zuhurouf/ros2_ws/tool_tracker/install/tool_tracker:/opt/ros/humble /usr/bin/cmake --build /home/zuhurouf/ros2_ws/tool_tracker/build/open_manipulator -- -j12 -l12
[18.919s] DEBUG:colcon.colcon_core.event_handler.log_command:Invoking command in '/home/zuhurouf/ros2_ws/tool_tracker/build/open_manipulator': CMAKE_PREFIX_PATH=/home/zuhurouf/ros2_ws/tool_tracker/install/open_manipulator_x_teleop:/home/zuhurouf/ros2_ws/tool_tracker/install/open_manipulator_x_moveit_config:/home/zuhurouf/ros2_ws/tool_tracker/install/open_manipulator_x_bringup:/home/zuhurouf/ros2_ws/tool_tracker/install/open_manipulator_x_playground:/home/zuhurouf/ros2_ws/tool_tracker/install/open_manipulator_x_gui:/home/zuhurouf/ros2_ws/tool_tracker/install/open_manipulator_x_description:/home/zuhurouf/ros2_ws/tool_tracker/install/zed_description:/home/zuhurouf/ros2_ws/tool_tracker/install/open_manipulator:/home/zuhurouf/ros2_ws/tool_tracker/install/tool_tracker:/opt/ros/humble /usr/bin/cmake --install /home/zuhurouf/ros2_ws/tool_tracker/build/open_manipulator
[19.019s] Level 1:colcon.colcon_core.environment:create_environment_scripts_only(open_manipulator)
[19.019s] Level 1:colcon.colcon_core.environment:checking '/home/zuhurouf/ros2_ws/tool_tracker/install/open_manipulator' for CMake module files
[19.020s] DEBUG:colcon.colcon_core.event_handler.log_command:Invoked command in '/home/zuhurouf/ros2_ws/tool_tracker/build/open_manipulator' returned '0': CMAKE_PREFIX_PATH=/home/zuhurouf/ros2_ws/tool_tracker/install/open_manipulator_x_teleop:/home/zuhurouf/ros2_ws/tool_tracker/install/open_manipulator_x_moveit_config:/home/zuhurouf/ros2_ws/tool_tracker/install/open_manipulator_x_bringup:/home/zuhurouf/ros2_ws/tool_tracker/install/open_manipulator_x_playground:/home/zuhurouf/ros2_ws/tool_tracker/install/open_manipulator_x_gui:/home/zuhurouf/ros2_ws/tool_tracker/install/open_manipulator_x_description:/home/zuhurouf/ros2_ws/tool_tracker/install/zed_description:/home/zuhurouf/ros2_ws/tool_tracker/install/open_manipulator:/home/zuhurouf/ros2_ws/tool_tracker/install/tool_tracker:/opt/ros/humble /usr/bin/cmake --install /home/zuhurouf/ros2_ws/tool_tracker/build/open_manipulator
[19.020s] Level 1:colcon.colcon_core.environment:checking '/home/zuhurouf/ros2_ws/tool_tracker/install/open_manipulator' for CMake config files
[19.020s] Level 1:colcon.colcon_core.shell:create_environment_hook('open_manipulator', 'cmake_prefix_path')
[19.020s] INFO:colcon.colcon_core.shell:Creating environment hook '/home/zuhurouf/ros2_ws/tool_tracker/install/open_manipulator/share/open_manipulator/hook/cmake_prefix_path.ps1'
[19.021s] INFO:colcon.colcon_core.shell:Creating environment descriptor '/home/zuhurouf/ros2_ws/tool_tracker/install/open_manipulator/share/open_manipulator/hook/cmake_prefix_path.dsv'
[19.021s] INFO:colcon.colcon_core.shell:Creating environment hook '/home/zuhurouf/ros2_ws/tool_tracker/install/open_manipulator/share/open_manipulator/hook/cmake_prefix_path.sh'
[19.021s] Level 1:colcon.colcon_core.environment:checking '/home/zuhurouf/ros2_ws/tool_tracker/install/open_manipulator/bin'
[19.021s] Level 1:colcon.colcon_core.environment:checking '/home/zuhurouf/ros2_ws/tool_tracker/install/open_manipulator/lib/pkgconfig/open_manipulator.pc'
[19.021s] Level 1:colcon.colcon_core.environment:checking '/home/zuhurouf/ros2_ws/tool_tracker/install/open_manipulator/lib/python3.10/site-packages'
[19.022s] Level 1:colcon.colcon_core.environment:checking '/home/zuhurouf/ros2_ws/tool_tracker/install/open_manipulator/bin'
[19.022s] INFO:colcon.colcon_core.shell:Creating package script '/home/zuhurouf/ros2_ws/tool_tracker/install/open_manipulator/share/open_manipulator/package.ps1'
[19.022s] INFO:colcon.colcon_core.shell:Creating package descriptor '/home/zuhurouf/ros2_ws/tool_tracker/install/open_manipulator/share/open_manipulator/package.dsv'
[19.023s] INFO:colcon.colcon_core.shell:Creating package script '/home/zuhurouf/ros2_ws/tool_tracker/install/open_manipulator/share/open_manipulator/package.sh'
[19.023s] INFO:colcon.colcon_core.shell:Creating package script '/home/zuhurouf/ros2_ws/tool_tracker/install/open_manipulator/share/open_manipulator/package.bash'
[19.023s] INFO:colcon.colcon_core.shell:Creating package script '/home/zuhurouf/ros2_ws/tool_tracker/install/open_manipulator/share/open_manipulator/package.zsh'
[19.023s] Level 1:colcon.colcon_core.environment:create_file_with_runtime_dependencies(/home/zuhurouf/ros2_ws/tool_tracker/install/open_manipulator/share/colcon-core/packages/open_manipulator)
[19.024s] Level 1:colcon.colcon_core.environment:create_environment_scripts_only(open_manipulator)
[19.024s] Level 1:colcon.colcon_core.environment:checking '/home/zuhurouf/ros2_ws/tool_tracker/install/open_manipulator' for CMake module files
[19.024s] Level 1:colcon.colcon_core.environment:checking '/home/zuhurouf/ros2_ws/tool_tracker/install/open_manipulator' for CMake config files
[19.024s] Level 1:colcon.colcon_core.shell:create_environment_hook('open_manipulator', 'cmake_prefix_path')
[19.024s] INFO:colcon.colcon_core.shell:Creating environment hook '/home/zuhurouf/ros2_ws/tool_tracker/install/open_manipulator/share/open_manipulator/hook/cmake_prefix_path.ps1'
[19.025s] INFO:colcon.colcon_core.shell:Creating environment descriptor '/home/zuhurouf/ros2_ws/tool_tracker/install/open_manipulator/share/open_manipulator/hook/cmake_prefix_path.dsv'
[19.025s] INFO:colcon.colcon_core.shell:Creating environment hook '/home/zuhurouf/ros2_ws/tool_tracker/install/open_manipulator/share/open_manipulator/hook/cmake_prefix_path.sh'
[19.025s] Level 1:colcon.colcon_core.environment:checking '/home/zuhurouf/ros2_ws/tool_tracker/install/open_manipulator/bin'
[19.025s] Level 1:colcon.colcon_core.environment:checking '/home/zuhurouf/ros2_ws/tool_tracker/install/open_manipulator/lib/pkgconfig/open_manipulator.pc'
[19.025s] Level 1:colcon.colcon_core.environment:checking '/home/zuhurouf/ros2_ws/tool_tracker/install/open_manipulator/lib/python3.10/site-packages'
[19.026s] Level 1:colcon.colcon_core.environment:checking '/home/zuhurouf/ros2_ws/tool_tracker/install/open_manipulator/bin'
[19.026s] INFO:colcon.colcon_core.shell:Creating package script '/home/zuhurouf/ros2_ws/tool_tracker/install/open_manipulator/share/open_manipulator/package.ps1'
[19.026s] INFO:colcon.colcon_core.shell:Creating package descriptor '/home/zuhurouf/ros2_ws/tool_tracker/install/open_manipulator/share/open_manipulator/package.dsv'
[19.027s] INFO:colcon.colcon_core.shell:Creating package script '/home/zuhurouf/ros2_ws/tool_tracker/install/open_manipulator/share/open_manipulator/package.sh'
[19.027s] INFO:colcon.colcon_core.shell:Creating package script '/home/zuhurouf/ros2_ws/tool_tracker/install/open_manipulator/share/open_manipulator/package.bash'
[19.027s] INFO:colcon.colcon_core.shell:Creating package script '/home/zuhurouf/ros2_ws/tool_tracker/install/open_manipulator/share/open_manipulator/package.zsh'
[19.028s] Level 1:colcon.colcon_core.environment:create_file_with_runtime_dependencies(/home/zuhurouf/ros2_ws/tool_tracker/install/open_manipulator/share/colcon-core/packages/open_manipulator)
[19.028s] DEBUG:colcon.colcon_parallel_executor.executor.parallel:closing loop
[19.028s] DEBUG:colcon.colcon_parallel_executor.executor.parallel:loop closed
[19.028s] DEBUG:colcon.colcon_parallel_executor.executor.parallel:run_until_complete finished with '0'
[19.028s] DEBUG:colcon.colcon_core.event_reactor:joining thread
[19.032s] INFO:colcon.colcon_core.plugin_system:Skipping extension 'colcon_notification.desktop_notification.terminal_notifier': Not used on non-Darwin systems
[19.032s] INFO:colcon.colcon_core.plugin_system:Skipping extension 'colcon_notification.desktop_notification.win32': Not used on non-Windows systems
[19.032s] INFO:colcon.colcon_notification.desktop_notification:Sending desktop notification using 'notify2'
[19.040s] DEBUG:colcon.colcon_core.event_reactor:joined thread
[19.041s] INFO:colcon.colcon_core.shell:Creating prefix script '/home/zuhurouf/ros2_ws/tool_tracker/install/local_setup.ps1'
[19.041s] INFO:colcon.colcon_core.shell:Creating prefix util module '/home/zuhurouf/ros2_ws/tool_tracker/install/_local_setup_util_ps1.py'
[19.042s] INFO:colcon.colcon_core.shell:Creating prefix chain script '/home/zuhurouf/ros2_ws/tool_tracker/install/setup.ps1'
[19.043s] INFO:colcon.colcon_core.shell:Creating prefix script '/home/zuhurouf/ros2_ws/tool_tracker/install/local_setup.sh'
[19.044s] INFO:colcon.colcon_core.shell:Creating prefix util module '/home/zuhurouf/ros2_ws/tool_tracker/install/_local_setup_util_sh.py'
[19.044s] INFO:colcon.colcon_core.shell:Creating prefix chain script '/home/zuhurouf/ros2_ws/tool_tracker/install/setup.sh'
[19.045s] INFO:colcon.colcon_core.shell:Creating prefix script '/home/zuhurouf/ros2_ws/tool_tracker/install/local_setup.bash'
[19.045s] INFO:colcon.colcon_core.shell:Creating prefix chain script '/home/zuhurouf/ros2_ws/tool_tracker/install/setup.bash'
[19.046s] INFO:colcon.colcon_core.shell:Creating prefix script '/home/zuhurouf/ros2_ws/tool_tracker/install/local_setup.zsh'
[19.047s] INFO:colcon.colcon_core.shell:Creating prefix chain script '/home/zuhurouf/ros2_ws/tool_tracker/install/setup.zsh'
